Downloaded from http://www.GuruFocus.com on 2017-01-14 at 16:39(CST), Saturday
Filename: NAS:ACIA.csv
Change log: Jan. 4  2017: Add 'Dividend Yield %' under 'Shiller PE Ratio' in 'Valuation Ratios' section.   Sep. 26  2016: Add 'Scaled Net Operating Assets' under 'Beneish M-Score' in 'Valuation and Quality' section.   Aug. 10  2016: Change 'LT Debt to Total Asset' to 'Total Debt to Total Asset'.   Jul. 29  2016: Add 'Effective Interest Rate on Debt %' below 'Weighted Average Cost Of Capital (WACC) %'.   Jul. 18  2016: Change 'Long-Term Debt' name to 'Long-Term Debt & Capital Lease Obligation'. Add 'Long-Term Debt' above 'Long-Term Debt & Capital Lease Obligation'. Move 'Capital Lease Obligation' in between 'Long-Term Debt' and 'Long-Term Debt & Capital Lease Obligation'.  May. 19  2016: Change 'Gross Margin %' to 'Net Interest Margin (Bank Only) %' for banks and insuance companies.   May. 13  2016: Add 'Current Ratio' below 'Sloan Ratio'. Add 'Quick Ratio' below 'Current Ratio'. Add 'Gross Profit to Total Asset' below 'LT Debt to Total Asset'.  Apr. 15  2016: Add 'Owner Earnings per Share (ttm)' below 'eps without NRI'. Add 'Price to Owner Earnings (ttm)' below 'PE Ratio (ttm)'.   Feb 12  2016: Change 'Filing Date' name to 'Restated Filing Date'. Add new 'Filing Date' above 'Restated Filing Date'. Remove 'Cumulative Effect Of Accounting Change' from Cashflow Statement (under Net Income).   Jan 28  2016: Add 'Total Debt per share' below 'Tangible Book per share'.   Jan 20  2016: Add 'Price-to-Operating-Cash-Flow ratio' below 'Price-to-Free-Cash-Flow ratio'.   Jan 18  2016: Add 'Net-Net Working Capital (per share)' below 'Net Current Asset Value (per share)'.  

NAS:ACIA,Acacia Communications Inc,USA,Technology,Communication Equipment,Communication EquipmentCommunication Equipment
Key Statistics:
"Price ($)","61.15"
"Market Cap ($ Million)","2288.400"
"Shares Outstanding ($ Million)","37.42"
"P/E","9.91"
"P/B","8.32"
"P/S","4.80"

Growth Rates:
"Annual Rates (per share)","10 yrs","5 yrs","12 months"
"Revenue Growth (%)","0.00","0.00","0.00"
"EBITDA  Growth (%)","0.00","0.00","0.00"
"Free Cash Flow Growth (%)","0.00","0.00","0.00"
"Book Value Growth (%)","0.00","0.00","0.00"

20 Year Financials of NAS:ACIA - Acacia Communications Inc10 Year Financials of NAS:ACIA - Acacia Communications Inc

All Numbers are in Millions except per share data and ratios

Annual Data:,,,,,,,,,,,,,,,,,,,,,,,Quarterly Data:
"Fiscal Period","199612","199712","199812","199912","200012","200112","200212","200312","200412","200512","200612","200712","200812","200912","201012","201112","201212","201312","201412","201512","TTM/current",",","199603","199606","199609","199612","199703","199706","199709","199712","199803","199806","199809","199812","199903","199906","199909","199912","200003","200006","200009","200012","200103","200106","200109","200112","200203","200206","200209","200212","200303","200306","200309","200312","200403","200406","200409","200412","200503","200506","200509","200512","200603","200606","200609","200612","200703","200706","200709","200712","200803","200806","200809","200812","200903","200906","200909","200912","201003","201006","201009","201012","201103","201106","201109","201112","201203","201206","201209","201212","201303","201306","201309","201312","201412","201503","201506","201509","201512","201603","201606","201609"
"Revenue per Share","-","-","-","-","-","-","-","-","-","-","-","-","-","-","-","-","-","0.000","0.000","7.303","12.742","","-","-","-","-","-","-","-","-","-","-","-","-","-","-","-","-","-","-","-","-","-","-","-","-","-","-","-","-","-","-","-","-","-","-","-","-","-","-","-","-","-","-","-","-","-","-","-","-","-","-","-","-","-","-","-","-","-","-","-","-","-","-","-","-","-","-","-","-","-","-","-","0.000","0.000","0.000","0.000","0.000","2.094","2.557","4.767","3.324"
"EBITDA per Share","-","-","-","-","-","-","-","-","-","-","-","-","-","-","-","-","-","0.000","0.000","1.421","3.030","","-","-","-","-","-","-","-","-","-","-","-","-","-","-","-","-","-","-","-","-","-","-","-","-","-","-","-","-","-","-","-","-","-","-","-","-","-","-","-","-","-","-","-","-","-","-","-","-","-","-","-","-","-","-","-","-","-","-","-","-","-","-","-","-","-","-","-","-","-","-","-","0.000","0.000","0.000","0.000","0.000","0.474","0.533","1.051","0.972"
"EBIT per Share","-","-","-","-","-","-","-","-","-","-","-","-","-","-","-","-","-","0.000","0.000","1.281","2.781","","-","-","-","-","-","-","-","-","-","-","-","-","-","-","-","-","-","-","-","-","-","-","-","-","-","-","-","-","-","-","-","-","-","-","-","-","-","-","-","-","-","-","-","-","-","-","-","-","-","-","-","-","-","-","-","-","-","-","-","-","-","-","-","-","-","-","-","-","-","-","-","0.000","0.000","0.000","0.000","0.000","0.431","0.482","0.963","0.905"
"Earnings per Share (diluted)","-","-","-","-","-","-","-","-","-","-","-","-","-","-","-","-","-","0.000","0.000","1.300","6.170","","-","-","-","-","-","-","-","-","-","-","-","-","-","-","-","-","-","-","-","-","-","-","-","-","-","-","-","-","-","-","-","-","-","-","-","-","-","-","-","-","-","-","-","-","-","-","-","-","-","-","-","-","-","-","-","-","-","-","-","-","-","-","-","-","-","-","-","-","-","-","-","0.000","0.000","0.000","0.000","0.000","4.450","0.430","0.430","0.860"
"eps without NRI","-","-","-","-","-","-","-","-","-","-","-","-","-","-","-","-","-","0.000","0.000","1.300","6.170","","-","-","-","-","-","-","-","-","-","-","-","-","-","-","-","-","-","-","-","-","-","-","-","-","-","-","-","-","-","-","-","-","-","-","-","-","-","-","-","-","-","-","-","-","-","-","-","-","-","-","-","-","-","-","-","-","-","-","-","-","-","-","-","-","-","-","-","-","-","-","-","0.000","0.000","0.000","0.000","0.000","4.450","0.430","0.430","0.860"
"Owner Earnings per Share (TTM)","-","-","-","-","-","-","-","-","-","-","-","-","-","-","-","-","-","0.000","0.000","0.000","0.000","","-","-","-","-","-","-","-","-","-","-","-","-","-","-","-","-","-","-","-","-","-","-","-","-","-","-","-","-","-","-","-","-","-","-","-","-","-","-","-","-","-","-","-","-","-","-","-","-","-","-","-","-","-","-","-","-","-","-","-","-","-","-","-","-","-","-","-","-","-","-","-","0.000","0.000","0.000","0.000","0.000","0.000","0.000","0.000","0.000"
"Free Cashflow per Share","-","-","-","-","-","-","-","-","-","-","-","-","-","-","-","-","-","0.000","0.000","0.316","2.123","","-","-","-","-","-","-","-","-","-","-","-","-","-","-","-","-","-","-","-","-","-","-","-","-","-","-","-","-","-","-","-","-","-","-","-","-","-","-","-","-","-","-","-","-","-","-","-","-","-","-","-","-","-","-","-","-","-","-","-","-","-","-","-","-","-","-","-","-","-","-","-","0.000","0.000","0.000","0.000","0.000","0.330","0.172","1.198","0.423"
"Dividends per Share","-","-","-","-","-","-","-","-","-","-","-","-","-","-","-","-","-","0.000","0.000","0.000","0.000","","-","-","-","-","-","-","-","-","-","-","-","-","-","-","-","-","-","-","-","-","-","-","-","-","-","-","-","-","-","-","-","-","-","-","-","-","-","-","-","-","-","-","-","-","-","-","-","-","-","-","-","-","-","-","-","-","-","-","-","-","-","-","-","-","-","-","-","-","-","-","-","0.000","0.000","0.000","0.000","0.000","0.000","0.000","0.000","0.000"
"Book Value per Share","-","-","-","-","-","-","-","-","-","-","-","-","-","-","-","-","-","0.000","0.000","0.245","7.349","","-","-","-","-","-","-","-","-","-","-","-","-","-","-","-","-","-","-","-","-","-","-","-","-","-","-","-","-","-","-","-","-","-","-","-","-","-","-","-","-","-","-","-","-","-","-","-","-","-","-","-","-","-","-","-","-","-","-","-","-","-","-","-","-","-","-","-","-","-","-","-","0.000","0.000","0.000","0.000","0.000","0.245","2.715","6.205","7.349"
"Tangible Book per Share","-","-","-","-","-","-","-","-","-","-","-","-","-","-","-","-","-","0.000","0.000","0.245","7.349","","-","-","-","-","-","-","-","-","-","-","-","-","-","-","-","-","-","-","-","-","-","-","-","-","-","-","-","-","-","-","-","-","-","-","-","-","-","-","-","-","-","-","-","-","-","-","-","-","-","-","-","-","-","-","-","-","-","-","-","-","-","-","-","-","-","-","-","-","-","-","-","0.000","0.000","0.000","0.000","0.000","0.245","2.715","6.205","7.349"
"Total Debt per Share","-","-","-","-","-","-","-","-","-","-","-","-","-","-","-","-","-","0.000","0.000","0.000","0.000","","-","-","-","-","-","-","-","-","-","-","-","-","-","-","-","-","-","-","-","-","-","-","-","-","-","-","-","-","-","-","-","-","-","-","-","-","-","-","-","-","-","-","-","-","-","-","-","-","-","-","-","-","-","-","-","-","-","-","-","-","-","-","-","-","-","-","-","-","-","-","-","0.000","0.000","0.000","0.000","0.000","0.000","0.000","0.000","0.000"
"Month End Stock Price","-","-","-","-","-","-","-","-","-","-","-","-","-","-","-","-","-","0.000","0.000","0.000","61.150","","-","-","-","-","-","-","-","-","-","-","-","-","-","-","-","-","-","-","-","-","-","-","-","-","-","-","-","-","-","-","-","-","-","-","-","-","-","-","-","-","-","-","-","-","-","-","-","-","-","-","-","-","-","-","-","-","-","-","-","-","-","-","-","-","-","-","-","-","-","-","-","0.000","0.000","0.000","0.000","0.000","0.000","0.000","39.940","103.280"
"Return on Equity %","","","","","","","","","","","","","","","","","","0.000","0.000","0.000","86.450","","-","-","-","-","-","-","-","-","-","-","-","-","-","-","-","-","-","-","-","-","-","-","-","-","-","-","-","-","-","-","-","-","-","-","-","-","-","-","-","-","-","-","-","-","-","-","-","-","-","-","-","-","-","-","-","-","-","-","-","-","-","-","-","-","-","-","-","-","-","-","-","0.000","0.000","0.000","0.000","0.000","0.000","109.520","26.430","57.690"
"Return on Assets %","-","-","-","-","-","-","-","-","-","-","-","-","-","-","-","-","-","-2.220","22.650","41.260","42.820","","-","-","-","-","-","-","-","-","-","-","-","-","-","-","-","-","-","-","-","-","-","-","-","-","-","-","-","-","-","-","-","-","-","-","-","-","-","-","-","-","-","-","-","-","-","-","-","-","-","-","-","-","-","-","-","-","-","-","-","-","-","-","-","-","-","-","-","-","-","-","-","0.000","31.120","52.840","0.000","65.750","76.000","39.990","30.770","43.060"
"Return on Capital  - Joel Greenblatt %","-","-","-","-","-","-","-","-","-","-","-","-","-","-","-","-","-","-3.620","113.080","133.770","175.520","","-","-","-","-","-","-","-","-","-","-","-","-","-","-","-","-","-","-","-","-","-","-","-","-","-","-","-","-","-","-","-","-","-","-","-","-","-","-","-","-","-","-","-","-","-","-","-","-","-","-","-","-","-","-","-","-","-","-","-","-","-","-","-","-","-","-","-","-","-","-","-","0.000","136.860","273.560","0.000","248.450","134.270","132.910","180.930","243.840"
"Return on Invested Capital %","","","","","","","","","","","","","","","","","","0.000","0.000","0.000","287.910","","-","-","-","-","-","-","-","-","-","-","-","-","-","-","-","-","-","-","-","-","-","-","-","-","-","-","-","-","-","-","-","-","-","-","-","-","-","-","-","-","-","-","-","-","-","-","-","-","-","-","-","-","-","-","-","-","-","-","-","-","-","-","-","-","-","-","-","-","-","-","-","0.000","0.000","0.000","0.000","0.000","0.000","259.620","132.090","186.220"
"Weighted Average Cost Of Capital (WACC) %","-","-","-","-","-","-","-","-","-","-","-","-","-","-","-","-","-","0.000","0.000","0.000","0.000","","-","-","-","-","-","-","-","-","-","-","-","-","-","-","-","-","-","-","-","-","-","-","-","-","-","-","-","-","-","-","-","-","-","-","-","-","-","-","-","-","-","-","-","-","-","-","-","-","-","-","-","-","-","-","-","-","-","-","-","-","-","-","-","-","-","-","-","-","-","-","-","0.000","0.000","0.000","0.000","0.000","0.000","0.000","0.000","0.000"
"Effective Interest Rate on Debt %","-","-","-","-","-","-","-","-","-","-","-","-","-","-","-","-","-","6.330","7.590","12.770","52.630","","-","-","-","-","-","-","-","-","-","-","-","-","-","-","-","-","-","-","-","-","-","-","-","-","-","-","-","-","-","-","-","-","-","-","-","-","-","-","-","-","-","-","-","-","-","-","-","-","-","-","-","-","-","-","-","-","-","-","-","-","-","-","-","-","-","-","-","-","-","-","-","0.000","28.750","18.160","0.000","84.210","0.000","0.000","0.000","0.000"
"Gross Margin %","-","-","-","-","-","-","-","-","-","-","-","-","-","-","-","-","-","38.210","36.020","39.200","45.520","","-","-","-","-","-","-","-","-","-","-","-","-","-","-","-","-","-","-","-","-","-","-","-","-","-","-","-","-","-","-","-","-","-","-","-","-","-","-","-","-","-","-","-","-","-","-","-","-","-","-","-","-","-","-","-","-","-","-","-","-","-","-","-","-","-","-","-","-","-","-","-","38.200","34.940","35.150","35.270","38.540","45.930","41.910","46.430","46.780"
"Operating Margin %","-","-","-","-","-","-","-","-","-","-","-","-","-","-","-","-","-","-0.540","11.950","17.540","22.330","","-","-","-","-","-","-","-","-","-","-","-","-","-","-","-","-","-","-","-","-","-","-","-","-","-","-","-","-","-","-","-","-","-","-","-","-","-","-","-","-","-","-","-","-","-","-","-","-","-","-","-","-","-","-","-","-","-","-","-","-","-","-","-","-","-","-","-","-","-","-","-","-0.280","8.020","13.920","14.960","19.260","20.580","18.860","20.190","27.230"
"Net Margin %","-","-","-","-","-","-","-","-","-","-","-","-","-","-","-","-","-","-1.540","9.250","16.950","22.180","","-","-","-","-","-","-","-","-","-","-","-","-","-","-","-","-","-","-","-","-","-","-","-","-","-","-","-","-","-","-","-","-","-","-","-","-","-","-","-","-","-","-","-","-","-","-","-","-","-","-","-","-","-","-","-","-","-","-","-","-","-","-","-","-","-","-","-","-","-","-","-","-0.850","6.230","9.180","8.140","13.510","33.020","17.280","15.150","25.780"
"FCF Margin %","-","-","-","-","-","-","-","-","-","-","-","-","-","-","-","-","-","-5.130","4.740","4.330","15.550","","-","-","-","-","-","-","-","-","-","-","-","-","-","-","-","-","-","-","-","-","-","-","-","-","-","-","-","-","-","-","-","-","-","-","-","-","-","-","-","-","-","-","-","-","-","-","-","-","-","-","-","-","-","-","-","-","-","-","-","-","-","-","-","-","-","-","-","-","-","-","-","12.300","15.730","-11.200","3.920","3.900","15.770","6.720","25.140","12.720"
"Debt to Equity","-","-","-","-","-","-","-","-","-","-","-","-","-","-","-","-","-","-0.210","-0.072","0.000","0.000","","-","-","-","-","-","-","-","-","-","-","-","-","-","-","-","-","-","-","-","-","-","-","-","-","-","-","-","-","-","-","-","-","-","-","-","-","-","-","-","-","-","-","-","-","-","-","-","-","-","-","-","-","-","-","-","-","-","-","-","-","-","-","-","-","-","-","-","-","-","-","-","9,999.000","-0.072","9,999.000","9,999.000","-0.004","0.000","0.000","0.000","0.000"
"Total Equity to Total Asset","-","-","-","-","-","-","-","-","-","-","-","-","-","-","-","-","-","-0.722","-0.444","0.061","0.746","","-","-","-","-","-","-","-","-","-","-","-","-","-","-","-","-","-","-","-","-","-","-","-","-","-","-","-","-","-","-","-","-","-","-","-","-","-","-","-","-","-","-","-","-","-","-","-","-","-","-","-","-","-","-","-","-","-","-","-","-","-","-","-","-","-","-","-","-","-","-","-","0.000","-0.444","0.000","0.000","-0.129","0.061","0.600","0.747","0.746"
"Total Debt to Total Asset","-","-","-","-","-","-","-","-","-","-","-","-","-","-","-","-","-","0.152","0.032","0.000","0.000","","-","-","-","-","-","-","-","-","-","-","-","-","-","-","-","-","-","-","-","-","-","-","-","-","-","-","-","-","-","-","-","-","-","-","-","-","-","-","-","-","-","-","-","-","-","-","-","-","-","-","-","-","-","-","-","-","-","-","-","-","-","-","-","-","-","-","-","-","-","-","-","0.000","0.032","0.000","0.000","0.001","0.000","0.000","0.000","0.000"
"Gross Profit to Total Asset %","-","-","-","-","-","-","-","-","-","-","-","-","-","-","-","-","-","55.240","88.260","95.420","87.880","","-","-","-","-","-","-","-","-","-","-","-","-","-","-","-","-","-","-","-","-","-","-","-","-","-","-","-","-","-","-","-","-","-","-","-","-","-","-","-","-","-","-","-","-","-","-","-","-","-","-","-","-","-","-","-","-","-","-","-","-","-","-","-","-","-","-","-","-","-","-","-","0.000","174.570","202.300","0.000","187.530","105.710","97.000","94.340","78.130"
"Asset Turnover","-","-","-","-","-","-","-","-","-","-","-","-","-","-","-","-","-","1.446","2.450","2.434","1.930","","-","-","-","-","-","-","-","-","-","-","-","-","-","-","-","-","-","-","-","-","-","-","-","-","-","-","-","-","-","-","-","-","-","-","-","-","-","-","-","-","-","-","-","-","-","-","-","-","-","-","-","-","-","-","-","-","-","-","-","-","-","-","-","-","-","-","-","-","-","-","-","0.000","1.249","1.439","0.000","1.217","0.575","0.579","0.508","0.418"
"Dividend Payout Ratio","-","-","-","-","-","-","-","-","-","-","-","-","-","-","-","-","-","0.000","0.000","0.000","0.000","","-","-","-","-","-","-","-","-","-","-","-","-","-","-","-","-","-","-","-","-","-","-","-","-","-","-","-","-","-","-","-","-","-","-","-","-","-","-","-","-","-","-","-","-","-","-","-","-","-","-","-","-","-","-","-","-","-","-","-","-","-","-","-","-","-","-","-","-","-","-","-","0.000","0.000","0.000","0.000","0.000","0.000","0.000","0.000","0.000"
"Days Sales Outstanding","-","-","-","-","-","-","-","-","-","-","-","-","-","-","-","-","-","56.880","45.070","63.000","91.810","","-","-","-","-","-","-","-","-","-","-","-","-","-","-","-","-","-","-","-","-","-","-","-","-","-","-","-","-","-","-","-","-","-","-","-","-","-","-","-","-","-","-","-","-","-","-","-","-","-","-","-","-","-","-","-","-","-","-","-","-","-","-","-","-","-","-","-","-","-","-","-","0.000","40.170","0.000","0.000","73.170","54.930","69.270","61.170","68.620"
"Days Accounts Payable","-","-","-","-","-","-","-","-","-","-","-","-","-","-","-","-","-","82.070","49.570","62.820","80.140","","-","-","-","-","-","-","-","-","-","-","-","-","-","-","-","-","-","-","-","-","-","-","-","-","-","-","-","-","-","-","-","-","-","-","-","-","-","-","-","-","-","-","-","-","-","-","-","-","-","-","-","-","-","-","-","-","-","-","-","-","-","-","-","-","-","-","-","-","-","-","-","0.000","43.450","0.000","0.000","68.700","61.590","71.080","71.210","61.320"
"Days Inventory","-","-","-","-","-","-","-","-","-","-","-","-","-","-","-","-","-","122.810","60.750","53.890","41.690","","-","-","-","-","-","-","-","-","-","-","-","-","-","-","-","-","-","-","-","-","-","-","-","-","-","-","-","-","-","-","-","-","-","-","-","-","-","-","-","-","-","-","-","-","-","-","-","-","-","-","-","-","-","-","-","-","-","-","-","-","-","-","-","-","-","-","-","-","-","-","-","0.000","25.650","22.330","0.000","22.460","58.740","49.830","35.880","33.240"
"Cash Conversion Cycle","-","-","-","-","-","-","-","-","-","-","-","-","-","-","-","-","-","97.620","56.250","54.070","53.360","","-","-","-","-","-","-","-","-","-","-","-","-","-","-","-","-","-","-","-","-","-","-","-","-","-","-","-","-","-","-","-","-","-","-","-","-","-","-","-","-","-","-","-","-","-","-","-","-","-","-","-","-","-","-","-","-","-","-","-","-","-","-","-","-","-","-","-","-","-","-","-","0.000","22.370","22.330","0.000","26.930","52.080","48.020","25.840","40.540"
"Inventory Turnover","-","-","-","-","-","-","-","-","-","-","-","-","-","-","-","-","-","2.970","6.010","6.770","8.760","","-","-","-","-","-","-","-","-","-","-","-","-","-","-","-","-","-","-","-","-","-","-","-","-","-","-","-","-","-","-","-","-","-","-","-","-","-","-","-","-","-","-","-","-","-","-","-","-","-","-","-","-","-","-","-","-","-","-","-","-","-","-","-","-","-","-","-","-","-","-","-","0.000","3.560","4.090","0.000","4.060","1.550","1.830","2.540","2.750"
"COGS to Revenue","-","-","-","-","-","-","-","-","-","-","-","-","-","-","-","-","-","0.620","0.640","0.610","0.540","","-","-","-","-","-","-","-","-","-","-","-","-","-","-","-","-","-","-","-","-","-","-","-","-","-","-","-","-","-","-","-","-","-","-","-","-","-","-","-","-","-","-","-","-","-","-","-","-","-","-","-","-","-","-","-","-","-","-","-","-","-","-","-","-","-","-","-","-","-","-","-","0.620","0.650","0.650","0.650","0.610","0.540","0.580","0.540","0.530"
"Inventory to Revenue","-","-","-","-","-","-","-","-","-","-","-","-","-","-","-","-","-","0.208","0.106","0.090","0.062","","-","-","-","-","-","-","-","-","-","-","-","-","-","-","-","-","-","-","-","-","-","-","-","-","-","-","-","-","-","-","-","-","-","-","-","-","-","-","-","-","-","-","-","-","-","-","-","-","-","-","-","-","-","-","-","-","-","-","-","-","-","-","-","-","-","-","-","-","-","-","-","0.000","0.183","0.159","0.000","0.151","0.348","0.317","0.211","0.194"
"Revenue","-","-","-","-","-","-","-","-","-","-","-","-","-","-","-","-","-","77.652","146.234","239.056","404.532","","-","-","-","-","-","-","-","-","-","-","-","-","-","-","-","-","-","-","-","-","-","-","-","-","-","-","-","-","-","-","-","-","-","-","-","-","-","-","-","-","-","-","-","-","-","-","-","-","-","-","-","-","-","-","-","-","-","-","-","-","-","-","-","-","-","-","-","-","-","-","-","77.617","41.012","47.244","57.846","65.419","68.547","84.489","116.192","135.304"
"Cost of Goods Sold","-","-","-","-","-","-","-","-","-","-","-","-","-","-","-","-","-","47.983","93.558","145.350","220.387","","-","-","-","-","-","-","-","-","-","-","-","-","-","-","-","-","-","-","-","-","-","-","-","-","-","-","-","-","-","-","-","-","-","-","-","-","-","-","-","-","-","-","-","-","-","-","-","-","-","-","-","-","-","-","-","-","-","-","-","-","-","-","-","-","-","-","-","-","-","-","-","47.971","26.684","30.640","37.441","40.209","37.060","49.083","62.240","72.004"
"Gross Profit","-","-","-","-","-","-","-","-","-","-","-","-","-","-","-","-","-","29.669","52.676","93.706","184.145","","-","-","-","-","-","-","-","-","-","-","-","-","-","-","-","-","-","-","-","-","-","-","-","-","-","-","-","-","-","-","-","-","-","-","-","-","-","-","-","-","-","-","-","-","-","-","-","-","-","-","-","-","-","-","-","-","-","-","-","-","-","-","-","-","-","-","-","-","-","-","-","29.646","14.328","16.604","20.405","25.210","31.487","35.406","53.952","63.300"
"Selling, General, & Admin. Expense","-","-","-","-","-","-","-","-","-","-","-","-","-","-","-","-","-","5.099","6.615","13.124","25.308","","-","-","-","-","-","-","-","-","-","-","-","-","-","-","-","-","-","-","-","-","-","-","-","-","-","-","-","-","-","-","-","-","-","-","-","-","-","-","-","-","-","-","-","-","-","-","-","-","-","-","-","-","-","-","-","-","-","-","-","-","-","-","-","-","-","-","-","-","-","-","-","4.873","2.076","2.123","2.932","3.005","5.064","4.054","8.649","7.541"
"Advertising","-","-","-","-","-","-","-","-","-","-","-","-","-","-","-","-","-","0.000","0.000","0.000","0.000","","-","-","-","-","-","-","-","-","-","-","-","-","-","-","-","-","-","-","-","-","-","-","-","-","-","-","-","-","-","-","-","-","-","-","-","-","-","-","-","-","-","-","-","-","-","-","-","-","-","-","-","-","-","-","-","-","-","-","-","-","-","-","-","-","-","-","-","-","-","-","-","0.000","0.000","0.000","0.000","0.000","0.000","0.000","0.000","0.000"
"Research & Development","-","-","-","-","-","-","-","-","-","-","-","-","-","-","-","-","-","24.248","28.471","38.645","68.486","","-","-","-","-","-","-","-","-","-","-","-","-","-","-","-","-","-","-","-","-","-","-","-","-","-","-","-","-","-","-","-","-","-","-","-","-","-","-","-","-","-","-","-","-","-","-","-","-","-","-","-","-","-","-","-","-","-","-","-","-","-","-","-","-","-","-","-","-","-","-","-","-14.377","8.853","7.903","8.820","9.604","12.318","15.414","21.839","18.915"
"Other Operating Expense","-","-","-","-","-","-","-","-","-","-","-","-","-","-","-","-","-","0.745","0.108","0.000","-0.000","","-","-","-","-","-","-","-","-","-","-","-","-","-","-","-","-","-","-","-","-","-","-","-","-","-","-","-","-","-","-","-","-","-","-","-","-","-","-","-","-","-","-","-","-","-","-","-","-","-","-","-","-","-","-","-","-","-","-","-","-","-","-","-","-","-","-","-","-","-","-","-","39.369","0.108","0.000","0.000","0.000","-0.000","-0.000","0.000","-0.000"
"Operating Income","-","-","-","-","-","-","-","-","-","-","-","-","-","-","-","-","-","-0.423","17.482","41.937","90.351","","-","-","-","-","-","-","-","-","-","-","-","-","-","-","-","-","-","-","-","-","-","-","-","-","-","-","-","-","-","-","-","-","-","-","-","-","-","-","-","-","-","-","-","-","-","-","-","-","-","-","-","-","-","-","-","-","-","-","-","-","-","-","-","-","-","-","-","-","-","-","-","-0.219","3.291","6.578","8.653","12.601","14.105","15.938","23.464","36.844"
"   Interest Income","-","-","-","-","-","-","-","-","-","-","-","-","-","-","-","-","-","0.000","0.000","0.000","0.000","","-","-","-","-","-","-","-","-","-","-","-","-","-","-","-","-","-","-","-","-","-","-","-","-","-","-","-","-","-","-","-","-","-","-","-","-","-","-","-","-","-","-","-","-","-","-","-","-","-","-","-","-","-","-","-","-","-","-","-","-","-","-","-","-","-","-","-","-","-","-","-","0.000","0.000","0.000","0.000","0.000","0.000","0.000","0.000","0.000"
"   Interest Expense","-","-","-","-","-","-","-","-","-","-","-","-","-","-","-","-","-","0.000","0.000","0.000","0.000","","-","-","-","-","-","-","-","-","-","-","-","-","-","-","-","-","-","-","-","-","-","-","-","-","-","-","-","-","-","-","-","-","-","-","-","-","-","-","-","-","-","-","-","-","-","-","-","-","-","-","-","-","-","-","-","-","-","-","-","-","-","-","-","-","-","-","-","-","-","-","-","0.000","0.000","0.000","0.000","0.000","0.000","0.000","0.000","0.000"
"Net Interest Income","-","-","-","-","-","-","-","-","-","-","-","-","-","-","-","-","-","-0.516","-0.390","-0.135","0.188","","-","-","-","-","-","-","-","-","-","-","-","-","-","-","-","-","-","-","-","-","-","-","-","-","-","-","-","-","-","-","-","-","-","-","-","-","-","-","-","-","-","-","-","-","-","-","-","-","-","-","-","-","-","-","-","-","-","-","-","-","-","-","-","-","-","-","-","-","-","-","-","-0.375","-0.076","-0.048","-0.084","-0.006","0.003","0.009","0.020","0.156"
"Other Income (Expense)","-","-","-","-","-","-","-","-","-","-","-","-","-","-","-","-","-","-0.254","-0.639","-1.997","-3.748","","-","-","-","-","-","-","-","-","-","-","-","-","-","-","-","-","-","-","-","-","-","-","-","-","-","-","-","-","-","-","-","-","-","-","-","-","-","-","-","-","-","-","-","-","-","-","-","-","-","-","-","-","-","-","-","-","-","-","-","-","-","-","-","-","-","-","-","-","-","-","-","-0.067","-0.102","-0.130","-1.146","-0.402","-0.319","0.228","-3.667","0.010"
"   Other Income (Minority Interest)","-","-","-","-","-","-","-","-","-","-","-","-","-","-","-","-","-","0.000","0.000","0.000","0.000","","-","-","-","-","-","-","-","-","-","-","-","-","-","-","-","-","-","-","-","-","-","-","-","-","-","-","-","-","-","-","-","-","-","-","-","-","-","-","-","-","-","-","-","-","-","-","-","-","-","-","-","-","-","-","-","-","-","-","-","-","-","-","-","-","-","-","-","-","-","-","-","0.000","0.000","0.000","0.000","0.000","0.000","0.000","0.000","0.000"
"Pre-Tax Income","-","-","-","-","-","-","-","-","-","-","-","-","-","-","-","-","-","-1.193","16.453","39.805","86.791","","-","-","-","-","-","-","-","-","-","-","-","-","-","-","-","-","-","-","-","-","-","-","-","-","-","-","-","-","-","-","-","-","-","-","-","-","-","-","-","-","-","-","-","-","-","-","-","-","-","-","-","-","-","-","-","-","-","-","-","-","-","-","-","-","-","-","-","-","-","-","-","-0.661","3.113","6.400","7.423","12.193","13.789","16.175","19.817","37.010"
"Tax Provision","-","-","-","-","-","-","-","-","-","-","-","-","-","-","-","-","-","0.000","-2.933","0.715","2.930","","-","-","-","-","-","-","-","-","-","-","-","-","-","-","-","-","-","-","-","-","-","-","-","-","-","-","-","-","-","-","-","-","-","-","-","-","-","-","-","-","-","-","-","-","-","-","-","-","-","-","-","-","-","-","-","-","-","-","-","-","-","-","-","-","-","-","-","-","-","-","-","0.000","-0.559","-2.063","-2.716","-3.354","8.848","-1.577","-2.219","-2.122"
"Tax Rate %","-","-","-","-","-","-","-","-","-","-","-","-","-","-","-","-","-","0.000","17.830","-1.800","-3.380","","-","-","-","-","-","-","-","-","-","-","-","-","-","-","-","-","-","-","-","-","-","-","-","-","-","-","-","-","-","-","-","-","-","-","-","-","-","-","-","-","-","-","-","-","-","-","-","-","-","-","-","-","-","-","-","-","-","-","-","-","-","-","-","-","-","-","-","-","-","-","-","0.000","17.960","32.230","36.590","27.510","-64.170","9.750","11.200","5.730"
"Net Income (Continuing Operations)","-","-","-","-","-","-","-","-","-","-","-","-","-","-","-","-","-","-1.193","13.520","40.520","89.721","","-","-","-","-","-","-","-","-","-","-","-","-","-","-","-","-","-","-","-","-","-","-","-","-","-","-","-","-","-","-","-","-","-","-","-","-","-","-","-","-","-","-","-","-","-","-","-","-","-","-","-","-","-","-","-","-","-","-","-","-","-","-","-","-","-","-","-","-","-","-","-","-0.661","2.554","4.337","4.707","8.839","22.637","14.598","17.598","34.888"
"Net Income (Discontinued Operations)","-","-","-","-","-","-","-","-","-","-","-","-","-","-","-","-","-","0.000","0.000","0.000","0.000","","-","-","-","-","-","-","-","-","-","-","-","-","-","-","-","-","-","-","-","-","-","-","-","-","-","-","-","-","-","-","-","-","-","-","-","-","-","-","-","-","-","-","-","-","-","-","-","-","-","-","-","-","-","-","-","-","-","-","-","-","-","-","-","-","-","-","-","-","-","-","-","0.000","0.000","0.000","0.000","0.000","0.000","0.000","0.000","0.000"
"Net Income","-","-","-","-","-","-","-","-","-","-","-","-","-","-","-","-","-","-1.193","13.520","40.520","89.721","","-","-","-","-","-","-","-","-","-","-","-","-","-","-","-","-","-","-","-","-","-","-","-","-","-","-","-","-","-","-","-","-","-","-","-","-","-","-","-","-","-","-","-","-","-","-","-","-","-","-","-","-","-","-","-","-","-","-","-","-","-","-","-","-","-","-","-","-","-","-","-","-0.661","2.554","4.337","4.707","8.839","22.637","14.598","17.598","34.888"
"Preferred dividends","-","-","-","-","-","-","-","-","-","-","-","-","-","-","-","-","-","3.778","4.373","0.000","1.733","","-","-","-","-","-","-","-","-","-","-","-","-","-","-","-","-","-","-","-","-","-","-","-","-","-","-","-","-","-","-","-","-","-","-","-","-","-","-","-","-","-","-","-","-","-","-","-","-","-","-","-","-","-","-","-","-","-","-","-","-","-","-","-","-","-","-","-","-","-","-","-","0.000","1.098","0.000","1.085","1.097","0.000","0.000","0.636","0.000"
"EPS (Basic)","-","-","-","-","-","-","-","-","-","-","-","-","-","-","-","-","-","0.000","0.000","1.390","6.480","","-","-","-","-","-","-","-","-","-","-","-","-","-","-","-","-","-","-","-","-","-","-","-","-","-","-","-","-","-","-","-","-","-","-","-","-","-","-","-","-","-","-","-","-","-","-","-","-","-","-","-","-","-","-","-","-","-","-","-","-","-","-","-","-","-","-","-","-","-","-","-","0.000","0.000","0.000","0.000","0.000","4.540","0.460","0.510","0.970"
"EPS (Diluted)","-","-","-","-","-","-","-","-","-","-","-","-","-","-","-","-","-","0.000","0.000","1.300","6.170","","-","-","-","-","-","-","-","-","-","-","-","-","-","-","-","-","-","-","-","-","-","-","-","-","-","-","-","-","-","-","-","-","-","-","-","-","-","-","-","-","-","-","-","-","-","-","-","-","-","-","-","-","-","-","-","-","-","-","-","-","-","-","-","-","-","-","-","-","-","-","-","0.000","0.000","0.000","0.000","0.000","4.450","0.430","0.430","0.860"
"Shares Outstanding (Diluted Average)","-","-","-","-","-","-","-","-","-","-","-","-","-","-","-","-","-","0.000","0.000","32.733","40.708","","-","-","-","-","-","-","-","-","-","-","-","-","-","-","-","-","-","-","-","-","-","-","-","-","-","-","-","-","-","-","-","-","-","-","-","-","-","-","-","-","-","-","-","-","-","-","-","-","-","-","-","-","-","-","-","-","-","-","-","-","-","-","-","-","-","-","-","-","-","-","-","0.000","0.000","0.000","0.000","0.000","32.733","33.044","24.373","40.708"
"Depreciation, Depletion and Amortization","-","-","-","-","-","-","-","-","-","-","-","-","-","-","-","-","-","2.629","2.662","4.576","7.948","","-","-","-","-","-","-","-","-","-","-","-","-","-","-","-","-","-","-","-","-","-","-","-","-","-","-","-","-","-","-","-","-","-","-","-","-","-","-","-","-","-","-","-","-","-","-","-","-","-","-","-","-","-","-","-","-","-","-","-","-","-","-","-","-","-","-","-","-","-","-","-","2.628","0.900","0.912","1.044","1.208","1.412","1.666","2.154","2.716"
"EBITDA","-","-","-","-","-","-","-","-","-","-","-","-","-","-","-","-","-","2.206","20.144","46.513","98.299","","-","-","-","-","-","-","-","-","-","-","-","-","-","-","-","-","-","-","-","-","-","-","-","-","-","-","-","-","-","-","-","-","-","-","-","-","-","-","-","-","-","-","-","-","-","-","-","-","-","-","-","-","-","-","-","-","-","-","-","-","-","-","-","-","-","-","-","-","-","-","-","2.596","4.191","7.490","9.697","13.809","15.517","17.604","25.618","39.560"
"  Cash And Cash Equivalents","-","-","-","-","-","-","-","-","-","-","-","-","-","-","-","-","-","20.235","21.128","27.610","122.914","","-","-","-","-","-","-","-","-","-","-","-","-","-","-","-","-","-","-","-","-","-","-","-","-","-","-","-","-","-","-","-","-","-","-","-","-","-","-","-","-","-","-","-","-","-","-","-","-","-","-","-","-","-","-","-","-","-","-","-","-","-","-","-","-","-","-","-","-","-","-","-","0.000","21.128","0.000","0.000","18.037","27.610","32.890","159.009","122.914"
"  Marketable Securities","-","-","-","-","-","-","-","-","-","-","-","-","-","-","-","-","-","0.000","0.000","0.000","52.641","","-","-","-","-","-","-","-","-","-","-","-","-","-","-","-","-","-","-","-","-","-","-","-","-","-","-","-","-","-","-","-","-","-","-","-","-","-","-","-","-","-","-","-","-","-","-","-","-","-","-","-","-","-","-","-","-","-","-","-","-","-","-","-","-","-","-","-","-","-","-","-","0.000","0.000","0.000","0.000","0.000","0.000","0.000","0.000","52.641"
"Cash, Cash Equivalents, Marketable Securities","-","-","-","-","-","-","-","-","-","-","-","-","-","-","-","-","-","20.235","21.128","27.610","175.555","","-","-","-","-","-","-","-","-","-","-","-","-","-","-","-","-","-","-","-","-","-","-","-","-","-","-","-","-","-","-","-","-","-","-","-","-","-","-","-","-","-","-","-","-","-","-","-","-","-","-","-","-","-","-","-","-","-","-","-","-","-","-","-","-","-","-","-","-","-","-","-","0.000","21.128","0.000","0.000","18.037","27.610","32.890","159.009","175.555"
"Accounts Receivable","-","-","-","-","-","-","-","-","-","-","-","-","-","-","-","-","-","12.100","18.055","41.260","101.749","","-","-","-","-","-","-","-","-","-","-","-","-","-","-","-","-","-","-","-","-","-","-","-","-","-","-","-","-","-","-","-","-","-","-","-","-","-","-","-","-","-","-","-","-","-","-","-","-","-","-","-","-","-","-","-","-","-","-","-","-","-","-","-","-","-","-","-","-","-","-","-","0.000","18.055","0.000","0.000","52.458","41.260","64.133","77.889","101.749"
"  Inventories, Raw Materials & Components","-","-","-","-","-","-","-","-","-","-","-","-","-","-","-","-","-","8.394","7.334","16.023","14.910","","-","-","-","-","-","-","-","-","-","-","-","-","-","-","-","-","-","-","-","-","-","-","-","-","-","-","-","-","-","-","-","-","-","-","-","-","-","-","-","-","-","-","-","-","-","-","-","-","-","-","-","-","-","-","-","-","-","-","-","-","-","-","-","-","-","-","-","-","-","-","-","0.000","7.334","0.000","0.000","11.643","16.023","15.505","14.121","14.910"
"  Inventories, Work In Process","-","-","-","-","-","-","-","-","-","-","-","-","-","-","-","-","-","0.668","1.209","2.155","4.476","","-","-","-","-","-","-","-","-","-","-","-","-","-","-","-","-","-","-","-","-","-","-","-","-","-","-","-","-","-","-","-","-","-","-","-","-","-","-","-","-","-","-","-","-","-","-","-","-","-","-","-","-","-","-","-","-","-","-","-","-","-","-","-","-","-","-","-","-","-","-","-","0.000","1.209","0.000","0.000","1.766","2.155","7.111","4.025","4.476"
"  Inventories, Inventories Adjustments","-","-","-","-","-","-","-","-","-","-","-","-","-","-","-","-","-","0.000","0.000","0.000","0.000","","-","-","-","-","-","-","-","-","-","-","-","-","-","-","-","-","-","-","-","-","-","-","-","-","-","-","-","-","-","-","-","-","-","-","-","-","-","-","-","-","-","-","-","-","-","-","-","-","-","-","-","-","-","-","-","-","-","-","-","-","-","-","-","-","-","-","-","-","-","-","-","0.000","0.000","0.000","0.000","0.000","0.000","0.000","0.000","0.000"
"  Inventories, Finished Goods","-","-","-","-","-","-","-","-","-","-","-","-","-","-","-","-","-","7.083","6.456","9.742","9.808","","-","-","-","-","-","-","-","-","-","-","-","-","-","-","-","-","-","-","-","-","-","-","-","-","-","-","-","-","-","-","-","-","-","-","-","-","-","-","-","-","-","-","-","-","-","-","-","-","-","-","-","-","-","-","-","-","-","-","-","-","-","-","-","-","-","-","-","-","-","-","-","0.000","6.456","0.000","0.000","6.386","9.742","3.066","5.118","9.808"
"  Inventories, Other","-","-","-","-","-","-","-","-","-","-","-","-","-","-","-","-","-","-0.000","0.000","0.000","-0.000","","-","-","-","-","-","-","-","-","-","-","-","-","-","-","-","-","-","-","-","-","-","-","-","-","-","-","-","-","-","-","-","-","-","-","-","-","-","-","-","-","-","-","-","-","-","-","-","-","-","-","-","-","-","-","-","-","-","-","-","-","-","-","-","-","-","-","-","-","-","-","-","0.000","0.000","0.000","0.000","0.000","0.000","-0.000","-0.000","0.000"
"Total Inventories","-","-","-","-","-","-","-","-","-","-","-","-","-","-","-","-","-","16.145","14.999","27.920","29.194","","-","-","-","-","-","-","-","-","-","-","-","-","-","-","-","-","-","-","-","-","-","-","-","-","-","-","-","-","-","-","-","-","-","-","-","-","-","-","-","-","-","-","-","-","-","-","-","-","-","-","-","-","-","-","-","-","-","-","-","-","-","-","-","-","-","-","-","-","-","-","-","0.000","14.999","0.000","0.000","19.795","27.920","25.682","23.264","29.194"
"Other Current Assets","-","-","-","-","-","-","-","-","-","-","-","-","-","-","-","-","-","1.132","3.431","6.655","5.373","","-","-","-","-","-","-","-","-","-","-","-","-","-","-","-","-","-","-","-","-","-","-","-","-","-","-","-","-","-","-","-","-","-","-","-","-","-","-","-","-","-","-","-","-","-","-","-","-","-","-","-","-","-","-","-","-","-","-","-","-","-","-","-","-","-","-","-","-","-","-","-","0.000","3.431","0.000","0.000","3.726","6.655","6.043","3.335","5.373"
"Total Current Assets","-","-","-","-","-","-","-","-","-","-","-","-","-","-","-","-","-","49.612","57.613","103.445","311.871","","-","-","-","-","-","-","-","-","-","-","-","-","-","-","-","-","-","-","-","-","-","-","-","-","-","-","-","-","-","-","-","-","-","-","-","-","-","-","-","-","-","-","-","-","-","-","-","-","-","-","-","-","-","-","-","-","-","-","-","-","-","-","-","-","-","-","-","-","-","-","-","0.000","57.613","0.000","0.000","94.016","103.445","128.748","263.497","311.871"
"Investments And Advances","-","-","-","-","-","-","-","-","-","-","-","-","-","-","-","-","-","0.000","0.000","0.000","0.000","","-","-","-","-","-","-","-","-","-","-","-","-","-","-","-","-","-","-","-","-","-","-","-","-","-","-","-","-","-","-","-","-","-","-","-","-","-","-","-","-","-","-","-","-","-","-","-","-","-","-","-","-","-","-","-","-","-","-","-","-","-","-","-","-","-","-","-","-","-","-","-","0.000","0.000","0.000","0.000","0.000","0.000","0.000","0.000","0.000"
"  Land And Improvements","-","-","-","-","-","-","-","-","-","-","-","-","-","-","-","-","-","0.000","0.000","0.000","0.000","","-","-","-","-","-","-","-","-","-","-","-","-","-","-","-","-","-","-","-","-","-","-","-","-","-","-","-","-","-","-","-","-","-","-","-","-","-","-","-","-","-","-","-","-","-","-","-","-","-","-","-","-","-","-","-","-","-","-","-","-","-","-","-","-","-","-","-","-","-","-","-","0.000","0.000","0.000","0.000","0.000","0.000","0.000","0.000","0.000"
"  Buildings And Improvements","-","-","-","-","-","-","-","-","-","-","-","-","-","-","-","-","-","0.000","0.000","0.000","0.000","","-","-","-","-","-","-","-","-","-","-","-","-","-","-","-","-","-","-","-","-","-","-","-","-","-","-","-","-","-","-","-","-","-","-","-","-","-","-","-","-","-","-","-","-","-","-","-","-","-","-","-","-","-","-","-","-","-","-","-","-","-","-","-","-","-","-","-","-","-","-","-","0.000","0.000","0.000","0.000","0.000","0.000","0.000","0.000","0.000"
"  Machinery, Furniture, Equipment","-","-","-","-","-","-","-","-","-","-","-","-","-","-","-","-","-","7.384","11.324","22.261","35.570","","-","-","-","-","-","-","-","-","-","-","-","-","-","-","-","-","-","-","-","-","-","-","-","-","-","-","-","-","-","-","-","-","-","-","-","-","-","-","-","-","-","-","-","-","-","-","-","-","-","-","-","-","-","-","-","-","-","-","-","-","-","-","-","-","-","-","-","-","-","-","-","0.000","11.324","0.000","0.000","18.250","22.261","26.341","29.718","35.570"
"  Construction In Progress","-","-","-","-","-","-","-","-","-","-","-","-","-","-","-","-","-","0.000","2.532","3.952","2.364","","-","-","-","-","-","-","-","-","-","-","-","-","-","-","-","-","-","-","-","-","-","-","-","-","-","-","-","-","-","-","-","-","-","-","-","-","-","-","-","-","-","-","-","-","-","-","-","-","-","-","-","-","-","-","-","-","-","-","-","-","-","-","-","-","-","-","-","-","-","-","-","0.000","2.532","0.000","0.000","4.012","3.952","5.888","5.149","2.364"
"Gross Property, Plant and Equipment","-","-","-","-","-","-","-","-","-","-","-","-","-","-","-","-","-","7.617","14.675","27.230","38.960","","-","-","-","-","-","-","-","-","-","-","-","-","-","-","-","-","-","-","-","-","-","-","-","-","-","-","-","-","-","-","-","-","-","-","-","-","-","-","-","-","-","-","-","-","-","-","-","-","-","-","-","-","-","-","-","-","-","-","-","-","-","-","-","-","-","-","-","-","-","-","-","0.000","14.675","0.000","0.000","23.241","27.230","33.246","35.893","38.960"
"  Accumulated Depreciation","-","-","-","-","-","-","-","-","-","-","-","-","-","-","-","-","-","-3.627","-6.729","-11.305","-17.841","","-","-","-","-","-","-","-","-","-","-","-","-","-","-","-","-","-","-","-","-","-","-","-","-","-","-","-","-","-","-","-","-","-","-","-","-","-","-","-","-","-","-","-","-","-","-","-","-","-","-","-","-","-","-","-","-","-","-","-","-","-","-","-","-","-","-","-","-","-","-","-","0.000","-6.729","0.000","0.000","-9.893","-11.305","-12.971","-15.125","-17.841"
"Property, Plant and Equipment","-","-","-","-","-","-","-","-","-","-","-","-","-","-","-","-","-","3.990","7.946","15.925","21.119","","-","-","-","-","-","-","-","-","-","-","-","-","-","-","-","-","-","-","-","-","-","-","-","-","-","-","-","-","-","-","-","-","-","-","-","-","-","-","-","-","-","-","-","-","-","-","-","-","-","-","-","-","-","-","-","-","-","-","-","-","-","-","-","-","-","-","-","-","-","-","-","0.000","7.946","0.000","0.000","13.348","15.925","20.275","20.768","21.119"
"Intangible Assets","-","-","-","-","-","-","-","-","-","-","-","-","-","-","-","-","-","0.000","0.000","0.000","0.000","","-","-","-","-","-","-","-","-","-","-","-","-","-","-","-","-","-","-","-","-","-","-","-","-","-","-","-","-","-","-","-","-","-","-","-","-","-","-","-","-","-","-","-","-","-","-","-","-","-","-","-","-","-","-","-","-","-","-","-","-","-","-","-","-","-","-","-","-","-","-","-","0.000","0.000","0.000","0.000","0.000","0.000","0.000","0.000","0.000"
"   Goodwill","-","-","-","-","-","-","-","-","-","-","-","-","-","-","-","-","-","0.000","0.000","0.000","0.000","","-","-","-","-","-","-","-","-","-","-","-","-","-","-","-","-","-","-","-","-","-","-","-","-","-","-","-","-","-","-","-","-","-","-","-","-","-","-","-","-","-","-","-","-","-","-","-","-","-","-","-","-","-","-","-","-","-","-","-","-","-","-","-","-","-","-","-","-","-","-","-","0.000","0.000","0.000","0.000","0.000","0.000","0.000","0.000","0.000"
"Other Long Term Assets","-","-","-","-","-","-","-","-","-","-","-","-","-","-","-","-","-","0.109","0.101","11.374","18.922","","-","-","-","-","-","-","-","-","-","-","-","-","-","-","-","-","-","-","-","-","-","-","-","-","-","-","-","-","-","-","-","-","-","-","-","-","-","-","-","-","-","-","-","-","-","-","-","-","-","-","-","-","-","-","-","-","-","-","-","-","-","-","-","-","-","-","-","-","-","-","-","0.000","0.101","0.000","0.000","0.184","11.374","12.251","11.960","18.922"
"Total Assets","-","-","-","-","-","-","-","-","-","-","-","-","-","-","-","-","-","53.711","65.660","130.744","351.912","","-","-","-","-","-","-","-","-","-","-","-","-","-","-","-","-","-","-","-","-","-","-","-","-","-","-","-","-","-","-","-","-","-","-","-","-","-","-","-","-","-","-","-","-","-","-","-","-","-","-","-","-","-","-","-","-","-","-","-","-","-","-","-","-","-","-","-","-","-","-","-","0.000","65.660","0.000","0.000","107.548","130.744","161.274","296.225","351.912"
"  Accounts Payable","-","-","-","-","-","-","-","-","-","-","-","-","-","-","-","-","-","10.789","12.705","25.015","48.389","","-","-","-","-","-","-","-","-","-","-","-","-","-","-","-","-","-","-","-","-","-","-","-","-","-","-","-","-","-","-","-","-","-","-","-","-","-","-","-","-","-","-","-","-","-","-","-","-","-","-","-","-","-","-","-","-","-","-","-","-","-","-","-","-","-","-","-","-","-","-","-","0.000","12.705","0.000","0.000","30.271","25.015","38.234","48.574","48.389"
"  Total Tax Payable","-","-","-","-","-","-","-","-","-","-","-","-","-","-","-","-","-","0.000","0.129","1.019","9.136","","-","-","-","-","-","-","-","-","-","-","-","-","-","-","-","-","-","-","-","-","-","-","-","-","-","-","-","-","-","-","-","-","-","-","-","-","-","-","-","-","-","-","-","-","-","-","-","-","-","-","-","-","-","-","-","-","-","-","-","-","-","-","-","-","-","-","-","-","-","-","-","0.000","0.129","0.000","0.000","4.079","1.019","0.819","1.882","9.136"
"  Other Accrued Expense","-","-","-","-","-","-","-","-","-","-","-","-","-","-","-","-","-","8.552","8.671","14.502","22.350","","-","-","-","-","-","-","-","-","-","-","-","-","-","-","-","-","-","-","-","-","-","-","-","-","-","-","-","-","-","-","-","-","-","-","-","-","-","-","-","-","-","-","-","-","-","-","-","-","-","-","-","-","-","-","-","-","-","-","-","-","-","-","-","-","-","-","-","-","-","-","-","0.000","8.671","0.000","0.000","11.612","14.502","17.002","16.432","22.350"
"Accounts Payable & Accrued Expense","-","-","-","-","-","-","-","-","-","-","-","-","-","-","-","-","-","19.341","21.505","40.536","79.875","","-","-","-","-","-","-","-","-","-","-","-","-","-","-","-","-","-","-","-","-","-","-","-","-","-","-","-","-","-","-","-","-","-","-","-","-","-","-","-","-","-","-","-","-","-","-","-","-","-","-","-","-","-","-","-","-","-","-","-","-","-","-","-","-","-","-","-","-","-","-","-","0.000","21.505","0.000","0.000","45.962","40.536","56.055","66.888","79.875"
"Current Portion of Long-Term Debt","-","-","-","-","-","-","-","-","-","-","-","-","-","-","-","-","-","5.827","0.709","0.000","0.000","","-","-","-","-","-","-","-","-","-","-","-","-","-","-","-","-","-","-","-","-","-","-","-","-","-","-","-","-","-","-","-","-","-","-","-","-","-","-","-","-","-","-","-","-","-","-","-","-","-","-","-","-","-","-","-","-","-","-","-","-","-","-","-","-","-","-","-","-","-","-","-","0.000","0.709","0.000","0.000","0.057","0.000","0.000","0.000","0.000"
"  Current Deferred Revenue","-","-","-","-","-","-","-","-","-","-","-","-","-","-","-","-","-","2.343","3.689","7.762","7.957","","-","-","-","-","-","-","-","-","-","-","-","-","-","-","-","-","-","-","-","-","-","-","-","-","-","-","-","-","-","-","-","-","-","-","-","-","-","-","-","-","-","-","-","-","-","-","-","-","-","-","-","-","-","-","-","-","-","-","-","-","-","-","-","-","-","-","-","-","-","-","-","0.000","3.689","0.000","0.000","2.790","7.762","7.609","7.090","7.957"
"  Current Deferred Taxes Liabilities","-","-","-","-","-","-","-","-","-","-","-","-","-","-","-","-","-","0.000","0.000","0.000","0.000","","-","-","-","-","-","-","-","-","-","-","-","-","-","-","-","-","-","-","-","-","-","-","-","-","-","-","-","-","-","-","-","-","-","-","-","-","-","-","-","-","-","-","-","-","-","-","-","-","-","-","-","-","-","-","-","-","-","-","-","-","-","-","-","-","-","-","-","-","-","-","-","0.000","0.000","0.000","0.000","0.000","0.000","0.000","0.000","0.000"
"DeferredTaxAndRevenue","-","-","-","-","-","-","-","-","-","-","-","-","-","-","-","-","-","2.343","3.689","7.762","7.957","","-","-","-","-","-","-","-","-","-","-","-","-","-","-","-","-","-","-","-","-","-","-","-","-","-","-","-","-","-","-","-","-","-","-","-","-","-","-","-","-","-","-","-","-","-","-","-","-","-","-","-","-","-","-","-","-","-","-","-","-","-","-","-","-","-","-","-","-","-","-","-","0.000","3.689","0.000","0.000","2.790","7.762","7.609","7.090","7.957"
"Other Current Liabilities","-","-","-","-","-","-","-","-","-","-","-","-","-","-","-","-","-","-0.000","0.000","0.000","-0.000","","-","-","-","-","-","-","-","-","-","-","-","-","-","-","-","-","-","-","-","-","-","-","-","-","-","-","-","-","-","-","-","-","-","-","-","-","-","-","-","-","-","-","-","-","-","-","-","-","-","-","-","-","-","-","-","-","-","-","-","-","-","-","-","-","-","-","-","-","-","-","-","0.000","0.000","0.000","0.000","-0.000","0.000","0.000","-0.000","-0.000"
"Total Current Liabilities","-","-","-","-","-","-","-","-","-","-","-","-","-","-","-","-","-","27.511","25.903","48.298","87.832","","-","-","-","-","-","-","-","-","-","-","-","-","-","-","-","-","-","-","-","-","-","-","-","-","-","-","-","-","-","-","-","-","-","-","-","-","-","-","-","-","-","-","-","-","-","-","-","-","-","-","-","-","-","-","-","-","-","-","-","-","-","-","-","-","-","-","-","-","-","-","-","0.000","25.903","0.000","0.000","48.809","48.298","63.664","73.978","87.832"
"   Long-Term Debt","-","-","-","-","-","-","-","-","-","-","-","-","-","-","-","-","-","2.329","1.406","0.000","0.000","","-","-","-","-","-","-","-","-","-","-","-","-","-","-","-","-","-","-","-","-","-","-","-","-","-","-","-","-","-","-","-","-","-","-","-","-","-","-","-","-","-","-","-","-","-","-","-","-","-","-","-","-","-","-","-","-","-","-","-","-","-","-","-","-","-","-","-","-","-","-","-","0.000","1.406","0.000","0.000","0.000","0.000","0.000","0.000","0.000"
"   Capital Lease Obligation","-","-","-","-","-","-","-","-","-","-","-","-","-","-","-","-","-","0.000","0.000","0.000","0.000","","-","-","-","-","-","-","-","-","-","-","-","-","-","-","-","-","-","-","-","-","-","-","-","-","-","-","-","-","-","-","-","-","-","-","-","-","-","-","-","-","-","-","-","-","-","-","-","-","-","-","-","-","-","-","-","-","-","-","-","-","-","-","-","-","-","-","-","-","-","-","-","0.000","0.000","0.000","0.000","0.000","0.000","0.000","0.000","0.000"
"Long-Term Debt & Capital Lease Obligation","-","-","-","-","-","-","-","-","-","-","-","-","-","-","-","-","-","2.329","1.406","0.000","0.000","","-","-","-","-","-","-","-","-","-","-","-","-","-","-","-","-","-","-","-","-","-","-","-","-","-","-","-","-","-","-","-","-","-","-","-","-","-","-","-","-","-","-","-","-","-","-","-","-","-","-","-","-","-","-","-","-","-","-","-","-","-","-","-","-","-","-","-","-","-","-","-","0.000","1.406","0.000","0.000","0.000","0.000","0.000","0.000","0.000"
"PensionAndRetirementBenefit","-","-","-","-","-","-","-","-","-","-","-","-","-","-","-","-","-","0.000","0.000","0.000","0.000","","-","-","-","-","-","-","-","-","-","-","-","-","-","-","-","-","-","-","-","-","-","-","-","-","-","-","-","-","-","-","-","-","-","-","-","-","-","-","-","-","-","-","-","-","-","-","-","-","-","-","-","-","-","-","-","-","-","-","-","-","-","-","-","-","-","-","-","-","-","-","-","0.000","0.000","0.000","0.000","0.000","0.000","0.000","0.000","0.000"
"NonCurrent Deferred Liabilities","-","-","-","-","-","-","-","-","-","-","-","-","-","-","-","-","-","0.000","0.000","0.000","0.000","","-","-","-","-","-","-","-","-","-","-","-","-","-","-","-","-","-","-","-","-","-","-","-","-","-","-","-","-","-","-","-","-","-","-","-","-","-","-","-","-","-","-","-","-","-","-","-","-","-","-","-","-","-","-","-","-","-","-","-","-","-","-","-","-","-","-","-","-","-","-","-","0.000","0.000","0.000","0.000","0.000","0.000","0.000","0.000","0.000"
"Minority Interest","-","-","-","-","-","-","-","-","-","-","-","-","-","-","-","-","-","0.000","0.000","0.000","0.000","","-","-","-","-","-","-","-","-","-","-","-","-","-","-","-","-","-","-","-","-","-","-","-","-","-","-","-","-","-","-","-","-","-","-","-","-","-","-","-","-","-","-","-","-","-","-","-","-","-","-","-","-","-","-","-","-","-","-","-","-","-","-","-","-","-","-","-","-","-","-","-","0.000","0.000","0.000","0.000","0.000","0.000","0.000","0.000","0.000"
"Other Long-Term Liabilities","-","-","-","-","-","-","-","-","-","-","-","-","-","-","-","-","-","62.671","67.527","74.430","1.589","","-","-","-","-","-","-","-","-","-","-","-","-","-","-","-","-","-","-","-","-","-","-","-","-","-","-","-","-","-","-","-","-","-","-","-","-","-","-","-","-","-","-","-","-","-","-","-","-","-","-","-","-","-","-","-","-","-","-","-","-","-","-","-","-","-","-","-","-","-","-","-","0.000","67.527","0.000","0.000","72.597","74.430","0.802","0.964","1.589"
"Total Liabilities","-","-","-","-","-","-","-","-","-","-","-","-","-","-","-","-","-","92.511","94.836","122.728","89.421","","-","-","-","-","-","-","-","-","-","-","-","-","-","-","-","-","-","-","-","-","-","-","-","-","-","-","-","-","-","-","-","-","-","-","-","-","-","-","-","-","-","-","-","-","-","-","-","-","-","-","-","-","-","-","-","-","-","-","-","-","-","-","-","-","-","-","-","-","-","-","-","0.000","94.836","0.000","0.000","121.406","122.728","64.466","74.942","89.421"
"Common Stock","-","-","-","-","-","-","-","-","-","-","-","-","-","-","-","-","-","0.001","0.001","0.001","0.004","","-","-","-","-","-","-","-","-","-","-","-","-","-","-","-","-","-","-","-","-","-","-","-","-","-","-","-","-","-","-","-","-","-","-","-","-","-","-","-","-","-","-","-","-","-","-","-","-","-","-","-","-","-","-","-","-","-","-","-","-","-","-","-","-","-","-","-","-","-","-","-","0.000","0.001","0.000","0.000","0.001","0.001","0.003","0.004","0.004"
"Preferred Stock","-","-","-","-","-","-","-","-","-","-","-","-","-","-","-","-","-","0.000","0.000","0.000","0.000","","-","-","-","-","-","-","-","-","-","-","-","-","-","-","-","-","-","-","-","-","-","-","-","-","-","-","-","-","-","-","-","-","-","-","-","-","-","-","-","-","-","-","-","-","-","-","-","-","-","-","-","-","-","-","-","-","-","-","-","-","-","-","-","-","-","-","-","-","-","-","-","0.000","0.000","0.000","0.000","0.000","0.000","0.000","0.000","0.000"
"Retained Earnings","-","-","-","-","-","-","-","-","-","-","-","-","-","-","-","-","-","-38.801","-29.177","8.015","74.420","","-","-","-","-","-","-","-","-","-","-","-","-","-","-","-","-","-","-","-","-","-","-","-","-","-","-","-","-","-","-","-","-","-","-","-","-","-","-","-","-","-","-","-","-","-","-","-","-","-","-","-","-","-","-","-","-","-","-","-","-","-","-","-","-","-","-","-","-","-","-","-","0.000","-29.177","0.000","0.000","-13.859","8.015","21.935","39.532","74.420"
"Accumulated other comprehensive income (loss)","-","-","-","-","-","-","-","-","-","-","-","-","-","-","-","-","-","0.000","0.000","0.000","-0.017","","-","-","-","-","-","-","-","-","-","-","-","-","-","-","-","-","-","-","-","-","-","-","-","-","-","-","-","-","-","-","-","-","-","-","-","-","-","-","-","-","-","-","-","-","-","-","-","-","-","-","-","-","-","-","-","-","-","-","-","-","-","-","-","-","-","-","-","-","-","-","-","0.000","0.000","0.000","0.000","0.000","0.000","0.000","0.000","-0.017"
"Additional Paid-In Capital","-","-","-","-","-","-","-","-","-","-","-","-","-","-","-","-","-","0.000","0.000","0.000","188.084","","-","-","-","-","-","-","-","-","-","-","-","-","-","-","-","-","-","-","-","-","-","-","-","-","-","-","-","-","-","-","-","-","-","-","-","-","-","-","-","-","-","-","-","-","-","-","-","-","-","-","-","-","-","-","-","-","-","-","-","-","-","-","-","-","-","-","-","-","-","-","-","0.000","0.000","0.000","0.000","0.000","0.000","74.870","181.747","188.084"
"Treasury Stock","-","-","-","-","-","-","-","-","-","-","-","-","-","-","-","-","-","0.000","0.000","0.000","0.000","","-","-","-","-","-","-","-","-","-","-","-","-","-","-","-","-","-","-","-","-","-","-","-","-","-","-","-","-","-","-","-","-","-","-","-","-","-","-","-","-","-","-","-","-","-","-","-","-","-","-","-","-","-","-","-","-","-","-","-","-","-","-","-","-","-","-","-","-","-","-","-","0.000","0.000","0.000","0.000","0.000","0.000","0.000","0.000","0.000"
"Total Equity","-","-","-","-","-","-","-","-","-","-","-","-","-","-","-","-","-","-38.800","-29.176","8.016","262.491","","-","-","-","-","-","-","-","-","-","-","-","-","-","-","-","-","-","-","-","-","-","-","-","-","-","-","-","-","-","-","-","-","-","-","-","-","-","-","-","-","-","-","-","-","-","-","-","-","-","-","-","-","-","-","-","-","-","-","-","-","-","-","-","-","-","-","-","-","-","-","-","0.000","-29.176","0.000","0.000","-13.858","8.016","96.808","221.283","262.491"
"  Net Income","-","-","-","-","-","-","-","-","-","-","-","-","-","-","-","-","-","-1.193","13.520","40.520","89.720","","-","-","-","-","-","-","-","-","-","-","-","-","-","-","-","-","-","-","-","-","-","-","-","-","-","-","-","-","-","-","-","-","-","-","-","-","-","-","-","-","-","-","-","-","-","-","-","-","-","-","-","-","-","-","-","-","-","-","-","-","-","-","-","-","-","-","-","-","-","-","-","-0.661","2.554","4.337","4.707","8.839","22.637","14.598","17.597","34.888"
"  Net Foreign Currency Exchange Gain","-","-","-","-","-","-","-","-","-","-","-","-","-","-","-","-","-","0.000","0.000","0.000","0.000","","-","-","-","-","-","-","-","-","-","-","-","-","-","-","-","-","-","-","-","-","-","-","-","-","-","-","-","-","-","-","-","-","-","-","-","-","-","-","-","-","-","-","-","-","-","-","-","-","-","-","-","-","-","-","-","-","-","-","-","-","-","-","-","-","-","-","-","-","-","-","-","0.000","0.000","0.000","0.000","0.000","0.000","0.000","0.000","0.000"
"Net Income From Continuing Operations","-","-","-","-","-","-","-","-","-","-","-","-","-","-","-","-","-","-1.193","13.520","40.520","89.720","","-","-","-","-","-","-","-","-","-","-","-","-","-","-","-","-","-","-","-","-","-","-","-","-","-","-","-","-","-","-","-","-","-","-","-","-","-","-","-","-","-","-","-","-","-","-","-","-","-","-","-","-","-","-","-","-","-","-","-","-","-","-","-","-","-","-","-","-","-","-","-","-0.661","2.554","4.337","4.707","8.839","22.637","14.598","17.597","34.888"
"Depreciation, Depletion and Amortization","-","-","-","-","-","-","-","-","-","-","-","-","-","-","-","-","-","2.629","2.662","4.576","7.948","","-","-","-","-","-","-","-","-","-","-","-","-","-","-","-","-","-","-","-","-","-","-","-","-","-","-","-","-","-","-","-","-","-","-","-","-","-","-","-","-","-","-","-","-","-","-","-","-","-","-","-","-","-","-","-","-","-","-","-","-","-","-","-","-","-","-","-","-","-","-","-","2.628","0.900","0.912","1.044","1.208","1.412","1.666","2.154","2.716"
"  Change In Receivables","-","-","-","-","-","-","-","-","-","-","-","-","-","-","-","-","-","-2.578","-5.956","-23.205","-49.247","","-","-","-","-","-","-","-","-","-","-","-","-","-","-","-","-","-","-","-","-","-","-","-","-","-","-","-","-","-","-","-","-","-","-","-","-","-","-","-","-","-","-","-","-","-","-","-","-","-","-","-","-","-","-","-","-","-","-","-","-","-","-","-","-","-","-","-","-","-","-","-","-8.726","14.667","-17.583","-4.195","-12.669","11.242","-22.873","-13.756","-23.860"
"  Change In Inventory","-","-","-","-","-","-","-","-","-","-","-","-","-","-","-","-","-","-11.280","1.146","-12.921","-9.399","","-","-","-","-","-","-","-","-","-","-","-","-","-","-","-","-","-","-","-","-","-","-","-","-","-","-","-","-","-","-","-","-","-","-","-","-","-","-","-","-","-","-","-","-","-","-","-","-","-","-","-","-","-","-","-","-","-","-","-","-","-","-","-","-","-","-","-","-","-","-","-","-12.109","-7.000","-0.544","0.529","-4.781","-8.125","2.238","2.418","-5.930"
"  Change In Prepaid Assets","-","-","-","-","-","-","-","-","-","-","-","-","-","-","-","-","-","-0.032","-2.087","1.144","-2.192","","-","-","-","-","-","-","-","-","-","-","-","-","-","-","-","-","-","-","-","-","-","-","-","-","-","-","-","-","-","-","-","-","-","-","-","-","-","-","-","-","-","-","-","-","-","-","-","-","-","-","-","-","-","-","-","-","-","-","-","-","-","-","-","-","-","-","-","-","-","-","-","-0.033","-1.543","1.766","-0.253","-0.802","0.433","-0.389","-0.637","-1.599"
"  Change In Payables And Accrued Expense","-","-","-","-","-","-","-","-","-","-","-","-","-","-","-","-","-","9.472","1.922","18.655","34.085","","-","-","-","-","-","-","-","-","-","-","-","-","-","-","-","-","-","-","-","-","-","-","-","-","-","-","-","-","-","-","-","-","-","-","-","-","-","-","-","-","-","-","-","-","-","-","-","-","-","-","-","-","-","-","-","-","-","-","-","-","-","-","-","-","-","-","-","-","-","-","-","9.447","-0.608","8.765","2.166","13.549","-5.825","15.742","10.013","14.155"
"Change In Working Capital","-","-","-","-","-","-","-","-","-","-","-","-","-","-","-","-","-","-4.928","-3.830","-14.516","-22.663","","-","-","-","-","-","-","-","-","-","-","-","-","-","-","-","-","-","-","-","-","-","-","-","-","-","-","-","-","-","-","-","-","-","-","-","-","-","-","-","-","-","-","-","-","-","-","-","-","-","-","-","-","-","-","-","-","-","-","-","-","-","-","-","-","-","-","-","-","-","-","-","-4.847","5.155","-8.210","-2.832","-4.466","0.992","-3.605","-1.858","-18.192"
"Change In DeferredTax","-","-","-","-","-","-","-","-","-","-","-","-","-","-","-","-","-","0.000","0.000","-11.189","-5.153","","-","-","-","-","-","-","-","-","-","-","-","-","-","-","-","-","-","-","-","-","-","-","-","-","-","-","-","-","-","-","-","-","-","-","-","-","-","-","-","-","-","-","-","-","-","-","-","-","-","-","-","-","-","-","-","-","-","-","-","-","-","-","-","-","-","-","-","-","-","-","-","0.000","0.000","0.000","0.000","0.000","0.000","-0.810","0.356","-4.699"
"Stock Based Compensation","-","-","-","-","-","-","-","-","-","-","-","-","-","-","-","-","-","1.500","0.410","0.830","16.420","","-","-","-","-","-","-","-","-","-","-","-","-","-","-","-","-","-","-","-","-","-","-","-","-","-","-","-","-","-","-","-","-","-","-","-","-","-","-","-","-","-","-","-","-","-","-","-","-","-","-","-","-","-","-","-","-","-","-","-","-","-","-","-","-","-","-","-","-","-","-","-","-4.890","0.120","0.130","0.190","0.230","0.280","0.290","9.170","6.680"
"Cash Flow from Discontinued Operations","-","-","-","-","-","-","-","-","-","-","-","-","-","-","-","-","-","0.000","0.000","0.000","0.000","","-","-","-","-","-","-","-","-","-","-","-","-","-","-","-","-","-","-","-","-","-","-","-","-","-","-","-","-","-","-","-","-","-","-","-","-","-","-","-","-","-","-","-","-","-","-","-","-","-","-","-","-","-","-","-","-","-","-","-","-","-","-","-","-","-","-","-","-","-","-","-","0.000","0.000","0.000","0.000","0.000","0.000","0.000","0.000","0.000"
"Cash Flow from Others","-","-","-","-","-","-","-","-","-","-","-","-","-","-","-","-","-","0.925","0.635","2.229","-7.430","","-","-","-","-","-","-","-","-","-","-","-","-","-","-","-","-","-","-","-","-","-","-","-","-","-","-","-","-","-","-","-","-","-","-","-","-","-","-","-","-","-","-","-","-","-","-","-","-","-","-","-","-","-","-","-","-","-","-","-","-","-","-","-","-","-","-","-","-","-","-","-","6.950","0.279","0.395","1.115","0.378","-10.848","-0.240","3.602","0.056"
"Cash Flow from Operations","-","-","-","-","-","-","-","-","-","-","-","-","-","-","-","-","-","-1.067","13.397","22.450","78.842","","-","-","-","-","-","-","-","-","-","-","-","-","-","-","-","-","-","-","-","-","-","-","-","-","-","-","-","-","-","-","-","-","-","-","-","-","-","-","-","-","-","-","-","-","-","-","-","-","-","-","-","-","-","-","-","-","-","-","-","-","-","-","-","-","-","-","-","-","-","-","-","-0.820","9.008","-2.436","4.224","6.189","14.473","11.899","31.021","21.449"
"Purchase Of Property, Plant, Equipment","-","-","-","-","-","-","-","-","-","-","-","-","-","-","-","-","-","-2.915","-6.466","-12.110","-15.931","","-","-","-","-","-","-","-","-","-","-","-","-","-","-","-","-","-","-","-","-","-","-","-","-","-","-","-","-","-","-","-","-","-","-","-","-","-","-","-","-","-","-","-","-","-","-","-","-","-","-","-","-","-","-","-","-","-","-","-","-","-","-","-","-","-","-","-","-","-","-","-","10.370","-2.557","-2.854","-1.957","-3.635","-3.664","-6.221","-1.812","-4.234"
"Sale Of Property, Plant, Equipment","-","-","-","-","-","-","-","-","-","-","-","-","-","-","-","-","-","0.000","0.000","0.000","0.000","","-","-","-","-","-","-","-","-","-","-","-","-","-","-","-","-","-","-","-","-","-","-","-","-","-","-","-","-","-","-","-","-","-","-","-","-","-","-","-","-","-","-","-","-","-","-","-","-","-","-","-","-","-","-","-","-","-","-","-","-","-","-","-","-","-","-","-","-","-","-","-","0.000","0.000","0.000","0.000","0.000","0.000","0.000","0.000","0.000"
"Purchase Of Business","-","-","-","-","-","-","-","-","-","-","-","-","-","-","-","-","-","0.000","0.000","0.000","0.000","","-","-","-","-","-","-","-","-","-","-","-","-","-","-","-","-","-","-","-","-","-","-","-","-","-","-","-","-","-","-","-","-","-","-","-","-","-","-","-","-","-","-","-","-","-","-","-","-","-","-","-","-","-","-","-","-","-","-","-","-","-","-","-","-","-","-","-","-","-","-","-","0.000","0.000","0.000","0.000","0.000","0.000","0.000","0.000","0.000"
"Sale Of Business","-","-","-","-","-","-","-","-","-","-","-","-","-","-","-","-","-","0.000","0.000","0.000","0.000","","-","-","-","-","-","-","-","-","-","-","-","-","-","-","-","-","-","-","-","-","-","-","-","-","-","-","-","-","-","-","-","-","-","-","-","-","-","-","-","-","-","-","-","-","-","-","-","-","-","-","-","-","-","-","-","-","-","-","-","-","-","-","-","-","-","-","-","-","-","-","-","0.000","0.000","0.000","0.000","0.000","0.000","0.000","0.000","0.000"
"Purchase Of Investment","-","-","-","-","-","-","-","-","-","-","-","-","-","-","-","-","-","0.000","0.000","0.000","0.000","","-","-","-","-","-","-","-","-","-","-","-","-","-","-","-","-","-","-","-","-","-","-","-","-","-","-","-","-","-","-","-","-","-","-","-","-","-","-","-","-","-","-","-","-","-","-","-","-","-","-","-","-","-","-","-","-","-","-","-","-","-","-","-","-","-","-","-","-","-","-","-","0.000","0.000","0.000","0.000","0.000","0.000","0.000","0.000","0.000"
"Sale Of Investment","-","-","-","-","-","-","-","-","-","-","-","-","-","-","-","-","-","0.000","0.000","0.000","0.000","","-","-","-","-","-","-","-","-","-","-","-","-","-","-","-","-","-","-","-","-","-","-","-","-","-","-","-","-","-","-","-","-","-","-","-","-","-","-","-","-","-","-","-","-","-","-","-","-","-","-","-","-","-","-","-","-","-","-","-","-","-","-","-","-","-","-","-","-","-","-","-","0.000","0.000","0.000","0.000","0.000","0.000","0.000","0.000","0.000"
"Net Intangibles Purchase And Sale","-","-","-","-","-","-","-","-","-","-","-","-","-","-","-","-","-","0.000","0.000","0.000","0.000","","-","-","-","-","-","-","-","-","-","-","-","-","-","-","-","-","-","-","-","-","-","-","-","-","-","-","-","-","-","-","-","-","-","-","-","-","-","-","-","-","-","-","-","-","-","-","-","-","-","-","-","-","-","-","-","-","-","-","-","-","-","-","-","-","-","-","-","-","-","-","-","0.000","0.000","0.000","0.000","0.000","0.000","0.000","0.000","0.000"
"Cash From Discontinued Investing Activities","-","-","-","-","-","-","-","-","-","-","-","-","-","-","-","-","-","0.000","0.000","0.000","0.000","","-","-","-","-","-","-","-","-","-","-","-","-","-","-","-","-","-","-","-","-","-","-","-","-","-","-","-","-","-","-","-","-","-","-","-","-","-","-","-","-","-","-","-","-","-","-","-","-","-","-","-","-","-","-","-","-","-","-","-","-","-","-","-","-","-","-","-","-","-","-","-","0.000","0.000","0.000","0.000","0.000","0.000","0.000","0.000","0.000"
"Cash From Other Investing Activities","-","-","-","-","-","-","-","-","-","-","-","-","-","-","-","-","-","-0.021","-0.012","-0.006","-52.761","","-","-","-","-","-","-","-","-","-","-","-","-","-","-","-","-","-","-","-","-","-","-","-","-","-","-","-","-","-","-","-","-","-","-","-","-","-","-","-","-","-","-","-","-","-","-","-","-","-","-","-","-","-","-","-","-","-","-","-","-","-","-","-","-","-","-","-","-","-","-","-","-13.306","0.000","0.000","0.000","-0.006","0.000","-0.011","-0.012","-52.738"
"Cash Flow from Investing","-","-","-","-","-","-","-","-","-","-","-","-","-","-","-","-","-","-2.936","-6.478","-12.116","-68.692","","-","-","-","-","-","-","-","-","-","-","-","-","-","-","-","-","-","-","-","-","-","-","-","-","-","-","-","-","-","-","-","-","-","-","-","-","-","-","-","-","-","-","-","-","-","-","-","-","-","-","-","-","-","-","-","-","-","-","-","-","-","-","-","-","-","-","-","-","-","-","-","-2.936","-2.557","-2.854","-1.957","-3.641","-3.664","-6.232","-1.824","-56.972"
"Issuance of Stock","-","-","-","-","-","-","-","-","-","-","-","-","-","-","-","-","-","0.000","0.000","0.000","0.000","","-","-","-","-","-","-","-","-","-","-","-","-","-","-","-","-","-","-","-","-","-","-","-","-","-","-","-","-","-","-","-","-","-","-","-","-","-","-","-","-","-","-","-","-","-","-","-","-","-","-","-","-","-","-","-","-","-","-","-","-","-","-","-","-","-","-","-","-","-","-","-","0.000","0.000","0.000","0.000","0.000","0.000","0.000","0.000","0.000"
"Repurchase of Stock","-","-","-","-","-","-","-","-","-","-","-","-","-","-","-","-","-","-1.955","0.000","0.000","0.000","","-","-","-","-","-","-","-","-","-","-","-","-","-","-","-","-","-","-","-","-","-","-","-","-","-","-","-","-","-","-","-","-","-","-","-","-","-","-","-","-","-","-","-","-","-","-","-","-","-","-","-","-","-","-","-","-","-","-","-","-","-","-","-","-","-","-","-","-","-","-","-","-2.036","0.000","0.000","0.000","0.000","0.000","0.000","0.000","0.000"
"Net Issuance of Preferred Stock","-","-","-","-","-","-","-","-","-","-","-","-","-","-","-","-","-","21.802","0.000","0.000","0.000","","-","-","-","-","-","-","-","-","-","-","-","-","-","-","-","-","-","-","-","-","-","-","-","-","-","-","-","-","-","-","-","-","-","-","-","-","-","-","-","-","-","-","-","-","-","-","-","-","-","-","-","-","-","-","-","-","-","-","-","-","-","-","-","-","-","-","-","-","-","-","-","0.000","0.000","0.000","0.000","0.000","0.000","0.000","0.000","0.000"
"Net Issuance of Debt","-","-","-","-","-","-","-","-","-","-","-","-","-","-","-","-","-","-0.056","-6.055","-2.155","0.000","","-","-","-","-","-","-","-","-","-","-","-","-","-","-","-","-","-","-","-","-","-","-","-","-","-","-","-","-","-","-","-","-","-","-","-","-","-","-","-","-","-","-","-","-","-","-","-","-","-","-","-","-","-","-","-","-","-","-","-","-","-","-","-","-","-","-","-","-","-","-","-","-0.284","-3.637","-0.473","-1.682","0.000","0.000","0.000","0.000","0.000"
"Cash Flow for Dividends","-","-","-","-","-","-","-","-","-","-","-","-","-","-","-","-","-","0.000","0.000","0.000","0.000","","-","-","-","-","-","-","-","-","-","-","-","-","-","-","-","-","-","-","-","-","-","-","-","-","-","-","-","-","-","-","-","-","-","-","-","-","-","-","-","-","-","-","-","-","-","-","-","-","-","-","-","-","-","-","-","-","-","-","-","-","-","-","-","-","-","-","-","-","-","-","-","0.000","0.000","0.000","0.000","0.000","0.000","0.000","0.000","0.000"
"Other Financing","-","-","-","-","-","-","-","-","-","-","-","-","-","-","-","-","-","0.068","0.035","-1.692","0.000","","-","-","-","-","-","-","-","-","-","-","-","-","-","-","-","-","-","-","-","-","-","-","-","-","-","-","-","-","-","-","-","-","-","-","-","-","-","-","-","-","-","-","-","-","-","-","-","-","-","-","-","-","-","-","-","-","-","-","-","-","-","-","-","-","-","-","-","-","-","-","-","21.868","0.027","0.011","0.066","0.000","0.000","0.000","0.000","0.000"
"Cash Flow from Financing","-","-","-","-","-","-","-","-","-","-","-","-","-","-","-","-","-","19.859","-6.020","-3.847","94.730","","-","-","-","-","-","-","-","-","-","-","-","-","-","-","-","-","-","-","-","-","-","-","-","-","-","-","-","-","-","-","-","-","-","-","-","-","-","-","-","-","-","-","-","-","-","-","-","-","-","-","-","-","-","-","-","-","-","-","-","-","-","-","-","-","-","-","-","-","-","-","-","19.548","-3.610","-0.462","-1.616","-0.536","-1.233","-0.393","96.928","-0.572"
"Net Change in Cash","-","-","-","-","-","-","-","-","-","-","-","-","-","-","-","-","-","15.856","0.893","6.482","104.877","","-","-","-","-","-","-","-","-","-","-","-","-","-","-","-","-","-","-","-","-","-","-","-","-","-","-","-","-","-","-","-","-","-","-","-","-","-","-","-","-","-","-","-","-","-","-","-","-","-","-","-","-","-","-","-","-","-","-","-","-","-","-","-","-","-","-","-","-","-","-","-","15.792","2.837","-5.756","0.652","2.013","9.573","5.280","126.119","-36.095"
"Capital Expenditure","-","-","-","-","-","-","-","-","-","-","-","-","-","-","-","-","-","-2.915","-6.466","-12.110","-15.931","","-","-","-","-","-","-","-","-","-","-","-","-","-","-","-","-","-","-","-","-","-","-","-","-","-","-","-","-","-","-","-","-","-","-","-","-","-","-","-","-","-","-","-","-","-","-","-","-","-","-","-","-","-","-","-","-","-","-","-","-","-","-","-","-","-","-","-","-","-","-","-","10.370","-2.557","-2.854","-1.957","-3.635","-3.664","-6.221","-1.812","-4.234"
"Free Cash Flow","-","-","-","-","-","-","-","-","-","-","-","-","-","-","-","-","-","-3.982","6.931","10.340","62.911","","-","-","-","-","-","-","-","-","-","-","-","-","-","-","-","-","-","-","-","-","-","-","-","-","-","-","-","-","-","-","-","-","-","-","-","-","-","-","-","-","-","-","-","-","-","-","-","-","-","-","-","-","-","-","-","-","-","-","-","-","-","-","-","-","-","-","-","-","-","-","-","9.550","6.451","-5.290","2.267","2.554","10.809","5.678","29.209","17.215"
"PE Ratio(TTM)","-","-","-","-","-","-","-","-","-","-","-","-","-","-","-","-","-","0.000","0.000","0.000","9.910","","-","-","-","-","-","-","-","-","-","-","-","-","-","-","-","-","-","-","-","-","-","-","-","-","-","-","-","-","-","-","-","-","-","-","-","-","-","-","-","-","-","-","-","-","-","-","-","-","-","-","-","-","-","-","-","-","-","-","-","-","-","-","-","-","-","-","-","-","-","-","-","0.000","0.000","0.000","0.000","0.000","0.000","0.000","7.520","16.740"
"Price to Owner Earnings (TTM)","","","","","","","","","","","","","","","","","","0.000","0.000","0.000","","","","","","","","","","","","","","","","","","","","","","","","","","","","","","","","","","","","","","","","","","","","","","","","","","","","","","","","","","","","","","","","","","","","","","","","","","0.000","0.000","0.000","0.000","0.000","0.000","0.000","0.000","0.000"
"Price to Book","-","-","-","-","-","-","-","-","-","-","-","-","-","-","-","-","-","0.000","0.000","0.000","8.320","","-","-","-","-","-","-","-","-","-","-","-","-","-","-","-","-","-","-","-","-","-","-","-","-","-","-","-","-","-","-","-","-","-","-","-","-","-","-","-","-","-","-","-","-","-","-","-","-","-","-","-","-","-","-","-","-","-","-","-","-","-","-","-","-","-","-","-","-","-","-","-","0.000","0.000","0.000","0.000","0.000","0.000","0.000","6.440","14.050"
"Price to Tangible Book","-","-","-","-","-","-","-","-","-","-","-","-","-","-","-","-","-","0.000","0.000","0.000","8.320","","-","-","-","-","-","-","-","-","-","-","-","-","-","-","-","-","-","-","-","-","-","-","-","-","-","-","-","-","-","-","-","-","-","-","-","-","-","-","-","-","-","-","-","-","-","-","-","-","-","-","-","-","-","-","-","-","-","-","-","-","-","-","-","-","-","-","-","-","-","-","-","0.000","0.000","0.000","0.000","0.000","0.000","0.000","6.440","14.050"
"Price-to-Free-Cash-Flow Ratio","-","-","-","-","-","-","-","-","-","-","-","-","-","-","-","-","-","0.000","0.000","0.000","28.800","","-","-","-","-","-","-","-","-","-","-","-","-","-","-","-","-","-","-","-","-","-","-","-","-","-","-","-","-","-","-","-","-","-","-","-","-","-","-","-","-","-","-","-","-","-","-","-","-","-","-","-","-","-","-","-","-","-","-","-","-","-","-","-","-","-","-","-","-","-","-","-","0.000","0.000","0.000","0.000","0.000","0.000","0.000","23.490","48.650"
"Price-to-Operating-Cash-Flow Ratio","-","-","-","-","-","-","-","-","-","-","-","-","-","-","-","-","-","0.000","0.000","0.000","23.500","","-","-","-","-","-","-","-","-","-","-","-","-","-","-","-","-","-","-","-","-","-","-","-","-","-","-","-","-","-","-","-","-","-","-","-","-","-","-","-","-","-","-","-","-","-","-","-","-","-","-","-","-","-","-","-","-","-","-","-","-","-","-","-","-","-","-","-","-","-","-","-","0.000","0.000","0.000","0.000","0.000","0.000","0.000","19.250","39.690"
"PS Ratio","-","-","-","-","-","-","-","-","-","-","-","-","-","-","-","-","-","0.000","0.000","0.000","4.800","","-","-","-","-","-","-","-","-","-","-","-","-","-","-","-","-","-","-","-","-","-","-","-","-","-","-","-","-","-","-","-","-","-","-","-","-","-","-","-","-","-","-","-","-","-","-","-","-","-","-","-","-","-","-","-","-","-","-","-","-","-","-","-","-","-","-","-","-","-","-","-","0.000","0.000","0.000","0.000","0.000","0.000","0.000","4.240","8.110"
"PEG Ratio","","","","","","","","","","","","","","","","","","0.000","0.000","0.000","","","","","","","","","","","","","","","","","","","","","","","","","","","","","","","","","","","","","","","","","","","","","","","","","","","","","","","","","","","","","","","","","","","","","","","","","","0.000","0.000","0.000","0.000","0.000","0.000","0.000","0.000","0.000"
"EV-to-Revenue","-","-","-","-","-","-","-","-","-","-","-","-","-","-","-","-","-","0.000","0.000","0.000","5.220","","-","-","-","-","-","-","-","-","-","-","-","-","-","-","-","-","-","-","-","-","-","-","-","-","-","-","-","-","-","-","-","-","-","-","-","-","-","-","-","-","-","-","-","-","-","-","-","-","-","-","-","-","-","-","-","-","-","-","-","-","-","-","-","-","-","-","-","-","-","-","-","0.000","0.000","0.000","0.000","0.000","0.000","0.000","3.780","8.690"
"EV-to-EBITDA","-","-","-","-","-","-","-","-","-","-","-","-","-","-","-","-","-","0.000","0.000","0.000","21.490","","-","-","-","-","-","-","-","-","-","-","-","-","-","-","-","-","-","-","-","-","-","-","-","-","-","-","-","-","-","-","-","-","-","-","-","-","-","-","-","-","-","-","-","-","-","-","-","-","-","-","-","-","-","-","-","-","-","-","-","-","-","-","-","-","-","-","-","-","-","-","-","0.000","0.000","0.000","0.000","0.000","0.000","0.000","17.440","35.740"
"EV-to-EBIT","-","-","-","-","-","-","-","-","-","-","-","-","-","-","-","-","-","0.000","0.000","0.000","23.380","","-","-","-","-","-","-","-","-","-","-","-","-","-","-","-","-","-","-","-","-","-","-","-","-","-","-","-","-","-","-","-","-","-","-","-","-","-","-","-","-","-","-","-","-","-","-","-","-","-","-","-","-","-","-","-","-","-","-","-","-","-","-","-","-","-","-","-","-","-","-","-","0.000","0.000","0.000","0.000","0.000","0.000","0.000","19.140","38.890"
"Earnings Yield (Joel Greenblatt)","","","","","","","","","","","","","","","","","","0.000","0.000","0.000","4.300","","-","-","-","-","-","-","-","-","-","-","-","-","-","-","-","-","-","-","-","-","-","-","-","-","-","-","-","-","-","-","-","-","-","-","-","-","-","-","-","-","-","-","-","-","-","-","-","-","-","-","-","-","-","-","-","-","-","-","-","-","-","-","-","-","-","-","-","-","-","-","-","0.000","0.000","0.000","0.000","0.000","0.000","0.000","5.220","2.570"
"Forward Rate of Return","-","-","-","-","-","-","-","-","-","-","-","-","-","-","-","-","-","0.000","0.000","0.000","0.000","","-","-","-","-","-","-","-","-","-","-","-","-","-","-","-","-","-","-","-","-","-","-","-","-","-","-","-","-","-","-","-","-","-","-","-","-","-","-","-","-","-","-","-","-","-","-","-","-","-","-","-","-","-","-","-","-","-","-","-","-","-","-","-","-","-","-","-","-","-","-","-","0.000","0.000","0.000","0.000","0.000","0.000","0.000","0.000","0.000"
"Shiller PE Ratio","-","-","-","-","-","-","-","-","-","-","-","-","-","-","-","-","-","0.000","0.000","0.000","0.000","","-","-","-","-","-","-","-","-","-","-","-","-","-","-","-","-","-","-","-","-","-","-","-","-","-","-","-","-","-","-","-","-","-","-","-","-","-","-","-","-","-","-","-","-","-","-","-","-","-","-","-","-","-","-","-","-","-","-","-","-","-","-","-","-","-","-","-","-","-","-","-","0.000","0.000","0.000","0.000","0.000","0.000","0.000","0.000","0.000"
"Market Cap","-","-","-","-","-","-","-","-","-","-","-","-","-","-","-","-","-","0.000","0.000","0.000","2,288.400","","-","-","-","-","-","-","-","-","-","-","-","-","-","-","-","-","-","-","-","-","-","-","-","-","-","-","-","-","-","-","-","-","-","-","-","-","-","-","-","-","-","-","-","-","-","-","-","-","-","-","-","-","-","-","-","-","-","-","-","-","-","-","-","-","-","-","-","-","-","-","-","0.000","0.000","0.000","0.000","0.000","0.000","0.000","1,424.260","3,689.162"
"Enterprise Value","-","-","-","-","-","-","-","-","-","-","-","-","-","-","-","-","-","0.000","0.000","0.000","2,112.845","","-","-","-","-","-","-","-","-","-","-","-","-","-","-","-","-","-","-","-","-","-","-","-","-","-","-","-","-","-","-","-","-","-","-","-","-","-","-","-","-","-","-","-","-","-","-","-","-","-","-","-","-","-","-","-","-","-","-","-","-","-","-","-","-","-","-","-","-","-","-","-","0.000","0.000","0.000","0.000","0.000","0.000","0.000","1,265.251","3,513.607"
"Net Cash (per share)","-","-","-","-","-","-","-","-","-","-","-","-","-","-","-","-","-","0.000","0.000","-2.910","2.410","","-","-","-","-","-","-","-","-","-","-","-","-","-","-","-","-","-","-","-","-","-","-","-","-","-","-","-","-","-","-","-","-","-","-","-","-","-","-","-","-","-","-","-","-","-","-","-","-","-","-","-","-","-","-","-","-","-","-","-","-","-","-","-","-","-","-","-","-","-","-","-","0.000","0.000","0.000","0.000","0.000","-2.910","-0.890","2.360","2.410"
"Net Current Asset Value (per share)","-","-","-","-","-","-","-","-","-","-","-","-","-","-","-","-","-","0.000","0.000","-0.590","6.230","","-","-","-","-","-","-","-","-","-","-","-","-","-","-","-","-","-","-","-","-","-","-","-","-","-","-","-","-","-","-","-","-","-","-","-","-","-","-","-","-","-","-","-","-","-","-","-","-","-","-","-","-","-","-","-","-","-","-","-","-","-","-","-","-","-","-","-","-","-","-","-","0.000","0.000","0.000","0.000","0.000","-0.590","1.800","5.290","6.230"
"Net-Net Working Capital (per share)","-","-","-","-","-","-","-","-","-","-","-","-","-","-","-","-","-","0.000","0.000","-1.530","4.960","","-","-","-","-","-","-","-","-","-","-","-","-","-","-","-","-","-","-","-","-","-","-","-","-","-","-","-","-","-","-","-","-","-","-","-","-","-","-","-","-","-","-","-","-","-","-","-","-","-","-","-","-","-","-","-","-","-","-","-","-","-","-","-","-","-","-","-","-","-","-","-","0.000","0.000","0.000","0.000","0.000","-1.530","0.820","4.320","4.960"
"Projected FCF (per share)","-","-","-","-","-","-","-","-","-","-","-","-","-","-","-","-","-","0.000","0.000","0.000","0.000","","-","-","-","-","-","-","-","-","-","-","-","-","-","-","-","-","-","-","-","-","-","-","-","-","-","-","-","-","-","-","-","-","-","-","-","-","-","-","-","-","-","-","-","-","-","-","-","-","-","-","-","-","-","-","-","-","-","-","-","-","-","-","-","-","-","-","-","-","-","-","-","0.000","0.000","0.000","0.000","0.000","0.000","0.000","0.000","0.000"
"Median PS (per share)","-","-","-","-","-","-","-","-","-","-","-","-","-","-","-","-","-","0.000","0.000","12.190","74.160","","-","-","-","-","-","-","-","-","-","-","-","-","-","-","-","-","-","-","-","-","-","-","-","-","-","-","-","-","-","-","-","-","-","-","-","-","-","-","-","-","-","-","-","-","-","-","-","-","-","-","-","-","-","-","-","-","-","-","-","-","-","-","-","-","-","-","-","-","-","-","-","0.000","0.000","0.000","0.000","0.000","12.190","27.070","54.810","74.160"
"Peter Lynch Fair Value (per share)","-","-","-","-","-","-","-","-","-","-","-","-","-","-","-","-","-","0.000","0.000","0.000","0.000","","-","-","-","-","-","-","-","-","-","-","-","-","-","-","-","-","-","-","-","-","-","-","-","-","-","-","-","-","-","-","-","-","-","-","-","-","-","-","-","-","-","-","-","-","-","-","-","-","-","-","-","-","-","-","-","-","-","-","-","-","-","-","-","-","-","-","-","-","-","-","-","0.000","0.000","0.000","0.000","0.000","0.000","0.000","0.000","0.000"
"Graham Number (per share)","-","-","-","-","-","-","-","-","-","-","-","-","-","-","-","-","-","0.000","0.000","2.680","31.940","","-","-","-","-","-","-","-","-","-","-","-","-","-","-","-","-","-","-","-","-","-","-","-","-","-","-","-","-","-","-","-","-","-","-","-","-","-","-","-","-","-","-","-","-","-","-","-","-","-","-","-","-","-","-","-","-","-","-","-","-","-","-","-","-","-","-","-","-","-","-","-","0.000","0.000","0.000","0.000","0.000","4.950","17.270","27.230","31.940"
"Earnings Power Value (EPV)","-","-","-","-","-","-","-","-","-","-","-","-","-","-","-","-","-","0.000","0.000","0.000","0.000","","-","-","-","-","-","-","-","-","-","-","-","-","-","-","-","-","-","-","-","-","-","-","-","-","-","-","-","-","-","-","-","-","-","-","-","-","-","-","-","-","-","-","-","-","-","-","-","-","-","-","-","-","-","-","-","-","-","-","-","-","-","-","-","-","-","-","-","-","-","-","-","0.000","0.000","0.000","0.000","0.000","0.000","0.000","0.000","0.000"
"Altman Z-Score","-","-","-","-","-","-","-","-","-","-","-","-","-","-","-","-","-","0.000","0.000","3.430","18.380","","-","-","-","-","-","-","-","-","-","-","-","-","-","-","-","-","-","-","-","-","-","-","-","-","-","-","-","-","-","-","-","-","-","-","-","-","-","-","-","-","-","-","-","-","-","-","-","-","-","-","-","-","-","-","-","-","-","-","-","-","-","-","-","-","-","-","-","-","-","-","-","0.000","0.000","0.000","0.000","3.180","3.430","3.400","14.180","27.780"
"Piotroski F-Score","-","-","-","-","-","-","-","-","-","-","-","-","-","-","-","-","-","0.000","0.000","0.000","0.000","","-","-","-","-","-","-","-","-","-","-","-","-","-","-","-","-","-","-","-","-","-","-","-","-","-","-","-","-","-","-","-","-","-","-","-","-","-","-","-","-","-","-","-","-","-","-","-","-","-","-","-","-","-","-","-","-","-","-","-","-","-","-","-","-","-","-","-","-","-","-","-","0.000","0.000","0.000","0.000","0.000","0.000","0.000","0.000","0.000"
"Beneish M-Score","-","-","-","-","-","-","-","-","-","-","-","-","-","-","-","-","-","0.000","0.000","0.000","0.000","","-","-","-","-","-","-","-","-","-","-","-","-","-","-","-","-","-","-","-","-","-","-","-","-","-","-","-","-","-","-","-","-","-","-","-","-","-","-","-","-","-","-","-","-","-","-","-","-","-","-","-","-","-","-","-","-","-","-","-","-","-","-","-","-","-","-","-","-","-","-","-","0.000","0.000","0.000","0.000","0.000","0.000","0.000","0.000","0.000"
"Scaled Net Operating Assets","-","-","-","-","-","-","-","-","-","-","-","-","-","-","-","-","-","-0.947","-0.897","-0.298","0.293","","-","-","-","-","-","-","-","-","-","-","-","-","-","-","-","-","-","-","-","-","-","-","-","-","-","-","-","-","-","-","-","-","-","-","-","-","-","-","-","-","-","-","-","-","-","-","-","-","-","-","-","-","-","-","-","-","-","-","-","-","-","-","-","-","-","-","-","-","-","-","-","0.000","0.000","0.000","0.000","0.000","-0.182","0.489","0.386","0.293"
"Sloan Ratio (%)","-","-","-","-","-","-","-","-","-","-","-","-","-","-","-","-","-","5.230","10.050","23.090","22.610","","-","-","-","-","-","-","-","-","-","-","-","-","-","-","-","-","-","-","-","-","-","-","-","-","-","-","-","-","-","-","-","-","-","-","-","-","-","-","-","-","-","-","-","-","-","-","-","-","-","-","-","-","-","-","-","-","-","-","-","-","-","-","-","-","-","-","-","-","-","-","-","0.000","0.000","0.000","0.000","13.450","23.090","18.290","5.220","22.610"
"Current Ratio","-","-","-","-","-","-","-","-","-","-","-","-","-","-","-","-","-","1.800","2.220","2.140","3.550","","-","-","-","-","-","-","-","-","-","-","-","-","-","-","-","-","-","-","-","-","-","-","-","-","-","-","-","-","-","-","-","-","-","-","-","-","-","-","-","-","-","-","-","-","-","-","-","-","-","-","-","-","-","-","-","-","-","-","-","-","-","-","-","-","-","-","-","-","-","-","-","0.000","2.220","0.000","0.000","1.930","2.140","2.020","3.560","3.550"
"Quick Ratio","-","-","-","-","-","-","-","-","-","-","-","-","-","-","-","-","-","1.220","1.650","1.560","3.220","","-","-","-","-","-","-","-","-","-","-","-","-","-","-","-","-","-","-","-","-","-","-","-","-","-","-","-","-","-","-","-","-","-","-","-","-","-","-","-","-","-","-","-","-","-","-","-","-","-","-","-","-","-","-","-","-","-","-","-","-","-","-","-","-","-","-","-","-","-","-","-","0.000","1.650","0.000","0.000","1.520","1.560","1.620","3.250","3.220"
"Highest Stock Price","-","-","-","-","-","-","-","-","-","-","-","-","-","-","-","-","-","0.000","0.000","0.000","128.730","","-","-","-","-","-","-","-","-","-","-","-","-","-","-","-","-","-","-","-","-","-","-","-","-","-","-","-","-","-","-","-","-","-","-","-","-","-","-","-","-","-","-","-","-","-","-","-","-","-","-","-","-","-","-","-","-","-","-","-","-","-","-","-","-","-","-","-","-","-","-","-","0.000","0.000","0.000","0.000","0.000","0.000","0.000","44.320","123.440"
"Lowest Stock Price","-","-","-","-","-","-","-","-","-","-","-","-","-","-","-","-","-","0.000","0.000","0.000","27.050","","-","-","-","-","-","-","-","-","-","-","-","-","-","-","-","-","-","-","-","-","-","-","-","-","-","-","-","-","-","-","-","-","-","-","-","-","-","-","-","-","-","-","-","-","-","-","-","-","-","-","-","-","-","-","-","-","-","-","-","-","-","-","-","-","-","-","-","-","-","-","-","0.000","0.000","0.000","0.000","0.000","0.000","0.000","0.000","41.080"
"Shares Buyback Ratio (%)","","","","","","","","","","","","","","","","","","0.000","0.000","0.000","0.000","","-","-","-","-","-","-","-","-","-","-","-","-","-","-","-","-","-","-","-","-","-","-","-","-","-","-","-","-","-","-","-","-","-","-","-","-","-","-","-","-","-","-","-","-","-","-","-","-","-","-","-","-","-","-","-","-","-","-","-","-","-","-","-","-","-","-","-","-","-","-","-","0.000","0.000","0.000","0.000","0.000","0.000","-8.940","0.000","-0.170"
"YoY Rev. per Sh. Growth (%)","","","","","","","","","","","","","","","","","","0.000","0.000","0.000","","","","","","","","","","","","","","","","","","","","","","","","","","","","","","","","","","","","","","","","","","","","","","","","","","","","","","","","","","","","","","","","","","","","","","","","","","0.000","0.000","0.000","0.000","0.000","0.000","0.000","0.000","0.000"
"YoY EPS Growth (%)","","","","","","","","","","","","","","","","","","0.000","0.000","0.000","","","","","","","","","","","","","","","","","","","","","","","","","","","","","","","","","","","","","","","","","","","","","","","","","","","","","","","","","","","","","","","","","","","","","","","","","","0.000","0.000","0.000","0.000","0.000","0.000","0.000","0.000","0.000"
"YoY EBITDA Growth (%)","","","","","","","","","","","","","","","","","","0.000","0.000","0.000","","","","","","","","","","","","","","","","","","","","","","","","","","","","","","","","","","","","","","","","","","","","","","","","","","","","","","","","","","","","","","","","","","","","","","","","","","0.000","0.000","0.000","0.000","0.000","0.000","0.000","0.000","0.000"
"EBITDA 5-Y Growth (%)","-","-","-","-","-","-","-","-","-","-","-","-","-","-","-","-","-","0.000","0.000","0.000","0.000","","-","-","-","-","-","-","-","-","-","-","-","-","-","-","-","-","-","-","-","-","-","-","-","-","-","-","-","-","-","-","-","-","-","-","-","-","-","-","-","-","-","-","-","-","-","-","-","-","-","-","-","-","-","-","-","-","-","-","-","-","-","-","-","-","-","-","-","-","-","-","-","0.000","0.000","0.000","0.000","0.000","0.000","0.000","0.000","0.000"
"Shares Outstanding (Basic Average)","-","-","-","-","-","-","-","-","-","-","-","-","-","-","-","-","-","0.000","0.000","30.606","35.922","","-","-","-","-","-","-","-","-","-","-","-","-","-","-","-","-","-","-","-","-","-","-","-","-","-","-","-","-","-","-","-","-","-","-","-","-","-","-","-","-","-","-","-","-","-","-","-","-","-","-","-","-","-","-","-","-","-","-","-","-","-","-","-","-","-","-","-","-","-","-","-","0.000","0.000","0.000","0.000","0.000","30.606","30.920","20.760","35.922"
"Shares Outstanding (EOP)","-","-","-","-","-","-","-","-","-","-","-","-","-","-","-","-","-","0.000","0.000","32.733","37.420","","-","-","-","-","-","-","-","-","-","-","-","-","-","-","-","-","-","-","-","-","-","-","-","-","-","-","-","-","-","-","-","-","-","-","-","-","-","-","-","-","-","-","-","-","-","-","-","-","-","-","-","-","-","-","-","-","-","-","-","-","-","-","-","-","-","-","-","-","-","-","-","0.000","0.000","0.000","0.000","0.000","32.733","35.660","35.660","35.720"
"Beta","-","-","-","-","-","-","-","-","-","-","-","-","-","-","-","-","-","0.000","0.000","0.000","0.000","","-","-","-","-","-","-","-","-","-","-","-","-","-","-","-","-","-","-","-","-","-","-","-","-","-","-","-","-","-","-","-","-","-","-","-","-","-","-","-","-","-","-","-","-","-","-","-","-","-","-","-","-","-","-","-","-","-","-","-","-","-","-","-","-","-","-","-","-","-","-","-","0.000","0.000","0.000","0.000","0.000","0.000","0.000","0.000","0.000"
"Filing Date","-","-","-","-","-","-","-","-","-","-","-","-","-","-","-","-","-","02/24/16","12/21/15","05/13/16","","","-","-","-","-","-","-","-","-","-","-","-","-","-","-","-","-","-","-","-","-","-","-","-","-","-","-","-","-","-","-","-","-","-","-","-","-","-","-","-","-","-","-","-","-","-","-","-","-","-","-","-","-","-","-","-","-","-","-","-","-","-","-","-","-","-","-","-","-","-","-","-","02/24/16","12/21/15","05/13/16","08/11/16","12/21/15","05/13/16","05/13/16","08/11/16","11/10/16"
"Restated Filing Date","-","-","-","-","-","-","-","-","-","-","-","-","-","-","-","-","-","02/24/16","05/13/16","05/13/16","","","-","-","-","-","-","-","-","-","-","-","-","-","-","-","-","-","-","-","-","-","-","-","-","-","-","-","-","-","-","-","-","-","-","-","-","-","-","-","-","-","-","-","-","-","-","-","-","-","-","-","-","-","-","-","-","-","-","-","-","-","-","-","-","-","-","-","-","-","-","-","-","02/24/16","05/13/16","05/13/16","08/11/16","11/10/16","05/13/16","05/13/16","08/11/16","11/10/16"
