Downloaded from http://www.GuruFocus.com on 2017-01-14 at 16:33(CST), Saturday
Filename: NAS:AAAP.csv
Change log: Jan. 4  2017: Add 'Dividend Yield %' under 'Shiller PE Ratio' in 'Valuation Ratios' section.   Sep. 26  2016: Add 'Scaled Net Operating Assets' under 'Beneish M-Score' in 'Valuation and Quality' section.   Aug. 10  2016: Change 'LT Debt to Total Asset' to 'Total Debt to Total Asset'.   Jul. 29  2016: Add 'Effective Interest Rate on Debt %' below 'Weighted Average Cost Of Capital (WACC) %'.   Jul. 18  2016: Change 'Long-Term Debt' name to 'Long-Term Debt & Capital Lease Obligation'. Add 'Long-Term Debt' above 'Long-Term Debt & Capital Lease Obligation'. Move 'Capital Lease Obligation' in between 'Long-Term Debt' and 'Long-Term Debt & Capital Lease Obligation'.  May. 19  2016: Change 'Gross Margin %' to 'Net Interest Margin (Bank Only) %' for banks and insuance companies.   May. 13  2016: Add 'Current Ratio' below 'Sloan Ratio'. Add 'Quick Ratio' below 'Current Ratio'. Add 'Gross Profit to Total Asset' below 'LT Debt to Total Asset'.  Apr. 15  2016: Add 'Owner Earnings per Share (ttm)' below 'eps without NRI'. Add 'Price to Owner Earnings (ttm)' below 'PE Ratio (ttm)'.   Feb 12  2016: Change 'Filing Date' name to 'Restated Filing Date'. Add new 'Filing Date' above 'Restated Filing Date'. Remove 'Cumulative Effect Of Accounting Change' from Cashflow Statement (under Net Income).   Jan 28  2016: Add 'Total Debt per share' below 'Tangible Book per share'.   Jan 20  2016: Add 'Price-to-Operating-Cash-Flow ratio' below 'Price-to-Free-Cash-Flow ratio'.   Jan 18  2016: Add 'Net-Net Working Capital (per share)' below 'Net Current Asset Value (per share)'.  

NAS:AAAP,Advanced Accelerator Applications SA,France,Healthcare,Biotechnology,BiotechnologyBiotechnology
Key Statistics:
"Price ($)","29.13"
"Market Cap ($ Million)","1259.150"
"Shares Outstanding ($ Million)","43.23"
"P/E","0.00"
"P/B","6.26"
"P/S","9.20"

Growth Rates:
"Annual Rates (per share)","10 yrs","5 yrs","12 months"
"Revenue Growth (%)","0.00","0.00","22.60"
"EBITDA  Growth (%)","0.00","0.00","0.00"
"Free Cash Flow Growth (%)","0.00","0.00","0.00"
"Book Value Growth (%)","0.00","0.00","57.50"

20 Year Financials of NAS:AAAP - Advanced Accelerator Applications SA10 Year Financials of NAS:AAAP - Advanced Accelerator Applications SA

All Numbers are in Millions except per share data and ratios

Annual Data:,,,,,,,,,,,,,,,,,,,,,,,Quarterly Data:
"Fiscal Period","199612","199712","199812","199912","200012","200112","200212","200312","200412","200512","200612","200712","200812","200912","201012","201112","201212","201312","201412","201512","TTM/current",",","199503","199506","199509","199512","199603","199606","199609","199612","199703","199706","199709","199712","199803","199806","199809","199812","199903","199906","199909","199912","200003","200006","200009","200012","200103","200106","200109","200112","200203","200206","200209","200212","200303","200306","200309","200312","200403","200406","200409","200412","200503","200506","200509","200512","200603","200606","200609","200612","200703","200706","200709","200712","200803","200806","200809","200812","200903","200906","200909","200912","201003","201006","201009","201012","201103","201106","201109","201112","201212","201312","201406","201409","201412","201503","201506","201509","201512","201603","201606","201609"
"Revenue per Share","-","-","-","-","-","-","-","-","-","-","-","-","-","-","-","0.000","0.000","0.000","2.330","2.884","3.168","","-","-","-","-","-","-","-","-","-","-","-","-","-","-","-","-","-","-","-","-","-","-","-","-","-","-","-","-","-","-","-","-","-","-","-","-","-","-","-","-","-","-","-","-","-","-","-","-","-","-","-","-","-","-","-","-","-","-","-","-","-","-","-","-","-","-","-","0.000","0.000","0.000","0.000","0.000","0.657","0.608","0.646","0.674","0.731","0.806","0.867","0.764"
"EBITDA per Share","-","-","-","-","-","-","-","-","-","-","-","-","-","-","-","0.000","0.000","0.000","0.085","-0.133","-0.034","","-","-","-","-","-","-","-","-","-","-","-","-","-","-","-","-","-","-","-","-","-","-","-","-","-","-","-","-","-","-","-","-","-","-","-","-","-","-","-","-","-","-","-","-","-","-","-","-","-","-","-","-","-","-","-","-","-","-","-","-","-","-","-","-","-","-","-","0.000","0.000","0.000","0.000","0.000","-0.155","0.033","0.015","0.043","-0.117","0.101","0.055","-0.073"
"EBIT per Share","-","-","-","-","-","-","-","-","-","-","-","-","-","-","-","0.000","0.000","0.000","-0.315","-0.502","-0.429","","-","-","-","-","-","-","-","-","-","-","-","-","-","-","-","-","-","-","-","-","-","-","-","-","-","-","-","-","-","-","-","-","-","-","-","-","-","-","-","-","-","-","-","-","-","-","-","-","-","-","-","-","-","-","-","-","-","-","-","-","-","-","-","-","-","-","-","0.000","0.000","0.000","0.000","0.000","-0.313","-0.046","-0.066","-0.037","-0.218","0.005","-0.046","-0.170"
"Earnings per Share (diluted)","-","-","-","-","-","-","-","-","-","-","-","-","-","-","-","0.000","0.000","0.000","-0.296","-0.545","-0.555","","-","-","-","-","-","-","-","-","-","-","-","-","-","-","-","-","-","-","-","-","-","-","-","-","-","-","-","-","-","-","-","-","-","-","-","-","-","-","-","-","-","-","-","-","-","-","-","-","-","-","-","-","-","-","-","-","-","-","-","-","-","-","-","-","-","-","-","0.000","0.000","0.000","0.000","0.000","1.110","-0.173","-0.077","-0.055","-0.242","-0.089","-0.045","-0.180"
"eps without NRI","-","-","-","-","-","-","-","-","-","-","-","-","-","-","-","0.000","0.000","0.000","-0.296","-0.545","-0.553","","-","-","-","-","-","-","-","-","-","-","-","-","-","-","-","-","-","-","-","-","-","-","-","-","-","-","-","-","-","-","-","-","-","-","-","-","-","-","-","-","-","-","-","-","-","-","-","-","-","-","-","-","-","-","-","-","-","-","-","-","-","-","-","-","-","-","-","0.000","0.000","0.000","0.000","0.000","1.110","-0.173","-0.079","-0.056","-0.240","-0.089","-0.045","-0.180"
"Owner Earnings per Share (TTM)","-","-","-","-","-","-","-","-","-","-","-","-","-","-","-","0.000","0.000","0.000","0.000","0.000","0.000","","-","-","-","-","-","-","-","-","-","-","-","-","-","-","-","-","-","-","-","-","-","-","-","-","-","-","-","-","-","-","-","-","-","-","-","-","-","-","-","-","-","-","-","-","-","-","-","-","-","-","-","-","-","-","-","-","-","-","-","-","-","-","-","-","-","-","-","0.000","0.000","0.000","0.000","0.000","0.000","0.000","0.000","0.000","0.000","0.000","0.000","0.000"
"Free Cashflow per Share","-","-","-","-","-","-","-","-","-","-","-","-","-","-","-","0.000","0.000","0.000","-0.230","-0.520","-0.587","","-","-","-","-","-","-","-","-","-","-","-","-","-","-","-","-","-","-","-","-","-","-","-","-","-","-","-","-","-","-","-","-","-","-","-","-","-","-","-","-","-","-","-","-","-","-","-","-","-","-","-","-","-","-","-","-","-","-","-","-","-","-","-","-","-","-","-","0.000","0.000","0.000","0.000","0.000","-0.044","-0.146","-0.080","-0.148","-0.103","-0.207","-0.265","-0.012"
"Dividends per Share","-","-","-","-","-","-","-","-","-","-","-","-","-","-","-","0.000","0.000","0.000","0.000","0.000","0.000","","-","-","-","-","-","-","-","-","-","-","-","-","-","-","-","-","-","-","-","-","-","-","-","-","-","-","-","-","-","-","-","-","-","-","-","-","-","-","-","-","-","-","-","-","-","-","-","-","-","-","-","-","-","-","-","-","-","-","-","-","-","-","-","-","-","-","-","0.000","0.000","0.000","0.000","0.000","0.000","0.000","0.000","0.000","0.000","0.000","0.000","0.000"
"Book Value per Share","-","-","-","-","-","-","-","-","-","-","-","-","-","-","-","0.000","0.000","0.000","2.841","4.708","4.655","","-","-","-","-","-","-","-","-","-","-","-","-","-","-","-","-","-","-","-","-","-","-","-","-","-","-","-","-","-","-","-","-","-","-","-","-","-","-","-","-","-","-","-","-","-","-","-","-","-","-","-","-","-","-","-","-","-","-","-","-","-","-","-","-","-","-","-","0.000","0.000","0.000","0.000","0.000","2.841","0.000","3.043","2.955","4.708","4.742","4.790","4.655"
"Tangible Book per Share","-","-","-","-","-","-","-","-","-","-","-","-","-","-","-","0.000","0.000","0.000","1.047","3.195","2.412","","-","-","-","-","-","-","-","-","-","-","-","-","-","-","-","-","-","-","-","-","-","-","-","-","-","-","-","-","-","-","-","-","-","-","-","-","-","-","-","-","-","-","-","-","-","-","-","-","-","-","-","-","-","-","-","-","-","-","-","-","-","-","-","-","-","-","-","0.000","0.000","0.000","0.000","0.000","1.047","0.000","1.426","1.386","3.195","2.534","2.509","2.412"
"Total Debt per Share","-","-","-","-","-","-","-","-","-","-","-","-","-","-","-","0.000","0.000","0.000","0.000","0.000","0.000","","-","-","-","-","-","-","-","-","-","-","-","-","-","-","-","-","-","-","-","-","-","-","-","-","-","-","-","-","-","-","-","-","-","-","-","-","-","-","-","-","-","-","-","-","-","-","-","-","-","-","-","-","-","-","-","-","-","-","-","-","-","-","-","-","-","-","-","0.000","0.000","0.000","0.000","0.000","0.000","0.000","0.000","0.675","0.000","0.000","0.000","0.000"
"Month End Stock Price","-","-","-","-","-","-","-","-","-","-","-","-","-","-","-","0.000","0.000","0.000","0.000","31.270","29.130","","-","-","-","-","-","-","-","-","-","-","-","-","-","-","-","-","-","-","-","-","-","-","-","-","-","-","-","-","-","-","-","-","-","-","-","-","-","-","-","-","-","-","-","-","-","-","-","-","-","-","-","-","-","-","-","-","-","-","-","-","-","-","-","-","-","-","-","0.000","0.000","0.000","0.000","0.000","0.000","0.000","0.000","0.000","31.270","35.020","30.240","38.080"
"Return on Equity %","-","-","-","-","-","-","-","-","-","-","-","-","-","-","-","-0.310","-29.570","-21.770","-12.920","-12.770","-11.240","","-","-","-","-","-","-","-","-","-","-","-","-","-","-","-","-","-","-","-","-","-","-","-","-","-","-","-","-","-","-","-","-","-","-","-","-","-","-","-","-","-","-","-","-","-","-","-","-","-","-","-","-","-","-","-","-","-","-","-","-","-","-","-","-","-","-","-","0.000","0.000","-141.310","105.940","6.870","-33.630","-48.660","-19.580","-7.050","-19.590","-7.140","-3.440","-15.110"
"Return on Assets %","-","-","-","-","-","-","-","-","-","-","-","-","-","-","-","-0.190","-14.840","-8.660","-5.490","-7.010","-6.620","","-","-","-","-","-","-","-","-","-","-","-","-","-","-","-","-","-","-","-","-","-","-","-","-","-","-","-","-","-","-","-","-","-","-","-","-","-","-","-","-","-","-","-","-","-","-","-","-","-","-","-","-","-","-","-","-","-","-","-","-","-","-","-","-","-","-","-","0.000","0.000","-54.880","41.150","3.570","-16.440","-22.220","-9.750","-3.470","-10.990","-4.350","-2.080","-9.200"
"Return on Capital  - Joel Greenblatt %","-","-","-","-","-","-","-","-","-","-","-","-","-","-","-","2.180","-47.960","-22.200","-16.900","-24.710","-20.230","","-","-","-","-","-","-","-","-","-","-","-","-","-","-","-","-","-","-","-","-","-","-","-","-","-","-","-","-","-","-","-","-","-","-","-","-","-","-","-","-","-","-","-","-","-","-","-","-","-","-","-","-","-","-","-","-","-","-","-","-","-","-","-","-","-","-","-","0.000","0.000","-143.100","115.080","19.950","-59.920","-20.100","-30.010","-7.920","-39.960","1.160","-8.450","-32.830"
"Return on Invested Capital %","-","-","-","-","-","-","-","-","-","-","-","-","-","-","-","-5.960","-6.720","-4.540","-20.210","-20.750","-15.850","","-","-","-","-","-","-","-","-","-","-","-","-","-","-","-","-","-","-","-","-","-","-","-","-","-","-","-","-","-","-","-","-","-","-","-","-","-","-","-","-","-","-","-","-","-","-","-","-","-","-","-","-","-","-","-","-","-","-","-","-","-","-","-","-","-","-","-","0.000","0.000","-52.540","45.990","-3.410","-40.230","-30.450","-36.300","-4.940","-33.200","-6.290","-4.170","-22.720"
"Weighted Average Cost Of Capital (WACC) %","-","-","-","-","-","-","-","-","-","-","-","-","-","-","-","0.000","0.000","0.000","0.000","0.000","0.000","","-","-","-","-","-","-","-","-","-","-","-","-","-","-","-","-","-","-","-","-","-","-","-","-","-","-","-","-","-","-","-","-","-","-","-","-","-","-","-","-","-","-","-","-","-","-","-","-","-","-","-","-","-","-","-","-","-","-","-","-","-","-","-","-","-","-","-","0.000","0.000","0.000","0.000","0.000","0.000","0.000","0.000","0.000","0.000","0.000","0.000","0.000"
"Effective Interest Rate on Debt %","-","-","-","-","-","-","-","-","-","-","-","-","-","-","-","4.690","8.810","0.000","0.000","0.000","86.450","","-","-","-","-","-","-","-","-","-","-","-","-","-","-","-","-","-","-","-","-","-","-","-","-","-","-","-","-","-","-","-","-","-","-","-","-","-","-","-","-","-","-","-","-","-","-","-","-","-","-","-","-","-","-","-","-","-","-","-","-","-","-","-","-","-","-","-","0.000","0.000","0.000","0.000","6.750","5.890","0.000","0.000","8.420","7.530","0.000","0.000","0.000"
"Gross Margin %","-","-","-","-","-","-","-","-","-","-","-","-","-","-","-","88.010","84.580","82.930","79.110","79.310","79.090","","-","-","-","-","-","-","-","-","-","-","-","-","-","-","-","-","-","-","-","-","-","-","-","-","-","-","-","-","-","-","-","-","-","-","-","-","-","-","-","-","-","-","-","-","-","-","-","-","-","-","-","-","-","-","-","-","-","-","-","-","-","-","-","-","-","-","-","0.000","0.000","86.280","77.330","78.870","75.550","79.520","78.210","79.160","80.350","79.110","79.840","77.280"
"Operating Margin %","-","-","-","-","-","-","-","-","-","-","-","-","-","-","-","0.890","-9.030","-3.450","-12.310","-10.760","-12.080","","-","-","-","-","-","-","-","-","-","-","-","-","-","-","-","-","-","-","-","-","-","-","-","-","-","-","-","-","-","-","-","-","-","-","-","-","-","-","-","-","-","-","-","-","-","-","-","-","-","-","-","-","-","-","-","-","-","-","-","-","-","-","-","-","-","-","-","0.000","0.000","-18.090","13.960","-6.780","-37.150","-7.610","-8.860","-2.650","-23.900","-4.160","-3.480","-19.250"
"Net Margin %","-","-","-","-","-","-","-","-","-","-","-","-","-","-","-","-0.710","-49.090","-22.580","-13.600","-19.190","-16.670","","-","-","-","-","-","-","-","-","-","-","-","-","-","-","-","-","-","-","-","-","-","-","-","-","-","-","-","-","-","-","-","-","-","-","-","-","-","-","-","-","-","-","-","-","-","-","-","-","-","-","-","-","-","-","-","-","-","-","-","-","-","-","-","-","-","-","-","0.000","0.000","-66.120","40.560","5.050","-40.360","-28.430","-11.530","-7.850","-29.900","-11.060","-5.180","-23.360"
"FCF Margin %","-","-","-","-","-","-","-","-","-","-","-","-","-","-","-","-4.230","-21.800","-4.750","-9.860","-18.050","-18.300","","-","-","-","-","-","-","-","-","-","-","-","-","-","-","-","-","-","-","-","-","-","-","-","-","-","-","-","-","-","-","-","-","-","-","-","-","-","-","-","-","-","-","-","-","-","-","-","-","-","-","-","-","-","-","-","-","-","-","-","-","-","-","-","-","-","-","-","0.000","0.000","-2.090","-4.900","-25.710","-6.730","-23.960","-12.370","-22.010","-14.110","-25.720","-30.550","-1.610"
"Debt to Equity","-","-","-","-","-","-","-","-","-","-","-","-","-","-","-","0.191","0.000","0.000","0.000","0.000","0.000","","-","-","-","-","-","-","-","-","-","-","-","-","-","-","-","-","-","-","-","-","-","-","-","-","-","-","-","-","-","-","-","-","-","-","-","-","-","-","-","-","-","-","-","-","-","-","-","-","-","-","-","-","-","-","-","-","-","-","-","-","-","-","-","-","-","-","-","9,999.000","9,999.000","0.000","9,999.000","0.311","0.000","9,999.000","0.000","0.228","0.000","0.000","0.000","0.000"
"Total Equity to Total Asset","-","-","-","-","-","-","-","-","-","-","-","-","-","-","-","0.608","0.408","0.388","0.457","0.619","0.605","","-","-","-","-","-","-","-","-","-","-","-","-","-","-","-","-","-","-","-","-","-","-","-","-","-","-","-","-","-","-","-","-","-","-","-","-","-","-","-","-","-","-","-","-","-","-","-","-","-","-","-","-","-","-","-","-","-","-","-","-","-","-","-","-","-","-","-","0.000","0.000","0.388","0.000","0.519","0.457","0.000","0.498","0.487","0.619","0.599","0.613","0.605"
"Total Debt to Total Asset","-","-","-","-","-","-","-","-","-","-","-","-","-","-","-","0.116","0.000","0.000","0.000","0.000","0.000","","-","-","-","-","-","-","-","-","-","-","-","-","-","-","-","-","-","-","-","-","-","-","-","-","-","-","-","-","-","-","-","-","-","-","-","-","-","-","-","-","-","-","-","-","-","-","-","-","-","-","-","-","-","-","-","-","-","-","-","-","-","-","-","-","-","-","-","0.000","0.000","0.000","0.000","0.161","0.000","0.000","0.000","0.111","0.000","0.000","0.000","0.000"
"Gross Profit to Total Asset %","-","-","-","-","-","-","-","-","-","-","-","-","-","-","-","23.510","25.560","31.800","31.960","28.970","31.430","","-","-","-","-","-","-","-","-","-","-","-","-","-","-","-","-","-","-","-","-","-","-","-","-","-","-","-","-","-","-","-","-","-","-","-","-","-","-","-","-","-","-","-","-","-","-","-","-","-","-","-","-","-","-","-","-","-","-","-","-","-","-","-","-","-","-","-","0.000","0.000","71.620","78.440","55.700","30.760","62.160","66.180","35.040","29.540","31.110","32.080","30.430"
"Asset Turnover","-","-","-","-","-","-","-","-","-","-","-","-","-","-","-","0.267","0.302","0.383","0.404","0.365","0.400","","-","-","-","-","-","-","-","-","-","-","-","-","-","-","-","-","-","-","-","-","-","-","-","-","-","-","-","-","-","-","-","-","-","-","-","-","-","-","-","-","-","-","-","-","-","-","-","-","-","-","-","-","-","-","-","-","-","-","-","-","-","-","-","-","-","-","-","0.000","0.000","0.208","0.254","0.177","0.102","0.195","0.212","0.111","0.092","0.098","0.100","0.098"
"Dividend Payout Ratio","","","","","","","","","","","","","","","","0.000","0.000","0.000","0.000","0.000","0.000","","-","-","-","-","-","-","-","-","-","-","-","-","-","-","-","-","-","-","-","-","-","-","-","-","-","-","-","-","-","-","-","-","-","-","-","-","-","-","-","-","-","-","-","-","-","-","-","-","-","-","-","-","-","-","-","-","-","-","-","-","-","-","-","-","-","-","-","0.000","0.000","0.000","0.000","0.000","0.000","0.000","0.000","0.000","0.000","0.000","0.000","0.000"
"Days Sales Outstanding","-","-","-","-","-","-","-","-","-","-","-","-","-","-","-","149.620","198.130","158.850","150.760","148.830","132.010","","-","-","-","-","-","-","-","-","-","-","-","-","-","-","-","-","-","-","-","-","-","-","-","-","-","-","-","-","-","-","-","-","-","-","-","-","-","-","-","-","-","-","-","-","-","-","-","-","-","-","-","-","-","-","-","-","-","-","-","-","-","-","-","-","-","-","-","0.000","0.000","143.530","0.000","102.050","133.670","0.000","103.970","107.500","146.690","94.340","124.520","127.100"
"Days Accounts Payable","-","-","-","-","-","-","-","-","-","-","-","-","-","-","-","0.000","0.000","0.000","0.000","0.000","0.000","","-","-","-","-","-","-","-","-","-","-","-","-","-","-","-","-","-","-","-","-","-","-","-","-","-","-","-","-","-","-","-","-","-","-","-","-","-","-","-","-","-","-","-","-","-","-","-","-","-","-","-","-","-","-","-","-","-","-","-","-","-","-","-","-","-","-","-","0.000","0.000","0.000","0.000","0.000","0.000","0.000","0.000","0.000","0.000","0.000","0.000","0.000"
"Days Inventory","-","-","-","-","-","-","-","-","-","-","-","-","-","-","-","111.810","89.290","80.150","73.690","78.750","89.430","","-","-","-","-","-","-","-","-","-","-","-","-","-","-","-","-","-","-","-","-","-","-","-","-","-","-","-","-","-","-","-","-","-","-","-","-","-","-","-","-","-","-","-","-","-","-","-","-","-","-","-","-","-","-","-","-","-","-","-","-","-","-","-","-","-","-","-","0.000","0.000","50.870","25.200","44.400","66.340","41.110","37.450","78.730","88.770","74.590","91.060","96.790"
"Cash Conversion Cycle","-","-","-","-","-","-","-","-","-","-","-","-","-","-","-","261.430","287.420","239.000","224.450","227.580","221.440","","-","-","-","-","-","-","-","-","-","-","-","-","-","-","-","-","-","-","-","-","-","-","-","-","-","-","-","-","-","-","-","-","-","-","-","-","-","-","-","-","-","-","-","-","-","-","-","-","-","-","-","-","-","-","-","-","-","-","-","-","-","-","-","-","-","-","-","0.000","0.000","194.400","25.200","146.450","200.010","41.110","141.420","186.230","235.460","168.930","215.580","223.890"
"Inventory Turnover","-","-","-","-","-","-","-","-","-","-","-","-","-","-","-","3.260","4.090","4.550","4.950","4.630","4.080","","-","-","-","-","-","-","-","-","-","-","-","-","-","-","-","-","-","-","-","-","-","-","-","-","-","-","-","-","-","-","-","-","-","-","-","-","-","-","-","-","-","-","-","-","-","-","-","-","-","-","-","-","-","-","-","-","-","-","-","-","-","-","-","-","-","-","-","0.000","0.000","1.790","3.620","2.060","1.380","2.220","2.440","1.160","1.030","1.220","1.000","0.940"
"COGS to Revenue","-","-","-","-","-","-","-","-","-","-","-","-","-","-","-","0.120","0.150","0.170","0.210","0.210","0.210","","-","-","-","-","-","-","-","-","-","-","-","-","-","-","-","-","-","-","-","-","-","-","-","-","-","-","-","-","-","-","-","-","-","-","-","-","-","-","-","-","-","-","-","-","-","-","-","-","-","-","-","-","-","-","-","-","-","-","-","-","-","-","-","-","-","-","-","0.000","0.000","0.140","0.230","0.210","0.240","0.200","0.220","0.210","0.200","0.210","0.200","0.230"
"Inventory to Revenue","-","-","-","-","-","-","-","-","-","-","-","-","-","-","-","0.037","0.038","0.037","0.042","0.045","0.051","","-","-","-","-","-","-","-","-","-","-","-","-","-","-","-","-","-","-","-","-","-","-","-","-","-","-","-","-","-","-","-","-","-","-","-","-","-","-","-","-","-","-","-","-","-","-","-","-","-","-","-","-","-","-","-","-","-","-","-","-","-","-","-","-","-","-","-","0.000","0.000","0.077","0.063","0.103","0.178","0.092","0.089","0.180","0.191","0.171","0.201","0.241"
"Revenue","-","-","-","-","-","-","-","-","-","-","-","-","-","-","-","44.558","53.588","73.707","86.147","96.531","115.510","","-","-","-","-","-","-","-","-","-","-","-","-","-","-","-","-","-","-","-","-","-","-","-","-","-","-","-","-","-","-","-","-","-","-","-","-","-","-","-","-","-","-","-","-","-","-","-","-","-","-","-","-","-","-","-","-","-","-","-","-","-","-","-","-","-","-","-","0.000","0.000","20.393","24.921","21.826","24.290","22.472","24.927","25.998","24.485","29.977","31.056","29.992"
"Cost of Goods Sold","-","-","-","-","-","-","-","-","-","-","-","-","-","-","-","5.343","8.262","12.582","17.999","19.973","24.150","","-","-","-","-","-","-","-","-","-","-","-","-","-","-","-","-","-","-","-","-","-","-","-","-","-","-","-","-","-","-","-","-","-","-","-","-","-","-","-","-","-","-","-","-","-","-","-","-","-","-","-","-","-","-","-","-","-","-","-","-","-","-","-","-","-","-","-","0.000","0.000","2.799","5.651","4.612","5.938","4.602","5.431","5.418","4.812","6.263","6.261","6.815"
"Gross Profit","-","-","-","-","-","-","-","-","-","-","-","-","-","-","-","39.214","45.325","61.125","68.148","76.558","91.360","","-","-","-","-","-","-","-","-","-","-","-","-","-","-","-","-","-","-","-","-","-","-","-","-","-","-","-","-","-","-","-","-","-","-","-","-","-","-","-","-","-","-","-","-","-","-","-","-","-","-","-","-","-","-","-","-","-","-","-","-","-","-","-","-","-","-","-","0.000","0.000","17.595","19.270","17.214","18.351","17.870","19.496","20.580","19.673","23.714","24.796","23.177"
"Selling, General, & Admin. Expense","-","-","-","-","-","-","-","-","-","-","-","-","-","-","-","30.345","40.304","49.878","62.335","73.590","71.058","","-","-","-","-","-","-","-","-","-","-","-","-","-","-","-","-","-","-","-","-","-","-","-","-","-","-","-","-","-","-","-","-","-","-","-","-","-","-","-","-","-","-","-","-","-","-","-","-","-","-","-","-","-","-","-","-","-","-","-","-","-","-","-","-","-","-","-","0.000","0.000","33.519","-2.542","14.237","20.848","6.665","14.488","7.028","30.479","10.778","19.444","10.357"
"Advertising","-","-","-","-","-","-","-","-","-","-","-","-","-","-","-","0.000","0.000","0.000","0.000","0.000","0.000","","-","-","-","-","-","-","-","-","-","-","-","-","-","-","-","-","-","-","-","-","-","-","-","-","-","-","-","-","-","-","-","-","-","-","-","-","-","-","-","-","-","-","-","-","-","-","-","-","-","-","-","-","-","-","-","-","-","-","-","-","-","-","-","-","-","-","-","0.000","0.000","0.000","0.000","0.000","0.000","0.000","0.000","0.000","0.000","0.000","0.000","0.000"
"Research & Development","-","-","-","-","-","-","-","-","-","-","-","-","-","-","-","0.000","0.000","0.000","0.000","0.000","3.625","","-","-","-","-","-","-","-","-","-","-","-","-","-","-","-","-","-","-","-","-","-","-","-","-","-","-","-","-","-","-","-","-","-","-","-","-","-","-","-","-","-","-","-","-","-","-","-","-","-","-","-","-","-","-","-","-","-","-","-","-","-","-","-","-","-","-","-","0.000","0.000","0.000","0.000","0.000","0.000","0.000","3.028","2.506","0.000","0.000","2.111","1.514"
"Other Operating Expense","-","-","-","-","-","-","-","-","-","-","-","-","-","-","-","8.471","9.861","13.789","16.416","13.353","30.629","","-","-","-","-","-","-","-","-","-","-","-","-","-","-","-","-","-","-","-","-","-","-","-","-","-","-","-","-","-","-","-","-","-","-","-","-","-","-","-","-","-","-","-","-","-","-","-","-","-","-","-","-","-","-","-","-","-","-","-","-","-","-","-","-","-","-","-","0.000","0.000","-12.236","18.333","4.457","6.527","12.917","4.187","11.735","-4.954","14.183","4.322","17.079"
"Operating Income","-","-","-","-","-","-","-","-","-","-","-","-","-","-","-","0.399","-4.840","-2.542","-10.603","-10.386","-13.953","","-","-","-","-","-","-","-","-","-","-","-","-","-","-","-","-","-","-","-","-","-","-","-","-","-","-","-","-","-","-","-","-","-","-","-","-","-","-","-","-","-","-","-","-","-","-","-","-","-","-","-","-","-","-","-","-","-","-","-","-","-","-","-","-","-","-","-","0.000","0.000","-3.689","3.480","-1.481","-9.023","-1.711","-2.208","-0.689","-5.852","-1.247","-1.082","-5.772"
"   Interest Income","-","-","-","-","-","-","-","-","-","-","-","-","-","-","-","0.000","0.304","0.000","0.488","0.000","1.451","","-","-","-","-","-","-","-","-","-","-","-","-","-","-","-","-","-","-","-","-","-","-","-","-","-","-","-","-","-","-","-","-","-","-","-","-","-","-","-","-","-","-","-","-","-","-","-","-","-","-","-","-","-","-","-","-","-","-","-","-","-","-","-","-","-","-","-","0.000","0.000","0.000","0.000","0.000","0.000","0.015","0.000","0.000","0.000","1.451","0.000","0.000"
"   Interest Expense","-","-","-","-","-","-","-","-","-","-","-","-","-","-","-","-0.908","-0.853","-1.410","-1.173","-0.881","-4.500","","-","-","-","-","-","-","-","-","-","-","-","-","-","-","-","-","-","-","-","-","-","-","-","-","-","-","-","-","-","-","-","-","-","-","-","-","-","-","-","-","-","-","-","-","-","-","-","-","-","-","-","-","-","-","-","-","-","-","-","-","-","-","-","-","-","-","-","0.000","0.000","-0.475","-0.143","-0.336","-0.293","-4.114","-0.167","-0.274","-0.245","-3.876","-0.094","-0.284"
"Net Interest Income","-","-","-","-","-","-","-","-","-","-","-","-","-","-","-","-0.908","-0.549","-1.410","-1.173","-0.881","-3.049","","-","-","-","-","-","-","-","-","-","-","-","-","-","-","-","-","-","-","-","-","-","-","-","-","-","-","-","-","-","-","-","-","-","-","-","-","-","-","-","-","-","-","-","-","-","-","-","-","-","-","-","-","-","-","-","-","-","-","-","-","-","-","-","-","-","-","-","0.000","0.000","-0.475","-0.053","-0.336","-0.293","-4.098","-0.167","-0.274","-0.245","-2.425","-0.094","-0.284"
"Other Income (Expense)","-","-","-","-","-","-","-","-","-","-","-","-","-","-","-","0.591","-20.816","-11.971","-1.047","-6.413","-2.949","","-","-","-","-","-","-","-","-","-","-","-","-","-","-","-","-","-","-","-","-","-","-","-","-","-","-","-","-","-","-","-","-","-","-","-","-","-","-","-","-","-","-","-","-","-","-","-","-","-","-","-","-","-","-","-","-","-","-","-","-","-","-","-","-","-","-","-","0.000","0.000","-8.895","6.550","3.656","-2.565","0.000","-0.325","-0.749","-1.453","0.000","-0.573","-0.923"
"   Other Income (Minority Interest)","-","-","-","-","-","-","-","-","-","-","-","-","-","-","-","0.714","0.600","0.862","1.608","0.000","0.000","","-","-","-","-","-","-","-","-","-","-","-","-","-","-","-","-","-","-","-","-","-","-","-","-","-","-","-","-","-","-","-","-","-","-","-","-","-","-","-","-","-","-","-","-","-","-","-","-","-","-","-","-","-","-","-","-","-","-","-","-","-","-","-","-","-","-","-","0.000","0.000","0.362","0.292","0.540","0.501","0.000","0.000","0.000","0.000","0.000","0.000","0.000"
"Pre-Tax Income","-","-","-","-","-","-","-","-","-","-","-","-","-","-","-","0.082","-26.205","-15.923","-12.822","-17.680","-19.951","","-","-","-","-","-","-","-","-","-","-","-","-","-","-","-","-","-","-","-","-","-","-","-","-","-","-","-","-","-","-","-","-","-","-","-","-","-","-","-","-","-","-","-","-","-","-","-","-","-","-","-","-","-","-","-","-","-","-","-","-","-","-","-","-","-","-","-","0.000","0.000","-13.059","9.977","1.839","-11.882","-5.810","-2.700","-1.712","-7.550","-3.673","-1.749","-6.979"
"Tax Provision","-","-","-","-","-","-","-","-","-","-","-","-","-","-","-","-1.111","-0.703","-1.585","-0.498","-0.840","0.701","","-","-","-","-","-","-","-","-","-","-","-","-","-","-","-","-","-","-","-","-","-","-","-","-","-","-","-","-","-","-","-","-","-","-","-","-","-","-","-","-","-","-","-","-","-","-","-","-","-","-","-","-","-","-","-","-","-","-","-","-","-","-","-","-","-","-","-","0.000","0.000","-0.786","-0.160","-1.277","1.577","-0.579","-0.173","-0.329","0.230","0.359","0.140","-0.028"
"Tax Rate %","-","-","-","-","-","-","-","-","-","-","-","-","-","-","-","1,361.290","-2.680","-9.950","-3.880","-4.750","3.510","","-","-","-","-","-","-","-","-","-","-","-","-","-","-","-","-","-","-","-","-","-","-","-","-","-","-","-","-","-","-","-","-","-","-","-","-","-","-","-","-","-","-","-","-","-","-","-","-","-","-","-","-","-","-","-","-","-","-","-","-","-","-","-","-","-","-","-","0.000","0.000","-6.020","1.610","69.450","13.270","-9.970","-6.400","-19.210","3.040","9.760","8.030","-0.400"
"Net Income (Continuing Operations)","-","-","-","-","-","-","-","-","-","-","-","-","-","-","-","-1.029","-26.908","-17.508","-13.321","-18.520","-19.250","","-","-","-","-","-","-","-","-","-","-","-","-","-","-","-","-","-","-","-","-","-","-","-","-","-","-","-","-","-","-","-","-","-","-","-","-","-","-","-","-","-","-","-","-","-","-","-","-","-","-","-","-","-","-","-","-","-","-","-","-","-","-","-","-","-","-","-","0.000","0.000","-13.845","9.817","0.562","-10.305","-6.389","-2.873","-2.040","-7.320","-3.314","-1.609","-7.007"
"Net Income (Discontinued Operations)","-","-","-","-","-","-","-","-","-","-","-","-","-","-","-","0.000","0.000","0.000","0.000","0.000","0.000","","-","-","-","-","-","-","-","-","-","-","-","-","-","-","-","-","-","-","-","-","-","-","-","-","-","-","-","-","-","-","-","-","-","-","-","-","-","-","-","-","-","-","-","-","-","-","-","-","-","-","-","-","-","-","-","-","-","-","-","-","-","-","-","-","-","-","-","0.000","0.000","0.000","0.000","0.000","0.000","0.000","0.000","0.000","0.000","0.000","0.000","0.000"
"Net Income","-","-","-","-","-","-","-","-","-","-","-","-","-","-","-","-0.314","-26.308","-16.647","-11.713","-18.520","-19.250","","-","-","-","-","-","-","-","-","-","-","-","-","-","-","-","-","-","-","-","-","-","-","-","-","-","-","-","-","-","-","-","-","-","-","-","-","-","-","-","-","-","-","-","-","-","-","-","-","-","-","-","-","-","-","-","-","-","-","-","-","-","-","-","-","-","-","-","0.000","0.000","-13.484","10.109","1.102","-9.804","-6.389","-2.873","-2.040","-7.320","-3.314","-1.609","-7.007"
"Preferred dividends","-","-","-","-","-","-","-","-","-","-","-","-","-","-","-","0.000","0.000","0.000","0.000","0.000","0.000","","-","-","-","-","-","-","-","-","-","-","-","-","-","-","-","-","-","-","-","-","-","-","-","-","-","-","-","-","-","-","-","-","-","-","-","-","-","-","-","-","-","-","-","-","-","-","-","-","-","-","-","-","-","-","-","-","-","-","-","-","-","-","-","-","-","-","-","0.000","0.000","0.000","0.000","0.000","0.000","0.000","0.000","0.000","0.000","0.000","0.000","0.000"
"EPS (Basic)","-","-","-","-","-","-","-","-","-","-","-","-","-","-","-","0.000","0.000","0.000","-0.296","-0.545","-0.555","","-","-","-","-","-","-","-","-","-","-","-","-","-","-","-","-","-","-","-","-","-","-","-","-","-","-","-","-","-","-","-","-","-","-","-","-","-","-","-","-","-","-","-","-","-","-","-","-","-","-","-","-","-","-","-","-","-","-","-","-","-","-","-","-","-","-","-","0.000","0.000","0.000","0.000","0.000","1.110","-0.173","-0.077","-0.055","-0.242","-0.089","-0.045","-0.180"
"EPS (Diluted)","-","-","-","-","-","-","-","-","-","-","-","-","-","-","-","0.000","0.000","0.000","-0.296","-0.545","-0.555","","-","-","-","-","-","-","-","-","-","-","-","-","-","-","-","-","-","-","-","-","-","-","-","-","-","-","-","-","-","-","-","-","-","-","-","-","-","-","-","-","-","-","-","-","-","-","-","-","-","-","-","-","-","-","-","-","-","-","-","-","-","-","-","-","-","-","-","0.000","0.000","0.000","0.000","0.000","1.110","-0.173","-0.077","-0.055","-0.242","-0.089","-0.045","-0.180"
"Shares Outstanding (Diluted Average)","-","-","-","-","-","-","-","-","-","-","-","-","-","-","-","0.000","0.000","0.000","36.973","33.472","39.278","","-","-","-","-","-","-","-","-","-","-","-","-","-","-","-","-","-","-","-","-","-","-","-","-","-","-","-","-","-","-","-","-","-","-","-","-","-","-","-","-","-","-","-","-","-","-","-","-","-","-","-","-","-","-","-","-","-","-","-","-","-","-","-","-","-","-","-","0.000","0.000","0.000","0.000","0.000","36.973","36.973","38.575","38.575","33.472","37.200","35.800","39.278"
"Depreciation, Depletion and Amortization","-","-","-","-","-","-","-","-","-","-","-","-","-","-","-","5.713","8.525","13.075","14.788","12.332","14.409","","-","-","-","-","-","-","-","-","-","-","-","-","-","-","-","-","-","-","-","-","-","-","-","-","-","-","-","-","-","-","-","-","-","-","-","-","-","-","-","-","-","-","-","-","-","-","-","-","-","-","-","-","-","-","-","-","-","-","-","-","-","-","-","-","-","-","-","0.000","0.000","5.629","0.618","3.470","5.840","2.903","3.118","3.084","3.391","3.562","3.627","3.828"
"EBITDA","-","-","-","-","-","-","-","-","-","-","-","-","-","-","-","6.703","-16.827","-1.438","3.138","-4.466","-1.042","","-","-","-","-","-","-","-","-","-","-","-","-","-","-","-","-","-","-","-","-","-","-","-","-","-","-","-","-","-","-","-","-","-","-","-","-","-","-","-","-","-","-","-","-","-","-","-","-","-","-","-","-","-","-","-","-","-","-","-","-","-","-","-","-","-","-","-","0.000","0.000","-6.955","10.738","5.646","-5.748","1.207","0.585","1.646","-3.914","3.766","1.972","-2.866"
"  Cash And Cash Equivalents","-","-","-","-","-","-","-","-","-","-","-","-","-","-","-","39.197","15.936","18.644","55.605","129.505","81.792","","-","-","-","-","-","-","-","-","-","-","-","-","-","-","-","-","-","-","-","-","-","-","-","-","-","-","-","-","-","-","-","-","-","-","-","-","-","-","-","-","-","-","-","-","-","-","-","-","-","-","-","-","-","-","-","-","-","-","-","-","-","-","-","-","-","-","-","0.000","0.000","18.644","0.000","62.735","55.605","0.000","65.623","58.688","129.505","98.501","85.100","81.792"
"  Marketable Securities","-","-","-","-","-","-","-","-","-","-","-","-","-","-","-","0.000","0.000","0.000","0.000","0.000","0.000","","-","-","-","-","-","-","-","-","-","-","-","-","-","-","-","-","-","-","-","-","-","-","-","-","-","-","-","-","-","-","-","-","-","-","-","-","-","-","-","-","-","-","-","-","-","-","-","-","-","-","-","-","-","-","-","-","-","-","-","-","-","-","-","-","-","-","-","0.000","0.000","0.000","0.000","0.000","0.000","0.000","0.000","0.000","0.000","0.000","0.000","0.000"
"Cash, Cash Equivalents, Marketable Securities","-","-","-","-","-","-","-","-","-","-","-","-","-","-","-","39.197","15.936","18.644","55.605","129.505","81.792","","-","-","-","-","-","-","-","-","-","-","-","-","-","-","-","-","-","-","-","-","-","-","-","-","-","-","-","-","-","-","-","-","-","-","-","-","-","-","-","-","-","-","-","-","-","-","-","-","-","-","-","-","-","-","-","-","-","-","-","-","-","-","-","-","-","-","-","0.000","0.000","18.644","0.000","62.735","55.605","0.000","65.623","58.688","129.505","98.501","85.100","81.792"
"Accounts Receivable","-","-","-","-","-","-","-","-","-","-","-","-","-","-","-","18.264","29.089","32.078","35.582","39.359","41.777","","-","-","-","-","-","-","-","-","-","-","-","-","-","-","-","-","-","-","-","-","-","-","-","-","-","-","-","-","-","-","-","-","-","-","-","-","-","-","-","-","-","-","-","-","-","-","-","-","-","-","-","-","-","-","-","-","-","-","-","-","-","-","-","-","-","-","-","0.000","0.000","32.078","0.000","24.409","35.582","0.000","28.402","30.627","39.359","30.991","42.379","41.777"
"  Inventories, Raw Materials & Components","-","-","-","-","-","-","-","-","-","-","-","-","-","-","-","1.518","2.105","2.263","2.416","2.468","0.000","","-","-","-","-","-","-","-","-","-","-","-","-","-","-","-","-","-","-","-","-","-","-","-","-","-","-","-","-","-","-","-","-","-","-","-","-","-","-","-","-","-","-","-","-","-","-","-","-","-","-","-","-","-","-","-","-","-","-","-","-","-","-","-","-","-","-","-","0.000","0.000","2.263","0.000","0.000","2.416","0.000","0.000","0.000","2.468","0.000","0.000","0.000"
"  Inventories, Work In Process","-","-","-","-","-","-","-","-","-","-","-","-","-","-","-","0.000","0.000","0.000","0.000","0.000","0.000","","-","-","-","-","-","-","-","-","-","-","-","-","-","-","-","-","-","-","-","-","-","-","-","-","-","-","-","-","-","-","-","-","-","-","-","-","-","-","-","-","-","-","-","-","-","-","-","-","-","-","-","-","-","-","-","-","-","-","-","-","-","-","-","-","-","-","-","0.000","0.000","0.000","0.000","0.000","0.000","0.000","0.000","0.000","0.000","0.000","0.000","0.000"
"  Inventories, Inventories Adjustments","-","-","-","-","-","-","-","-","-","-","-","-","-","-","-","0.000","-0.007","-0.012","-0.020","0.000","0.000","","-","-","-","-","-","-","-","-","-","-","-","-","-","-","-","-","-","-","-","-","-","-","-","-","-","-","-","-","-","-","-","-","-","-","-","-","-","-","-","-","-","-","-","-","-","-","-","-","-","-","-","-","-","-","-","-","-","-","-","-","-","-","-","-","-","-","-","0.000","0.000","-0.012","0.000","0.000","-0.020","0.000","0.000","0.000","0.000","0.000","0.000","0.000"
"  Inventories, Finished Goods","-","-","-","-","-","-","-","-","-","-","-","-","-","-","-","0.000","0.000","0.597","0.123","0.950","0.000","","-","-","-","-","-","-","-","-","-","-","-","-","-","-","-","-","-","-","-","-","-","-","-","-","-","-","-","-","-","-","-","-","-","-","-","-","-","-","-","-","-","-","-","-","-","-","-","-","-","-","-","-","-","-","-","-","-","-","-","-","-","-","-","-","-","-","-","0.000","0.000","0.597","0.000","0.000","0.123","0.000","0.000","0.000","0.950","0.000","0.000","0.000"
"  Inventories, Other","-","-","-","-","-","-","-","-","-","-","-","-","-","-","-","0.118","0.307","0.273","1.628","1.053","8.674","","-","-","-","-","-","-","-","-","-","-","-","-","-","-","-","-","-","-","-","-","-","-","-","-","-","-","-","-","-","-","-","-","-","-","-","-","-","-","-","-","-","-","-","-","-","-","-","-","-","-","-","-","-","-","-","-","-","-","-","-","-","-","-","-","-","-","-","0.000","0.000","0.273","0.000","5.784","1.628","0.000","5.003","5.488","1.053","6.422","7.560","8.674"
"Total Inventories","-","-","-","-","-","-","-","-","-","-","-","-","-","-","-","1.637","2.406","3.121","4.147","4.472","7.728","","-","-","-","-","-","-","-","-","-","-","-","-","-","-","-","-","-","-","-","-","-","-","-","-","-","-","-","-","-","-","-","-","-","-","-","-","-","-","-","-","-","-","-","-","-","-","-","-","-","-","-","-","-","-","-","-","-","-","-","-","-","-","-","-","-","-","-","0.000","0.000","3.121","0.000","4.488","4.147","0.000","4.458","4.890","4.472","5.767","6.728","7.728"
"Other Current Assets","-","-","-","-","-","-","-","-","-","-","-","-","-","-","-","1.816","3.151","0.990","1.672","2.498","2.979","","-","-","-","-","-","-","-","-","-","-","-","-","-","-","-","-","-","-","-","-","-","-","-","-","-","-","-","-","-","-","-","-","-","-","-","-","-","-","-","-","-","-","-","-","-","-","-","-","-","-","-","-","-","-","-","-","-","-","-","-","-","-","-","-","-","-","-","0.000","0.000","0.990","0.000","12.561","1.672","0.000","13.673","14.756","2.498","14.082","3.192","2.979"
"Total Current Assets","-","-","-","-","-","-","-","-","-","-","-","-","-","-","-","60.914","50.581","54.833","97.006","175.834","134.276","","-","-","-","-","-","-","-","-","-","-","-","-","-","-","-","-","-","-","-","-","-","-","-","-","-","-","-","-","-","-","-","-","-","-","-","-","-","-","-","-","-","-","-","-","-","-","-","-","-","-","-","-","-","-","-","-","-","-","-","-","-","-","-","-","-","-","-","0.000","0.000","54.833","0.000","104.192","97.006","0.000","112.156","108.962","175.834","149.342","137.399","134.276"
"Investments And Advances","-","-","-","-","-","-","-","-","-","-","-","-","-","-","-","0.000","0.000","3.200","2.416","1.647","1.576","","-","-","-","-","-","-","-","-","-","-","-","-","-","-","-","-","-","-","-","-","-","-","-","-","-","-","-","-","-","-","-","-","-","-","-","-","-","-","-","-","-","-","-","-","-","-","-","-","-","-","-","-","-","-","-","-","-","-","-","-","-","-","-","-","-","-","-","0.000","0.000","3.200","0.000","0.000","2.416","0.000","0.000","1.659","1.647","1.070","1.503","1.576"
"  Land And Improvements","-","-","-","-","-","-","-","-","-","-","-","-","-","-","-","0.846","1.995","2.082","1.112","0.983","0.000","","-","-","-","-","-","-","-","-","-","-","-","-","-","-","-","-","-","-","-","-","-","-","-","-","-","-","-","-","-","-","-","-","-","-","-","-","-","-","-","-","-","-","-","-","-","-","-","-","-","-","-","-","-","-","-","-","-","-","-","-","-","-","-","-","-","-","-","0.000","0.000","2.082","0.000","0.000","1.112","0.000","0.000","0.000","0.983","0.000","0.000","0.000"
"  Buildings And Improvements","-","-","-","-","-","-","-","-","-","-","-","-","-","-","-","0.000","0.000","0.000","0.000","0.000","0.000","","-","-","-","-","-","-","-","-","-","-","-","-","-","-","-","-","-","-","-","-","-","-","-","-","-","-","-","-","-","-","-","-","-","-","-","-","-","-","-","-","-","-","-","-","-","-","-","-","-","-","-","-","-","-","-","-","-","-","-","-","-","-","-","-","-","-","-","0.000","0.000","0.000","0.000","0.000","0.000","0.000","0.000","0.000","0.000","0.000","0.000","0.000"
"  Machinery, Furniture, Equipment","-","-","-","-","-","-","-","-","-","-","-","-","-","-","-","39.266","61.951","71.142","76.633","69.843","0.000","","-","-","-","-","-","-","-","-","-","-","-","-","-","-","-","-","-","-","-","-","-","-","-","-","-","-","-","-","-","-","-","-","-","-","-","-","-","-","-","-","-","-","-","-","-","-","-","-","-","-","-","-","-","-","-","-","-","-","-","-","-","-","-","-","-","-","-","0.000","0.000","71.142","0.000","0.000","76.633","0.000","0.000","0.000","69.843","0.000","0.000","0.000"
"  Construction In Progress","-","-","-","-","-","-","-","-","-","-","-","-","-","-","-","21.825","25.063","34.096","30.899","38.118","0.000","","-","-","-","-","-","-","-","-","-","-","-","-","-","-","-","-","-","-","-","-","-","-","-","-","-","-","-","-","-","-","-","-","-","-","-","-","-","-","-","-","-","-","-","-","-","-","-","-","-","-","-","-","-","-","-","-","-","-","-","-","-","-","-","-","-","-","-","0.000","0.000","34.096","0.000","0.000","30.899","0.000","0.000","0.000","38.118","0.000","0.000","0.000"
"Gross Property, Plant and Equipment","-","-","-","-","-","-","-","-","-","-","-","-","-","-","-","65.543","94.060","110.485","111.813","112.242","0.000","","-","-","-","-","-","-","-","-","-","-","-","-","-","-","-","-","-","-","-","-","-","-","-","-","-","-","-","-","-","-","-","-","-","-","-","-","-","-","-","-","-","-","-","-","-","-","-","-","-","-","-","-","-","-","-","-","-","-","-","-","-","-","-","-","-","-","-","0.000","0.000","110.485","0.000","0.000","111.813","0.000","0.000","0.000","112.242","0.000","0.000","0.000"
"  Accumulated Depreciation","-","-","-","-","-","-","-","-","-","-","-","-","-","-","-","-20.376","-34.005","-42.978","-47.967","-50.878","0.000","","-","-","-","-","-","-","-","-","-","-","-","-","-","-","-","-","-","-","-","-","-","-","-","-","-","-","-","-","-","-","-","-","-","-","-","-","-","-","-","-","-","-","-","-","-","-","-","-","-","-","-","-","-","-","-","-","-","-","-","-","-","-","-","-","-","-","-","0.000","0.000","-42.978","0.000","0.000","-47.967","0.000","0.000","0.000","-50.878","0.000","0.000","0.000"
"Property, Plant and Equipment","-","-","-","-","-","-","-","-","-","-","-","-","-","-","-","45.167","60.055","67.507","63.846","61.364","70.104","","-","-","-","-","-","-","-","-","-","-","-","-","-","-","-","-","-","-","-","-","-","-","-","-","-","-","-","-","-","-","-","-","-","-","-","-","-","-","-","-","-","-","-","-","-","-","-","-","-","-","-","-","-","-","-","-","-","-","-","-","-","-","-","-","-","-","-","0.000","0.000","67.507","0.000","69.285","63.846","0.000","58.745","62.623","61.364","68.033","71.201","70.104"
"Intangible Assets","-","-","-","-","-","-","-","-","-","-","-","-","-","-","-","59.967","73.661","71.005","66.322","59.418","88.100","","-","-","-","-","-","-","-","-","-","-","-","-","-","-","-","-","-","-","-","-","-","-","-","-","-","-","-","-","-","-","-","-","-","-","-","-","-","-","-","-","-","-","-","-","-","-","-","-","-","-","-","-","-","-","-","-","-","-","-","-","-","-","-","-","-","-","-","0.000","0.000","71.005","0.000","70.398","66.322","0.000","62.406","60.544","59.418","86.768","89.596","88.100"
"   Goodwill","-","-","-","-","-","-","-","-","-","-","-","-","-","-","-","17.289","29.252","29.110","26.363","24.684","37.587","","-","-","-","-","-","-","-","-","-","-","-","-","-","-","-","-","-","-","-","-","-","-","-","-","-","-","-","-","-","-","-","-","-","-","-","-","-","-","-","-","-","-","-","-","-","-","-","-","-","-","-","-","-","-","-","-","-","-","-","-","-","-","-","-","-","-","-","0.000","0.000","29.110","0.000","28.686","26.363","0.000","25.432","24.983","24.684","36.993","37.494","37.587"
"Other Long Term Assets","-","-","-","-","-","-","-","-","-","-","-","-","-","-","-","0.730","3.571","-0.001","0.391","0.324","8.036","","-","-","-","-","-","-","-","-","-","-","-","-","-","-","-","-","-","-","-","-","-","-","-","-","-","-","-","-","-","-","-","-","-","-","-","-","-","-","-","-","-","-","-","-","-","-","-","-","-","-","-","-","-","-","-","-","-","-","-","-","-","-","-","-","-","-","-","0.000","0.000","-0.001","0.000","3.349","0.391","0.000","2.361","0.452","0.324","5.964","7.471","8.036"
"Total Assets","-","-","-","-","-","-","-","-","-","-","-","-","-","-","-","166.779","187.869","196.544","229.980","298.587","302.092","","-","-","-","-","-","-","-","-","-","-","-","-","-","-","-","-","-","-","-","-","-","-","-","-","-","-","-","-","-","-","-","-","-","-","-","-","-","-","-","-","-","-","-","-","-","-","-","-","-","-","-","-","-","-","-","-","-","-","-","-","-","-","-","-","-","-","-","0.000","0.000","196.544","0.000","247.224","229.980","0.000","235.669","234.240","298.587","311.178","307.170","302.092"
"  Accounts Payable","-","-","-","-","-","-","-","-","-","-","-","-","-","-","-","0.000","0.000","0.000","0.000","0.000","0.000","","-","-","-","-","-","-","-","-","-","-","-","-","-","-","-","-","-","-","-","-","-","-","-","-","-","-","-","-","-","-","-","-","-","-","-","-","-","-","-","-","-","-","-","-","-","-","-","-","-","-","-","-","-","-","-","-","-","-","-","-","-","-","-","-","-","-","-","0.000","0.000","0.000","0.000","0.000","0.000","0.000","0.000","0.000","0.000","0.000","0.000","0.000"
"  Total Tax Payable","-","-","-","-","-","-","-","-","-","-","-","-","-","-","-","3.014","4.100","5.323","8.908","9.736","9.075","","-","-","-","-","-","-","-","-","-","-","-","-","-","-","-","-","-","-","-","-","-","-","-","-","-","-","-","-","-","-","-","-","-","-","-","-","-","-","-","-","-","-","-","-","-","-","-","-","-","-","-","-","-","-","-","-","-","-","-","-","-","-","-","-","-","-","-","0.000","0.000","5.323","0.000","7.889","8.908","0.000","7.871","10.287","9.736","0.000","7.348","9.075"
"  Other Accrued Expense","-","-","-","-","-","-","-","-","-","-","-","-","-","-","-","0.000","0.000","0.000","0.000","0.000","0.000","","-","-","-","-","-","-","-","-","-","-","-","-","-","-","-","-","-","-","-","-","-","-","-","-","-","-","-","-","-","-","-","-","-","-","-","-","-","-","-","-","-","-","-","-","-","-","-","-","-","-","-","-","-","-","-","-","-","-","-","-","-","-","-","-","-","-","-","0.000","0.000","0.000","0.000","0.000","0.000","0.000","0.000","0.000","0.000","0.000","0.000","0.000"
"Accounts Payable & Accrued Expense","-","-","-","-","-","-","-","-","-","-","-","-","-","-","-","16.924","24.692","17.951","23.896","25.760","35.105","","-","-","-","-","-","-","-","-","-","-","-","-","-","-","-","-","-","-","-","-","-","-","-","-","-","-","-","-","-","-","-","-","-","-","-","-","-","-","-","-","-","-","-","-","-","-","-","-","-","-","-","-","-","-","-","-","-","-","-","-","-","-","-","-","-","-","-","0.000","0.000","17.951","0.000","23.394","23.896","0.000","26.089","30.365","25.760","18.837","31.672","35.105"
"Current Portion of Long-Term Debt","-","-","-","-","-","-","-","-","-","-","-","-","-","-","-","3.842","0.000","0.000","0.000","0.000","0.000","","-","-","-","-","-","-","-","-","-","-","-","-","-","-","-","-","-","-","-","-","-","-","-","-","-","-","-","-","-","-","-","-","-","-","-","-","-","-","-","-","-","-","-","-","-","-","-","-","-","-","-","-","-","-","-","-","-","-","-","-","-","-","-","-","-","-","-","0.000","0.000","0.000","0.000","12.883","0.000","0.000","0.000","6.288","0.000","0.000","0.000","0.000"
"  Current Deferred Revenue","-","-","-","-","-","-","-","-","-","-","-","-","-","-","-","0.000","0.000","0.000","0.000","0.000","0.000","","-","-","-","-","-","-","-","-","-","-","-","-","-","-","-","-","-","-","-","-","-","-","-","-","-","-","-","-","-","-","-","-","-","-","-","-","-","-","-","-","-","-","-","-","-","-","-","-","-","-","-","-","-","-","-","-","-","-","-","-","-","-","-","-","-","-","-","0.000","0.000","0.000","0.000","0.000","0.000","0.000","0.000","0.000","0.000","0.000","0.000","0.000"
"  Current Deferred Taxes Liabilities","-","-","-","-","-","-","-","-","-","-","-","-","-","-","-","0.000","0.000","0.000","0.000","0.000","0.000","","-","-","-","-","-","-","-","-","-","-","-","-","-","-","-","-","-","-","-","-","-","-","-","-","-","-","-","-","-","-","-","-","-","-","-","-","-","-","-","-","-","-","-","-","-","-","-","-","-","-","-","-","-","-","-","-","-","-","-","-","-","-","-","-","-","-","-","0.000","0.000","0.000","0.000","0.000","0.000","0.000","0.000","0.000","0.000","0.000","0.000","0.000"
"DeferredTaxAndRevenue","-","-","-","-","-","-","-","-","-","-","-","-","-","-","-","0.000","0.000","0.000","0.000","0.000","0.000","","-","-","-","-","-","-","-","-","-","-","-","-","-","-","-","-","-","-","-","-","-","-","-","-","-","-","-","-","-","-","-","-","-","-","-","-","-","-","-","-","-","-","-","-","-","-","-","-","-","-","-","-","-","-","-","-","-","-","-","-","-","-","-","-","-","-","-","0.000","0.000","0.000","0.000","0.000","0.000","0.000","0.000","0.000","0.000","0.000","0.000","0.000"
"Other Current Liabilities","-","-","-","-","-","-","-","-","-","-","-","-","-","-","-","4.647","9.602","15.395","13.857","13.464","8.477","","-","-","-","-","-","-","-","-","-","-","-","-","-","-","-","-","-","-","-","-","-","-","-","-","-","-","-","-","-","-","-","-","-","-","-","-","-","-","-","-","-","-","-","-","-","-","-","-","-","-","-","-","-","-","-","-","-","-","-","-","-","-","-","-","-","-","-","0.000","0.000","15.395","0.000","0.121","13.857","0.000","11.661","4.772","13.464","27.530","7.675","8.477"
"Total Current Liabilities","-","-","-","-","-","-","-","-","-","-","-","-","-","-","-","25.413","34.294","33.345","37.753","39.224","43.582","","-","-","-","-","-","-","-","-","-","-","-","-","-","-","-","-","-","-","-","-","-","-","-","-","-","-","-","-","-","-","-","-","-","-","-","-","-","-","-","-","-","-","-","-","-","-","-","-","-","-","-","-","-","-","-","-","-","-","-","-","-","-","-","-","-","-","-","0.000","0.000","33.345","0.000","36.398","37.753","0.000","37.750","41.425","39.224","46.367","39.347","43.582"
"   Long-Term Debt","-","-","-","-","-","-","-","-","-","-","-","-","-","-","-","7.301","0.000","0.000","0.000","0.000","0.000","","-","-","-","-","-","-","-","-","-","-","-","-","-","-","-","-","-","-","-","-","-","-","-","-","-","-","-","-","-","-","-","-","-","-","-","-","-","-","-","-","-","-","-","-","-","-","-","-","-","-","-","-","-","-","-","-","-","-","-","-","-","-","-","-","-","-","-","0.000","0.000","0.000","0.000","16.004","0.000","0.000","0.000","13.898","0.000","0.000","0.000","0.000"
"   Capital Lease Obligation","-","-","-","-","-","-","-","-","-","-","-","-","-","-","-","8.211","0.000","0.000","0.000","0.000","0.000","","-","-","-","-","-","-","-","-","-","-","-","-","-","-","-","-","-","-","-","-","-","-","-","-","-","-","-","-","-","-","-","-","-","-","-","-","-","-","-","-","-","-","-","-","-","-","-","-","-","-","-","-","-","-","-","-","-","-","-","-","-","-","-","-","-","-","-","0.000","0.000","0.000","0.000","10.987","0.000","0.000","0.000","5.838","0.000","0.000","0.000","0.000"
"Long-Term Debt & Capital Lease Obligation","-","-","-","-","-","-","-","-","-","-","-","-","-","-","-","15.512","0.000","0.000","0.000","0.000","0.000","","-","-","-","-","-","-","-","-","-","-","-","-","-","-","-","-","-","-","-","-","-","-","-","-","-","-","-","-","-","-","-","-","-","-","-","-","-","-","-","-","-","-","-","-","-","-","-","-","-","-","-","-","-","-","-","-","-","-","-","-","-","-","-","-","-","-","-","0.000","0.000","0.000","0.000","26.991","0.000","0.000","0.000","19.736","0.000","0.000","0.000","0.000"
"PensionAndRetirementBenefit","-","-","-","-","-","-","-","-","-","-","-","-","-","-","-","0.000","0.000","0.000","0.000","0.000","0.000","","-","-","-","-","-","-","-","-","-","-","-","-","-","-","-","-","-","-","-","-","-","-","-","-","-","-","-","-","-","-","-","-","-","-","-","-","-","-","-","-","-","-","-","-","-","-","-","-","-","-","-","-","-","-","-","-","-","-","-","-","-","-","-","-","-","-","-","0.000","0.000","0.000","0.000","0.000","0.000","0.000","0.000","0.000","0.000","0.000","0.000","0.000"
"NonCurrent Deferred Liabilities","-","-","-","-","-","-","-","-","-","-","-","-","-","-","-","7.588","7.068","5.736","5.499","3.054","5.405","","-","-","-","-","-","-","-","-","-","-","-","-","-","-","-","-","-","-","-","-","-","-","-","-","-","-","-","-","-","-","-","-","-","-","-","-","-","-","-","-","-","-","-","-","-","-","-","-","-","-","-","-","-","-","-","-","-","-","-","-","-","-","-","-","-","-","-","0.000","0.000","5.736","0.000","5.805","5.499","0.000","4.611","3.967","3.054","6.430","5.976","5.405"
"Minority Interest","-","-","-","-","-","-","-","-","-","-","-","-","-","-","-","2.892","2.871","1.863","0.000","0.000","0.000","","-","-","-","-","-","-","-","-","-","-","-","-","-","-","-","-","-","-","-","-","-","-","-","-","-","-","-","-","-","-","-","-","-","-","-","-","-","-","-","-","-","-","-","-","-","-","-","-","-","-","-","-","-","-","-","-","-","-","-","-","-","-","-","-","-","-","-","0.000","0.000","1.863","0.000","0.821","0.000","0.000","0.000","0.000","0.000","0.000","0.000","0.000"
"Other Long-Term Liabilities","-","-","-","-","-","-","-","-","-","-","-","-","-","-","-","14.041","67.009","79.267","81.688","71.391","70.259","","-","-","-","-","-","-","-","-","-","-","-","-","-","-","-","-","-","-","-","-","-","-","-","-","-","-","-","-","-","-","-","-","-","-","-","-","-","-","-","-","-","-","-","-","-","-","-","-","-","-","-","-","-","-","-","-","-","-","-","-","-","-","-","-","-","-","-","0.000","0.000","79.267","0.000","48.996","81.688","0.000","75.912","55.128","71.391","72.096","73.701","70.259"
"Total Liabilities","-","-","-","-","-","-","-","-","-","-","-","-","-","-","-","65.446","111.243","120.211","124.941","113.670","119.247","","-","-","-","-","-","-","-","-","-","-","-","-","-","-","-","-","-","-","-","-","-","-","-","-","-","-","-","-","-","-","-","-","-","-","-","-","-","-","-","-","-","-","-","-","-","-","-","-","-","-","-","-","-","-","-","-","-","-","-","-","-","-","-","-","-","-","-","0.000","0.000","120.211","0.000","119.012","124.941","0.000","118.273","120.257","113.670","124.893","119.025","119.247"
"Common Stock","-","-","-","-","-","-","-","-","-","-","-","-","-","-","-","6.855","6.882","7.418","7.797","8.558","8.817","","-","-","-","-","-","-","-","-","-","-","-","-","-","-","-","-","-","-","-","-","-","-","-","-","-","-","-","-","-","-","-","-","-","-","-","-","-","-","-","-","-","-","-","-","-","-","-","-","-","-","-","-","-","-","-","-","-","-","-","-","-","-","-","-","-","-","-","0.000","0.000","7.418","0.000","8.110","7.797","0.000","7.522","7.606","8.558","8.748","8.827","8.817"
"Preferred Stock","-","-","-","-","-","-","-","-","-","-","-","-","-","-","-","0.000","0.000","0.000","0.000","0.000","0.000","","-","-","-","-","-","-","-","-","-","-","-","-","-","-","-","-","-","-","-","-","-","-","-","-","-","-","-","-","-","-","-","-","-","-","-","-","-","-","-","-","-","-","-","-","-","-","-","-","-","-","-","-","-","-","-","-","-","-","-","-","-","-","-","-","-","-","-","0.000","0.000","0.000","0.000","0.000","0.000","0.000","0.000","0.000","0.000","0.000","0.000","0.000"
"Retained Earnings","-","-","-","-","-","-","-","-","-","-","-","-","-","-","-","3.484","-21.660","-16.647","-11.713","-18.520","-66.131","","-","-","-","-","-","-","-","-","-","-","-","-","-","-","-","-","-","-","-","-","-","-","-","-","-","-","-","-","-","-","-","-","-","-","-","-","-","-","-","-","-","-","-","-","-","-","-","-","-","-","-","-","-","-","-","-","-","-","-","-","-","-","-","-","-","-","-","0.000","0.000","-16.647","0.000","-32.539","-11.713","0.000","-48.553","-52.168","-18.520","-3.314","-61.111","-66.131"
"Accumulated other comprehensive income (loss)","-","-","-","-","-","-","-","-","-","-","-","-","-","-","-","0.000","0.000","0.000","0.000","0.000","0.000","","-","-","-","-","-","-","-","-","-","-","-","-","-","-","-","-","-","-","-","-","-","-","-","-","-","-","-","-","-","-","-","-","-","-","-","-","-","-","-","-","-","-","-","-","-","-","-","-","-","-","-","-","-","-","-","-","-","-","-","-","-","-","-","-","-","-","-","0.000","0.000","0.000","0.000","0.000","0.000","0.000","0.000","0.000","0.000","0.000","0.000","0.000"
"Additional Paid-In Capital","-","-","-","-","-","-","-","-","-","-","-","-","-","-","-","90.993","91.404","104.923","146.018","233.096","240.159","","-","-","-","-","-","-","-","-","-","-","-","-","-","-","-","-","-","-","-","-","-","-","-","-","-","-","-","-","-","-","-","-","-","-","-","-","-","-","-","-","-","-","-","-","-","-","-","-","-","-","-","-","-","-","-","-","-","-","-","-","-","-","-","-","-","-","-","0.000","0.000","104.923","0.000","152.642","146.018","0.000","158.428","158.545","233.096","238.287","240.429","240.159"
"Treasury Stock","-","-","-","-","-","-","-","-","-","-","-","-","-","-","-","0.000","0.000","0.000","0.000","0.000","0.000","","-","-","-","-","-","-","-","-","-","-","-","-","-","-","-","-","-","-","-","-","-","-","-","-","-","-","-","-","-","-","-","-","-","-","-","-","-","-","-","-","-","-","-","-","-","-","-","-","-","-","-","-","-","-","-","-","-","-","-","-","-","-","-","-","-","-","-","0.000","0.000","0.000","0.000","0.000","0.000","0.000","0.000","0.000","0.000","0.000","0.000","0.000"
"Total Equity","-","-","-","-","-","-","-","-","-","-","-","-","-","-","-","101.333","76.626","76.333","105.039","184.917","182.845","","-","-","-","-","-","-","-","-","-","-","-","-","-","-","-","-","-","-","-","-","-","-","-","-","-","-","-","-","-","-","-","-","-","-","-","-","-","-","-","-","-","-","-","-","-","-","-","-","-","-","-","-","-","-","-","-","-","-","-","-","-","-","-","-","-","-","-","0.000","0.000","76.333","0.000","128.213","105.039","0.000","117.396","113.983","184.917","186.285","188.145","182.845"
"  Net Income","-","-","-","-","-","-","-","-","-","-","-","-","-","-","-","-1.029","-26.908","-17.508","-13.321","-18.520","-19.250","","-","-","-","-","-","-","-","-","-","-","-","-","-","-","-","-","-","-","-","-","-","-","-","-","-","-","-","-","-","-","-","-","-","-","-","-","-","-","-","-","-","-","-","-","-","-","-","-","-","-","-","-","-","-","-","-","-","-","-","-","-","-","-","-","-","-","-","0.000","0.000","-13.845","9.817","0.562","-10.305","-6.389","-2.873","-2.040","-7.320","-3.314","-1.609","-7.007"
"  Net Foreign Currency Exchange Gain","-","-","-","-","-","-","-","-","-","-","-","-","-","-","-","0.000","0.000","0.000","0.000","0.000","0.000","","-","-","-","-","-","-","-","-","-","-","-","-","-","-","-","-","-","-","-","-","-","-","-","-","-","-","-","-","-","-","-","-","-","-","-","-","-","-","-","-","-","-","-","-","-","-","-","-","-","-","-","-","-","-","-","-","-","-","-","-","-","-","-","-","-","-","-","0.000","0.000","0.000","0.000","0.000","0.000","0.000","0.000","0.000","0.000","0.000","0.000","0.000"
"Net Income From Continuing Operations","-","-","-","-","-","-","-","-","-","-","-","-","-","-","-","-1.029","-26.908","-17.508","-13.321","-18.520","-19.250","","-","-","-","-","-","-","-","-","-","-","-","-","-","-","-","-","-","-","-","-","-","-","-","-","-","-","-","-","-","-","-","-","-","-","-","-","-","-","-","-","-","-","-","-","-","-","-","-","-","-","-","-","-","-","-","-","-","-","-","-","-","-","-","-","-","-","-","0.000","0.000","-13.845","9.817","0.562","-10.305","-6.389","-2.873","-2.040","-7.320","-3.314","-1.609","-7.007"
"Depreciation, Depletion and Amortization","-","-","-","-","-","-","-","-","-","-","-","-","-","-","-","5.713","8.525","13.075","14.788","12.332","14.409","","-","-","-","-","-","-","-","-","-","-","-","-","-","-","-","-","-","-","-","-","-","-","-","-","-","-","-","-","-","-","-","-","-","-","-","-","-","-","-","-","-","-","-","-","-","-","-","-","-","-","-","-","-","-","-","-","-","-","-","-","-","-","-","-","-","-","-","0.000","0.000","5.629","0.618","3.470","5.840","2.903","3.118","3.084","3.391","3.562","3.627","3.828"
"  Change In Receivables","-","-","-","-","-","-","-","-","-","-","-","-","-","-","-","-5.063","-3.828","-1.436","-4.893","-5.455","-2.948","","-","-","-","-","-","-","-","-","-","-","-","-","-","-","-","-","-","-","-","-","-","-","-","-","-","-","-","-","-","-","-","-","-","-","-","-","-","-","-","-","-","-","-","-","-","-","-","-","-","-","-","-","-","-","-","-","-","-","-","-","-","-","-","-","-","-","-","0.000","0.000","-1.903","-2.057","0.135","-1.443","-4.034","-2.901","-1.037","2.427","-7.599","-6.372","8.596"
"  Change In Inventory","-","-","-","-","-","-","-","-","-","-","-","-","-","-","-","-0.284","-0.576","-0.610","-1.338","-0.808","-2.123","","-","-","-","-","-","-","-","-","-","-","-","-","-","-","-","-","-","-","-","-","-","-","-","-","-","-","-","-","-","-","-","-","-","-","-","-","-","-","-","-","-","-","-","-","-","-","-","-","-","-","-","-","-","-","-","-","-","-","-","-","-","-","-","-","-","-","-","0.000","0.000","-0.214","-1.390","-0.034","0.148","-0.365","-0.305","-0.432","0.275","-0.650","-0.739","-1.008"
"  Change In Prepaid Assets","-","-","-","-","-","-","-","-","-","-","-","-","-","-","-","0.000","0.000","0.000","0.000","0.000","0.000","","-","-","-","-","-","-","-","-","-","-","-","-","-","-","-","-","-","-","-","-","-","-","-","-","-","-","-","-","-","-","-","-","-","-","-","-","-","-","-","-","-","-","-","-","-","-","-","-","-","-","-","-","-","-","-","-","-","-","-","-","-","-","-","-","-","-","-","0.000","0.000","0.000","0.000","0.000","0.000","0.000","0.000","0.000","0.000","0.000","0.000","0.000"
"  Change In Payables And Accrued Expense","-","-","-","-","-","-","-","-","-","-","-","-","-","-","-","6.311","1.077","-0.875","3.623","0.170","2.019","","-","-","-","-","-","-","-","-","-","-","-","-","-","-","-","-","-","-","-","-","-","-","-","-","-","-","-","-","-","-","-","-","-","-","-","-","-","-","-","-","-","-","-","-","-","-","-","-","-","-","-","-","-","-","-","-","-","-","-","-","-","-","-","-","-","-","-","0.000","0.000","0.597","2.558","-2.857","3.497","-0.137","0.722","-0.302","-0.099","1.751","-0.298","0.666"
"Change In Working Capital","-","-","-","-","-","-","-","-","-","-","-","-","-","-","-","2.550","-3.129","-2.574","-2.419","-5.275","-6.463","","-","-","-","-","-","-","-","-","-","-","-","-","-","-","-","-","-","-","-","-","-","-","-","-","-","-","-","-","-","-","-","-","-","-","-","-","-","-","-","-","-","-","-","-","-","-","-","-","-","-","-","-","-","-","-","-","-","-","-","-","-","-","-","-","-","-","-","0.000","0.000","0.821","-2.338","-3.177","2.004","-4.556","-2.266","-2.770","4.199","-6.409","-7.034","2.780"
"Change In DeferredTax","-","-","-","-","-","-","-","-","-","-","-","-","-","-","-","0.000","0.000","0.000","0.000","0.000","0.000","","-","-","-","-","-","-","-","-","-","-","-","-","-","-","-","-","-","-","-","-","-","-","-","-","-","-","-","-","-","-","-","-","-","-","-","-","-","-","-","-","-","-","-","-","-","-","-","-","-","-","-","-","-","-","-","-","-","-","-","-","-","-","-","-","-","-","-","0.000","0.000","0.000","0.000","0.000","0.000","0.000","0.000","0.000","0.000","0.000","0.000","0.000"
"Stock Based Compensation","-","-","-","-","-","-","-","-","-","-","-","-","-","-","-","1.224","1.640","3.123","2.811","1.950","5.446","","-","-","-","-","-","-","-","-","-","-","-","-","-","-","-","-","-","-","-","-","-","-","-","-","-","-","-","-","-","-","-","-","-","-","-","-","-","-","-","-","-","-","-","-","-","-","-","-","-","-","-","-","-","-","-","-","-","-","-","-","-","-","-","-","-","-","-","0.000","0.000","1.041","0.489","0.812","0.666","0.433","0.494","0.348","0.708","1.459","1.393","1.886"
"Cash Flow from Discontinued Operations","-","-","-","-","-","-","-","-","-","-","-","-","-","-","-","0.000","0.000","0.000","0.000","0.000","0.000","","-","-","-","-","-","-","-","-","-","-","-","-","-","-","-","-","-","-","-","-","-","-","-","-","-","-","-","-","-","-","-","-","-","-","-","-","-","-","-","-","-","-","-","-","-","-","-","-","-","-","-","-","-","-","-","-","-","-","-","-","-","-","-","-","-","-","-","0.000","0.000","0.000","0.000","0.000","0.000","0.000","0.000","0.000","0.000","0.000","0.000","0.000"
"Cash Flow from Others","-","-","-","-","-","-","-","-","-","-","-","-","-","-","-","1.017","21.480","13.975","1.054","5.377","1.954","","-","-","-","-","-","-","-","-","-","-","-","-","-","-","-","-","-","-","-","-","-","-","-","-","-","-","-","-","-","-","-","-","-","-","-","-","-","-","-","-","-","-","-","-","-","-","-","-","-","-","-","-","-","-","-","-","-","-","-","-","-","-","-","-","-","-","-","0.000","0.000","9.938","-6.761","-2.110","0.250","4.432","0.319","0.667","-0.051","1.669","-0.547","0.883"
"Cash Flow from Operations","-","-","-","-","-","-","-","-","-","-","-","-","-","-","-","9.475","1.609","10.092","2.914","-4.135","-3.905","","-","-","-","-","-","-","-","-","-","-","-","-","-","-","-","-","-","-","-","-","-","-","-","-","-","-","-","-","-","-","-","-","-","-","-","-","-","-","-","-","-","-","-","-","-","-","-","-","-","-","-","-","-","-","-","-","-","-","-","-","-","-","-","-","-","-","-","0.000","0.000","3.584","1.825","-0.442","-1.545","-3.177","-1.209","-0.712","0.927","-3.032","-4.170","2.370"
"Purchase Of Property, Plant, Equipment","-","-","-","-","-","-","-","-","-","-","-","-","-","-","-","-10.458","-13.037","-12.725","-10.925","-12.294","-15.637","","-","-","-","-","-","-","-","-","-","-","-","-","-","-","-","-","-","-","-","-","-","-","-","-","-","-","-","-","-","-","-","-","-","-","-","-","-","-","-","-","-","-","-","-","-","-","-","-","-","-","-","-","-","-","-","-","-","-","-","-","-","-","-","-","-","-","-","0.000","0.000","-3.371","-3.355","-4.841","-0.213","-1.721","-1.716","-4.862","-4.178","-4.035","-4.862","-2.563"
"Sale Of Property, Plant, Equipment","-","-","-","-","-","-","-","-","-","-","-","-","-","-","-","0.000","0.234","0.178","0.139","0.129","0.100","","-","-","-","-","-","-","-","-","-","-","-","-","-","-","-","-","-","-","-","-","-","-","-","-","-","-","-","-","-","-","-","-","-","-","-","-","-","-","-","-","-","-","-","-","-","-","-","-","-","-","-","-","-","-","-","-","-","-","-","-","-","-","-","-","-","-","-","0.000","0.000","0.138","-0.137","0.000","0.139","0.034","0.000","0.094","0.003","0.000","0.008","0.089"
"Purchase Of Business","-","-","-","-","-","-","-","-","-","-","-","-","-","-","-","-6.045","-15.176","-1.911","-0.692","0.000","-25.028","","-","-","-","-","-","-","-","-","-","-","-","-","-","-","-","-","-","-","-","-","-","-","-","-","-","-","-","-","-","-","-","-","-","-","-","-","-","-","-","-","-","-","-","-","-","-","-","-","-","-","-","-","-","-","-","-","-","-","-","-","-","-","-","-","-","-","-","0.000","0.000","-1.496","1.391","-0.363","-0.260","0.000","0.000","0.000","0.000","-22.226","-2.802","0.000"
"Sale Of Business","-","-","-","-","-","-","-","-","-","-","-","-","-","-","-","0.000","0.000","0.000","0.000","0.000","0.000","","-","-","-","-","-","-","-","-","-","-","-","-","-","-","-","-","-","-","-","-","-","-","-","-","-","-","-","-","-","-","-","-","-","-","-","-","-","-","-","-","-","-","-","-","-","-","-","-","-","-","-","-","-","-","-","-","-","-","-","-","-","-","-","-","-","-","-","0.000","0.000","0.000","0.000","0.000","0.000","0.000","0.000","0.000","0.000","0.000","0.000","0.000"
"Purchase Of Investment","-","-","-","-","-","-","-","-","-","-","-","-","-","-","-","0.000","0.000","0.000","0.000","0.000","-0.067","","-","-","-","-","-","-","-","-","-","-","-","-","-","-","-","-","-","-","-","-","-","-","-","-","-","-","-","-","-","-","-","-","-","-","-","-","-","-","-","-","-","-","-","-","-","-","-","-","-","-","-","-","-","-","-","-","-","-","-","-","-","-","-","-","-","-","-","0.000","0.000","0.000","0.000","0.000","0.000","-0.238","0.196","-0.028","0.000","-0.246","0.228","-0.049"
"Sale Of Investment","-","-","-","-","-","-","-","-","-","-","-","-","-","-","-","0.000","0.000","0.000","0.000","0.000","0.423","","-","-","-","-","-","-","-","-","-","-","-","-","-","-","-","-","-","-","-","-","-","-","-","-","-","-","-","-","-","-","-","-","-","-","-","-","-","-","-","-","-","-","-","-","-","-","-","-","-","-","-","-","-","-","-","-","-","-","-","-","-","-","-","-","-","-","-","0.000","0.000","0.000","0.000","0.000","0.000","0.000","0.000","0.000","0.000","0.846","0.069","-0.492"
"Net Intangibles Purchase And Sale","-","-","-","-","-","-","-","-","-","-","-","-","-","-","-","-0.901","-0.256","-0.868","-0.486","-0.991","-1.592","","-","-","-","-","-","-","-","-","-","-","-","-","-","-","-","-","-","-","-","-","-","-","-","-","-","-","-","-","-","-","-","-","-","-","-","-","-","-","-","-","-","-","-","-","-","-","-","-","-","-","-","-","-","-","-","-","-","-","-","-","-","-","-","-","-","-","-","0.000","0.000","-0.638","0.308","-0.329","0.123","-0.487","-0.158","-0.148","-0.204","-0.643","-0.457","-0.288"
"Cash From Discontinued Investing Activities","-","-","-","-","-","-","-","-","-","-","-","-","-","-","-","0.000","0.000","0.000","0.000","0.000","0.000","","-","-","-","-","-","-","-","-","-","-","-","-","-","-","-","-","-","-","-","-","-","-","-","-","-","-","-","-","-","-","-","-","-","-","-","-","-","-","-","-","-","-","-","-","-","-","-","-","-","-","-","-","-","-","-","-","-","-","-","-","-","-","-","-","-","-","-","0.000","0.000","0.000","0.000","0.000","0.000","0.000","0.000","0.000","0.000","0.000","0.000","0.000"
"Cash From Other Investing Activities","-","-","-","-","-","-","-","-","-","-","-","-","-","-","-","-0.038","-2.521","0.360","1.560","0.413","0.413","","-","-","-","-","-","-","-","-","-","-","-","-","-","-","-","-","-","-","-","-","-","-","-","-","-","-","-","-","-","-","-","-","-","-","-","-","-","-","-","-","-","-","-","-","-","-","-","-","-","-","-","-","-","-","-","-","-","-","-","-","-","-","-","-","-","-","-","0.000","0.000","0.360","0.173","-0.841","1.884","-0.000","0.198","0.373","-0.064","0.145","0.176","0.156"
"Cash Flow from Investing","-","-","-","-","-","-","-","-","-","-","-","-","-","-","-","-17.442","-30.756","-14.966","-10.403","-12.744","-41.389","","-","-","-","-","-","-","-","-","-","-","-","-","-","-","-","-","-","-","-","-","-","-","-","-","-","-","-","-","-","-","-","-","-","-","-","-","-","-","-","-","-","-","-","-","-","-","-","-","-","-","-","-","-","-","-","-","-","-","-","-","-","-","-","-","-","-","-","0.000","0.000","-5.007","-1.620","-6.375","1.673","-2.412","-1.480","-4.571","-4.442","-26.158","-7.640","-3.148"
"Issuance of Stock","-","-","-","-","-","-","-","-","-","-","-","-","-","-","-","33.671","0.000","6.603","50.143","105.767","0.000","","-","-","-","-","-","-","-","-","-","-","-","-","-","-","-","-","-","-","-","-","-","-","-","-","-","-","-","-","-","-","-","-","-","-","-","-","-","-","-","-","-","-","-","-","-","-","-","-","-","-","-","-","-","-","-","-","-","-","-","-","-","-","-","-","-","-","-","0.000","0.000","0.000","55.253","0.000","0.000","0.000","0.000","0.000","0.000","0.000","0.000","0.000"
"Repurchase of Stock","-","-","-","-","-","-","-","-","-","-","-","-","-","-","-","0.000","0.000","0.000","0.000","0.000","0.000","","-","-","-","-","-","-","-","-","-","-","-","-","-","-","-","-","-","-","-","-","-","-","-","-","-","-","-","-","-","-","-","-","-","-","-","-","-","-","-","-","-","-","-","-","-","-","-","-","-","-","-","-","-","-","-","-","-","-","-","-","-","-","-","-","-","-","-","0.000","0.000","0.000","0.000","0.000","0.000","0.000","0.000","0.000","0.000","0.000","0.000","0.000"
"Net Issuance of Preferred Stock","-","-","-","-","-","-","-","-","-","-","-","-","-","-","-","0.000","0.000","0.000","0.000","0.000","0.000","","-","-","-","-","-","-","-","-","-","-","-","-","-","-","-","-","-","-","-","-","-","-","-","-","-","-","-","-","-","-","-","-","-","-","-","-","-","-","-","-","-","-","-","-","-","-","-","-","-","-","-","-","-","-","-","-","-","-","-","-","-","-","-","-","-","-","-","0.000","0.000","0.000","0.000","0.000","0.000","0.000","0.000","0.000","0.000","0.000","0.000","0.000"
"Net Issuance of Debt","-","-","-","-","-","-","-","-","-","-","-","-","-","-","-","-0.343","10.744","-0.770","1.264","-5.057","-5.931","","-","-","-","-","-","-","-","-","-","-","-","-","-","-","-","-","-","-","-","-","-","-","-","-","-","-","-","-","-","-","-","-","-","-","-","-","-","-","-","-","-","-","-","-","-","-","-","-","-","-","-","-","-","-","-","-","-","-","-","-","-","-","-","-","-","-","-","0.000","0.000","-1.222","-0.802","3.603","-0.356","-1.353","-1.363","-1.409","-1.005","-1.429","-2.104","-1.393"
"Cash Flow for Dividends","-","-","-","-","-","-","-","-","-","-","-","-","-","-","-","0.000","0.000","0.000","0.000","0.000","0.000","","-","-","-","-","-","-","-","-","-","-","-","-","-","-","-","-","-","-","-","-","-","-","-","-","-","-","-","-","-","-","-","-","-","-","-","-","-","-","-","-","-","-","-","-","-","-","-","-","-","-","-","-","-","-","-","-","-","-","-","-","-","-","-","-","-","-","-","0.000","0.000","0.000","0.000","0.000","0.000","0.000","0.000","0.000","0.000","0.000","0.000","0.000"
"Other Financing","-","-","-","-","-","-","-","-","-","-","-","-","-","-","-","-0.908","-1.101","-1.410","-5.245","-2.528","74.858","","-","-","-","-","-","-","-","-","-","-","-","-","-","-","-","-","-","-","-","-","-","-","-","-","-","-","-","-","-","-","-","-","-","-","-","-","-","-","-","-","-","-","-","-","-","-","-","-","-","-","-","-","-","-","-","-","-","-","-","-","-","-","-","-","-","-","-","0.000","0.000","-0.585","-0.432","-0.258","-4.080","-0.219","25.736","-0.066","78.544","-0.322","-3.099","-0.265"
"Cash Flow from Financing","-","-","-","-","-","-","-","-","-","-","-","-","-","-","-","32.420","9.643","4.423","46.162","98.182","68.927","","-","-","-","-","-","-","-","-","-","-","-","-","-","-","-","-","-","-","-","-","-","-","-","-","-","-","-","-","-","-","-","-","-","-","-","-","-","-","-","-","-","-","-","-","-","-","-","-","-","-","-","-","-","-","-","-","-","-","-","-","-","-","-","-","-","-","-","0.000","0.000","-1.807","54.019","3.345","-4.436","-1.571","24.374","-1.475","77.538","-1.751","-5.203","-1.658"
"Net Change in Cash","-","-","-","-","-","-","-","-","-","-","-","-","-","-","-","24.453","-19.504","-0.451","38.672","81.303","23.633","","-","-","-","-","-","-","-","-","-","-","-","-","-","-","-","-","-","-","-","-","-","-","-","-","-","-","-","-","-","-","-","-","-","-","-","-","-","-","-","-","-","-","-","-","-","-","-","-","-","-","-","-","-","-","-","-","-","-","-","-","-","-","-","-","-","-","-","0.000","0.000","-3.230","54.224","-3.472","-4.308","-7.161","21.685","-6.758","74.023","-30.941","-17.013","-2.435"
"Capital Expenditure","-","-","-","-","-","-","-","-","-","-","-","-","-","-","-","-11.359","-13.293","-13.593","-11.411","-13.285","-17.229","","-","-","-","-","-","-","-","-","-","-","-","-","-","-","-","-","-","-","-","-","-","-","-","-","-","-","-","-","-","-","-","-","-","-","-","-","-","-","-","-","-","-","-","-","-","-","-","-","-","-","-","-","-","-","-","-","-","-","-","-","-","-","-","-","-","-","-","0.000","0.000","-4.010","-3.046","-5.170","-0.090","-2.208","-1.874","-5.010","-4.381","-4.677","-5.319","-2.852"
"Free Cash Flow","-","-","-","-","-","-","-","-","-","-","-","-","-","-","-","-1.884","-11.684","-3.501","-8.497","-17.420","-21.134","","-","-","-","-","-","-","-","-","-","-","-","-","-","-","-","-","-","-","-","-","-","-","-","-","-","-","-","-","-","-","-","-","-","-","-","-","-","-","-","-","-","-","-","-","-","-","-","-","-","-","-","-","-","-","-","-","-","-","-","-","-","-","-","-","-","-","-","0.000","0.000","-0.426","-1.221","-5.612","-1.635","-5.385","-3.083","-5.722","-3.454","-7.709","-9.489","-0.481"
"PE Ratio(TTM)","","","","","","","","","","","","","","","","0.000","0.000","0.000","0.000","0.000","0.000","","-","-","-","-","-","-","-","-","-","-","-","-","-","-","-","-","-","-","-","-","-","-","-","-","-","-","-","-","-","-","-","-","-","-","-","-","-","-","-","-","-","-","-","-","-","-","-","-","-","-","-","-","-","-","-","-","-","-","-","-","-","-","-","-","-","-","-","0.000","0.000","0.000","0.000","0.000","0.000","0.000","0.000","0.000","0.000","0.000","0.000","0.000"
"Price to Owner Earnings (TTM)","","","","","","","","","","","","","","","","0.000","0.000","0.000","0.000","0.000","","","","","","","","","","","","","","","","","","","","","","","","","","","","","","","","","","","","","","","","","","","","","","","","","","","","","","","","","","","","","","","","","","","","","","","","0.000","0.000","0.000","0.000","0.000","0.000","0.000","0.000","0.000","0.000","0.000"
"Price to Book","-","-","-","-","-","-","-","-","-","-","-","-","-","-","-","0.000","0.000","0.000","0.000","6.640","6.260","","-","-","-","-","-","-","-","-","-","-","-","-","-","-","-","-","-","-","-","-","-","-","-","-","-","-","-","-","-","-","-","-","-","-","-","-","-","-","-","-","-","-","-","-","-","-","-","-","-","-","-","-","-","-","-","-","-","-","-","-","-","-","-","-","-","-","-","0.000","0.000","0.000","0.000","0.000","0.000","0.000","0.000","0.000","6.640","7.390","6.310","8.180"
"Price to Tangible Book","-","-","-","-","-","-","-","-","-","-","-","-","-","-","-","0.000","0.000","0.000","0.000","9.790","12.080","","-","-","-","-","-","-","-","-","-","-","-","-","-","-","-","-","-","-","-","-","-","-","-","-","-","-","-","-","-","-","-","-","-","-","-","-","-","-","-","-","-","-","-","-","-","-","-","-","-","-","-","-","-","-","-","-","-","-","-","-","-","-","-","-","-","-","-","0.000","0.000","0.000","0.000","0.000","0.000","0.000","0.000","0.000","9.790","13.820","12.050","15.790"
"Price-to-Free-Cash-Flow Ratio","","","","","","","","","","","","","","","","0.000","0.000","0.000","0.000","0.000","0.000","","-","-","-","-","-","-","-","-","-","-","-","-","-","-","-","-","-","-","-","-","-","-","-","-","-","-","-","-","-","-","-","-","-","-","-","-","-","-","-","-","-","-","-","-","-","-","-","-","-","-","-","-","-","-","-","-","-","-","-","-","-","-","-","-","-","-","-","0.000","0.000","0.000","0.000","0.000","0.000","0.000","0.000","0.000","0.000","0.000","0.000","0.000"
"Price-to-Operating-Cash-Flow Ratio","-","-","-","-","-","-","-","-","-","-","-","-","-","-","-","0.000","0.000","0.000","0.000","0.000","0.000","","-","-","-","-","-","-","-","-","-","-","-","-","-","-","-","-","-","-","-","-","-","-","-","-","-","-","-","-","-","-","-","-","-","-","-","-","-","-","-","-","-","-","-","-","-","-","-","-","-","-","-","-","-","-","-","-","-","-","-","-","-","-","-","-","-","-","-","0.000","0.000","0.000","0.000","0.000","0.000","0.000","0.000","0.000","0.000","0.000","0.000","0.000"
"PS Ratio","-","-","-","-","-","-","-","-","-","-","-","-","-","-","-","0.000","0.000","0.000","0.000","11.760","9.200","","-","-","-","-","-","-","-","-","-","-","-","-","-","-","-","-","-","-","-","-","-","-","-","-","-","-","-","-","-","-","-","-","-","-","-","-","-","-","-","-","-","-","-","-","-","-","-","-","-","-","-","-","-","-","-","-","-","-","-","-","-","-","-","-","-","-","-","0.000","0.000","0.000","0.000","0.000","0.000","0.000","0.000","0.000","11.760","12.260","9.820","12.020"
"PEG Ratio","","","","","","","","","","","","","","","","0.000","0.000","0.000","0.000","0.000","","","","","","","","","","","","","","","","","","","","","","","","","","","","","","","","","","","","","","","","","","","","","","","","","","","","","","","","","","","","","","","","","","","","","","","","0.000","0.000","0.000","0.000","0.000","0.000","0.000","0.000","0.000","0.000","0.000"
"EV-to-Revenue","-","-","-","-","-","-","-","-","-","-","-","-","-","-","-","0.000","0.000","0.000","0.000","11.230","10.190","","-","-","-","-","-","-","-","-","-","-","-","-","-","-","-","-","-","-","-","-","-","-","-","-","-","-","-","-","-","-","-","-","-","-","-","-","-","-","-","-","-","-","-","-","-","-","-","-","-","-","-","-","-","-","-","-","-","-","-","-","-","-","-","-","-","-","-","0.000","0.000","0.000","0.000","0.000","0.000","0.000","0.000","0.000","11.230","12.120","9.890","12.240"
"EV-to-EBITDA","-","-","-","-","-","-","-","-","-","-","-","-","-","-","-","0.000","0.000","0.000","0.000","-2,308.200","-1,129.550","","-","-","-","-","-","-","-","-","-","-","-","-","-","-","-","-","-","-","-","-","-","-","-","-","-","-","-","-","-","-","-","-","-","-","-","-","-","-","-","-","-","-","-","-","-","-","-","-","-","-","-","-","-","-","-","-","-","-","-","-","-","-","-","-","-","-","-","0.000","0.000","0.000","0.000","0.000","0.000","0.000","0.000","0.000","-2,308.200","612.980","317.740","-1,356.570"
"EV-to-EBIT","-","-","-","-","-","-","-","-","-","-","-","-","-","-","-","0.000","0.000","0.000","0.000","-84.710","-76.200","","-","-","-","-","-","-","-","-","-","-","-","-","-","-","-","-","-","-","-","-","-","-","-","-","-","-","-","-","-","-","-","-","-","-","-","-","-","-","-","-","-","-","-","-","-","-","-","-","-","-","-","-","-","-","-","-","-","-","-","-","-","-","-","-","-","-","-","0.000","0.000","0.000","0.000","0.000","0.000","0.000","0.000","0.000","-84.710","-115.340","-108.170","-91.510"
"Earnings Yield (Joel Greenblatt)","-","-","-","-","-","-","-","-","-","-","-","-","-","-","-","0.000","0.000","0.000","0.000","-1.180","-1.300","","-","-","-","-","-","-","-","-","-","-","-","-","-","-","-","-","-","-","-","-","-","-","-","-","-","-","-","-","-","-","-","-","-","-","-","-","-","-","-","-","-","-","-","-","-","-","-","-","-","-","-","-","-","-","-","-","-","-","-","-","-","-","-","-","-","-","-","0.000","0.000","0.000","0.000","0.000","0.000","0.000","0.000","0.000","-1.180","-0.870","-0.920","-1.090"
"Forward Rate of Return","-","-","-","-","-","-","-","-","-","-","-","-","-","-","-","0.000","0.000","0.000","0.000","0.000","0.000","","-","-","-","-","-","-","-","-","-","-","-","-","-","-","-","-","-","-","-","-","-","-","-","-","-","-","-","-","-","-","-","-","-","-","-","-","-","-","-","-","-","-","-","-","-","-","-","-","-","-","-","-","-","-","-","-","-","-","-","-","-","-","-","-","-","-","-","0.000","0.000","0.000","0.000","0.000","0.000","0.000","0.000","0.000","0.000","0.000","0.000","0.000"
"Shiller PE Ratio","-","-","-","-","-","-","-","-","-","-","-","-","-","-","-","0.000","0.000","0.000","0.000","0.000","0.000","","-","-","-","-","-","-","-","-","-","-","-","-","-","-","-","-","-","-","-","-","-","-","-","-","-","-","-","-","-","-","-","-","-","-","-","-","-","-","-","-","-","-","-","-","-","-","-","-","-","-","-","-","-","-","-","-","-","-","-","-","-","-","-","-","-","-","-","0.000","0.000","0.000","0.000","0.000","0.000","0.000","0.000","0.000","0.000","0.000","0.000","0.000"
"Market Cap","-","-","-","-","-","-","-","-","-","-","-","-","-","-","-","0.000","0.000","0.000","0.000","1,228.286","1,259.150","","-","-","-","-","-","-","-","-","-","-","-","-","-","-","-","-","-","-","-","-","-","-","-","-","-","-","-","-","-","-","-","-","-","-","-","-","-","-","-","-","-","-","-","-","-","-","-","-","-","-","-","-","-","-","-","-","-","-","-","-","-","-","-","-","-","-","-","0.000","0.000","0.000","0.000","0.000","0.000","0.000","0.000","0.000","1,228.286","1,375.586","1,187.827","1,495.782"
"Enterprise Value","-","-","-","-","-","-","-","-","-","-","-","-","-","-","-","0.000","0.000","0.000","0.000","1,098.780","1,177.358","","-","-","-","-","-","-","-","-","-","-","-","-","-","-","-","-","-","-","-","-","-","-","-","-","-","-","-","-","-","-","-","-","-","-","-","-","-","-","-","-","-","-","-","-","-","-","-","-","-","-","-","-","-","-","-","-","-","-","-","-","-","-","-","-","-","-","-","0.000","0.000","0.000","0.000","0.000","0.000","0.000","0.000","0.000","1,098.780","1,277.084","1,102.727","1,413.990"
"Net Cash (per share)","-","-","-","-","-","-","-","-","-","-","-","-","-","-","-","0.000","0.000","0.000","-1.880","0.400","-0.950","","-","-","-","-","-","-","-","-","-","-","-","-","-","-","-","-","-","-","-","-","-","-","-","-","-","-","-","-","-","-","-","-","-","-","-","-","-","-","-","-","-","-","-","-","-","-","-","-","-","-","-","-","-","-","-","-","-","-","-","-","-","-","-","-","-","-","-","0.000","0.000","0.000","0.000","0.000","-1.880","0.000","-1.360","-1.600","0.400","-0.670","-0.860","-0.950"
"Net Current Asset Value (per share)","-","-","-","-","-","-","-","-","-","-","-","-","-","-","-","0.000","0.000","0.000","-0.760","1.580","0.380","","-","-","-","-","-","-","-","-","-","-","-","-","-","-","-","-","-","-","-","-","-","-","-","-","-","-","-","-","-","-","-","-","-","-","-","-","-","-","-","-","-","-","-","-","-","-","-","-","-","-","-","-","-","-","-","-","-","-","-","-","-","-","-","-","-","-","-","0.000","0.000","0.000","0.000","0.000","-0.760","0.000","-0.160","-0.290","1.580","0.620","0.470","0.380"
"Net-Net Working Capital (per share)","-","-","-","-","-","-","-","-","-","-","-","-","-","-","-","0.000","0.000","0.000","-1.100","1.210","-0.060","","-","-","-","-","-","-","-","-","-","-","-","-","-","-","-","-","-","-","-","-","-","-","-","-","-","-","-","-","-","-","-","-","-","-","-","-","-","-","-","-","-","-","-","-","-","-","-","-","-","-","-","-","-","-","-","-","-","-","-","-","-","-","-","-","-","-","-","0.000","0.000","0.000","0.000","0.000","-1.100","0.000","-0.750","-0.940","1.210","-0.010","0.030","-0.060"
"Projected FCF (per share)","-","-","-","-","-","-","-","-","-","-","-","-","-","-","-","0.000","0.000","0.000","0.000","0.000","0.000","","-","-","-","-","-","-","-","-","-","-","-","-","-","-","-","-","-","-","-","-","-","-","-","-","-","-","-","-","-","-","-","-","-","-","-","-","-","-","-","-","-","-","-","-","-","-","-","-","-","-","-","-","-","-","-","-","-","-","-","-","-","-","-","-","-","-","-","0.000","0.000","0.000","0.000","0.000","0.000","0.000","0.000","0.000","0.000","0.000","0.000","0.000"
"Median PS (per share)","-","-","-","-","-","-","-","-","-","-","-","-","-","-","-","0.000","0.000","0.000","7.030","28.450","33.900","","-","-","-","-","-","-","-","-","-","-","-","-","-","-","-","-","-","-","-","-","-","-","-","-","-","-","-","-","-","-","-","-","-","-","-","-","-","-","-","-","-","-","-","-","-","-","-","-","-","-","-","-","-","-","-","-","-","-","-","-","-","-","-","-","-","-","-","0.000","0.000","0.000","0.000","0.000","7.030","13.540","20.450","27.660","28.450","30.570","32.930","33.900"
"Peter Lynch Fair Value (per share)","-","-","-","-","-","-","-","-","-","-","-","-","-","-","-","0.000","0.000","0.000","0.000","0.000","0.000","","-","-","-","-","-","-","-","-","-","-","-","-","-","-","-","-","-","-","-","-","-","-","-","-","-","-","-","-","-","-","-","-","-","-","-","-","-","-","-","-","-","-","-","-","-","-","-","-","-","-","-","-","-","-","-","-","-","-","-","-","-","-","-","-","-","-","-","0.000","0.000","0.000","0.000","0.000","0.000","0.000","0.000","0.000","0.000","0.000","0.000","0.000"
"Graham Number (per share)","-","-","-","-","-","-","-","-","-","-","-","-","-","-","-","0.000","0.000","0.000","0.000","0.000","0.000","","-","-","-","-","-","-","-","-","-","-","-","-","-","-","-","-","-","-","-","-","-","-","-","-","-","-","-","-","-","-","-","-","-","-","-","-","-","-","-","-","-","-","-","-","-","-","-","-","-","-","-","-","-","-","-","-","-","-","-","-","-","-","-","-","-","-","-","0.000","0.000","0.000","0.000","0.000","5.110","0.000","5.250","5.000","0.000","0.000","0.000","0.000"
"Earnings Power Value (EPV)","-","-","-","-","-","-","-","-","-","-","-","-","-","-","-","0.000","0.000","0.000","0.000","0.000","0.000","","-","-","-","-","-","-","-","-","-","-","-","-","-","-","-","-","-","-","-","-","-","-","-","-","-","-","-","-","-","-","-","-","-","-","-","-","-","-","-","-","-","-","-","-","-","-","-","-","-","-","-","-","-","-","-","-","-","-","-","-","-","-","-","-","-","-","-","0.000","0.000","0.000","0.000","0.000","0.000","0.000","0.000","0.000","0.000","0.000","0.000","0.000"
"Altman Z-Score","-","-","-","-","-","-","-","-","-","-","-","-","-","-","-","0.000","0.000","0.000","0.470","7.130","6.600","","-","-","-","-","-","-","-","-","-","-","-","-","-","-","-","-","-","-","-","-","-","-","-","-","-","-","-","-","-","-","-","-","-","-","-","-","-","-","-","-","-","-","-","-","-","-","-","-","-","-","-","-","-","-","-","-","-","-","-","-","-","-","-","-","-","-","-","0.000","0.000","0.000","0.000","0.410","0.470","0.000","0.300","0.210","7.130","7.210","6.350","7.790"
"Piotroski F-Score","-","-","-","-","-","-","-","-","-","-","-","-","-","-","-","0.000","0.000","7.000","6.000","0.000","6.000","","-","-","-","-","-","-","-","-","-","-","-","-","-","-","-","-","-","-","-","-","-","-","-","-","-","-","-","-","-","-","-","-","-","-","-","-","-","-","-","-","-","-","-","-","-","-","-","-","-","-","-","-","-","-","-","-","-","-","-","-","-","-","-","-","-","-","-","0.000","0.000","7.000","0.000","0.000","6.000","0.000","0.000","0.000","0.000","0.000","0.000","6.000"
"Beneish M-Score","-","-","-","-","-","-","-","-","-","-","-","-","-","-","-","0.000","0.000","-2.690","-2.730","0.000","-2.170","","-","-","-","-","-","-","-","-","-","-","-","-","-","-","-","-","-","-","-","-","-","-","-","-","-","-","-","-","-","-","-","-","-","-","-","-","-","-","-","-","-","-","-","-","-","-","-","-","-","-","-","-","-","-","-","-","-","-","-","-","-","-","-","-","-","-","-","0.000","0.000","-2.690","0.000","0.000","-2.730","0.000","0.000","0.000","0.000","0.000","0.000","-2.170"
"Scaled Net Operating Assets","-","-","-","-","-","-","-","-","-","-","-","-","-","-","-","0.506","0.381","0.317","0.252","0.241","0.329","","-","-","-","-","-","-","-","-","-","-","-","-","-","-","-","-","-","-","-","-","-","-","-","-","-","-","-","-","-","-","-","-","-","-","-","-","-","-","-","-","-","-","-","-","-","-","-","-","-","-","-","-","-","-","-","-","-","-","-","-","-","-","-","-","-","-","-","0.000","0.000","0.000","0.000","0.000","0.200","0.000","0.000","0.345","0.237","0.294","0.331","0.329"
"Sloan Ratio (%)","-","-","-","-","-","-","-","-","-","-","-","-","-","-","-","4.590","1.510","-5.990","-1.840","-0.550","8.620","","-","-","-","-","-","-","-","-","-","-","-","-","-","-","-","-","-","-","-","-","-","-","-","-","-","-","-","-","-","-","-","-","-","-","-","-","-","-","-","-","-","-","-","-","-","-","-","-","-","-","-","-","-","-","-","-","-","-","-","-","-","-","-","-","-","-","-","0.000","0.000","0.000","0.000","2.330","-1.810","0.000","-1.270","-3.280","-0.520","8.080","11.560","8.620"
"Current Ratio","-","-","-","-","-","-","-","-","-","-","-","-","-","-","-","2.400","1.470","1.640","2.570","4.480","3.080","","-","-","-","-","-","-","-","-","-","-","-","-","-","-","-","-","-","-","-","-","-","-","-","-","-","-","-","-","-","-","-","-","-","-","-","-","-","-","-","-","-","-","-","-","-","-","-","-","-","-","-","-","-","-","-","-","-","-","-","-","-","-","-","-","-","-","-","0.000","0.000","1.640","0.000","2.860","2.570","0.000","2.970","2.630","4.480","3.220","3.490","3.080"
"Quick Ratio","-","-","-","-","-","-","-","-","-","-","-","-","-","-","-","2.330","1.400","1.550","2.460","4.370","2.900","","-","-","-","-","-","-","-","-","-","-","-","-","-","-","-","-","-","-","-","-","-","-","-","-","-","-","-","-","-","-","-","-","-","-","-","-","-","-","-","-","-","-","-","-","-","-","-","-","-","-","-","-","-","-","-","-","-","-","-","-","-","-","-","-","-","-","-","0.000","0.000","1.550","0.000","2.740","2.460","0.000","2.850","2.510","4.370","3.100","3.320","2.900"
"Highest Stock Price","-","-","-","-","-","-","-","-","-","-","-","-","-","-","-","0.000","0.000","0.000","0.000","31.960","39.660","","-","-","-","-","-","-","-","-","-","-","-","-","-","-","-","-","-","-","-","-","-","-","-","-","-","-","-","-","-","-","-","-","-","-","-","-","-","-","-","-","-","-","-","-","-","-","-","-","-","-","-","-","-","-","-","-","-","-","-","-","-","-","-","-","-","-","-","0.000","0.000","0.000","0.000","0.000","0.000","0.000","0.000","0.000","31.960","38.010","36.810","38.790"
"Lowest Stock Price","-","-","-","-","-","-","-","-","-","-","-","-","-","-","-","0.000","0.000","0.000","0.000","0.000","20.530","","-","-","-","-","-","-","-","-","-","-","-","-","-","-","-","-","-","-","-","-","-","-","-","-","-","-","-","-","-","-","-","-","-","-","-","-","-","-","-","-","-","-","-","-","-","-","-","-","-","-","-","-","-","-","-","-","-","-","-","-","-","-","-","-","-","-","-","0.000","0.000","0.000","0.000","0.000","0.000","0.000","0.000","0.000","0.000","23.810","27.630","30.230"
"Shares Buyback Ratio (%)","-","-","-","-","-","-","-","-","-","-","-","-","-","-","-","0.000","0.000","0.000","0.000","-6.240","-1.840","","-","-","-","-","-","-","-","-","-","-","-","-","-","-","-","-","-","-","-","-","-","-","-","-","-","-","-","-","-","-","-","-","-","-","-","-","-","-","-","-","-","-","-","-","-","-","-","-","-","-","-","-","-","-","-","-","-","-","-","-","-","-","-","-","-","-","-","0.000","0.000","0.000","0.000","0.000","0.000","0.010","-4.340","0.010","-1.840","0.000","0.000","0.000"
"YoY Rev. per Sh. Growth (%)","-","-","-","-","-","-","-","-","-","-","-","-","-","-","-","0.000","0.000","0.000","0.000","23.780","22.550","","-","-","-","-","-","-","-","-","-","-","-","-","-","-","-","-","-","-","-","-","-","-","-","-","-","-","-","-","-","-","-","-","-","-","-","-","-","-","-","-","-","-","-","-","-","-","-","-","-","-","-","-","-","-","-","-","-","-","-","-","-","-","-","-","-","-","-","0.000","0.000","0.000","0.000","0.000","0.000","0.000","0.000","0.000","11.260","32.570","34.210","13.350"
"YoY EPS Growth (%)","-","-","-","-","-","-","-","-","-","-","-","-","-","-","-","0.000","0.000","0.000","0.000","-84.050","-169.070","","-","-","-","-","-","-","-","-","-","-","-","-","-","-","-","-","-","-","-","-","-","-","-","-","-","-","-","-","-","-","-","-","-","-","-","-","-","-","-","-","-","-","-","-","-","-","-","-","-","-","-","-","-","-","-","-","-","-","-","-","-","-","-","-","-","-","-","0.000","0.000","0.000","0.000","0.000","0.000","0.000","0.000","0.000","-121.790","48.550","41.960","-226.530"
"YoY EBITDA Growth (%)","-","-","-","-","-","-","-","-","-","-","-","-","-","-","-","0.000","0.000","0.000","0.000","-256.470","46.880","","-","-","-","-","-","-","-","-","-","-","-","-","-","-","-","-","-","-","-","-","-","-","-","-","-","-","-","-","-","-","-","-","-","-","-","-","-","-","-","-","-","-","-","-","-","-","-","-","-","-","-","-","-","-","-","-","-","-","-","-","-","-","-","-","-","-","-","0.000","0.000","0.000","0.000","0.000","0.000","0.000","0.000","0.000","24.520","206.060","266.670","-269.770"
"EBITDA 5-Y Growth (%)","-","-","-","-","-","-","-","-","-","-","-","-","-","-","-","0.000","0.000","0.000","0.000","0.000","0.000","","-","-","-","-","-","-","-","-","-","-","-","-","-","-","-","-","-","-","-","-","-","-","-","-","-","-","-","-","-","-","-","-","-","-","-","-","-","-","-","-","-","-","-","-","-","-","-","-","-","-","-","-","-","-","-","-","-","-","-","-","-","-","-","-","-","-","-","0.000","0.000","0.000","0.000","0.000","0.000","0.000","0.000","0.000","0.000","0.000","0.000","0.000"
"Shares Outstanding (Basic Average)","-","-","-","-","-","-","-","-","-","-","-","-","-","-","-","0.000","0.000","0.000","36.973","33.472","39.278","","-","-","-","-","-","-","-","-","-","-","-","-","-","-","-","-","-","-","-","-","-","-","-","-","-","-","-","-","-","-","-","-","-","-","-","-","-","-","-","-","-","-","-","-","-","-","-","-","-","-","-","-","-","-","-","-","-","-","-","-","-","-","-","-","-","-","-","0.000","0.000","0.000","0.000","0.000","36.973","36.973","38.575","38.575","33.472","37.200","35.800","39.278"
"Shares Outstanding (EOP)","-","-","-","-","-","-","-","-","-","-","-","-","-","-","-","0.000","0.000","0.000","36.973","39.280","43.230","","-","-","-","-","-","-","-","-","-","-","-","-","-","-","-","-","-","-","-","-","-","-","-","-","-","-","-","-","-","-","-","-","-","-","-","-","-","-","-","-","-","-","-","-","-","-","-","-","-","-","-","-","-","-","-","-","-","-","-","-","-","-","-","-","-","-","-","0.000","0.000","0.000","0.000","0.000","36.973","36.970","38.575","38.570","39.280","39.280","39.280","39.280"
"Beta","-","-","-","-","-","-","-","-","-","-","-","-","-","-","-","0.000","0.000","0.000","0.000","0.000","0.000","","-","-","-","-","-","-","-","-","-","-","-","-","-","-","-","-","-","-","-","-","-","-","-","-","-","-","-","-","-","-","-","-","-","-","-","-","-","-","-","-","-","-","-","-","-","-","-","-","-","-","-","-","-","-","-","-","-","-","-","-","-","-","-","-","-","-","-","0.000","0.000","0.000","0.000","0.000","0.000","0.000","0.000","0.000","0.000","0.000","0.000","0.000"
"Filing Date","-","-","-","-","-","-","-","-","-","-","-","-","-","-","-","01/29/15","11/12/15","01/29/15","11/12/15","04/29/16","","","-","-","-","-","-","-","-","-","-","-","-","-","-","-","-","-","-","-","-","-","-","-","-","-","-","-","-","-","-","-","-","-","-","-","-","-","-","-","-","-","-","-","-","-","-","-","-","-","-","-","-","-","-","-","-","-","-","-","-","-","-","-","-","-","-","-","-","01/29/15","11/12/15","01/29/15","","01/29/15","11/12/15","06/01/16","11/12/15","12/10/15","04/29/16","06/01/16","09/12/16","11/28/16"
"Restated Filing Date","-","-","-","-","-","-","-","-","-","-","-","-","-","-","-","01/29/15","11/12/15","04/29/16","04/29/16","04/29/16","","","-","-","-","-","-","-","-","-","-","-","-","-","-","-","-","-","-","-","-","-","-","-","-","-","-","-","-","-","-","-","-","-","-","-","-","-","-","-","-","-","-","-","-","-","-","-","-","-","-","-","-","-","-","-","-","-","-","-","-","-","-","-","-","-","-","-","-","01/29/15","11/12/15","04/29/16","","12/10/15","04/29/16","06/01/16","09/12/16","11/28/16","04/29/16","06/01/16","09/12/16","11/28/16"
"Forex Rate (USD/EUR)","-","-","-","-","-","-","-","-","-","-","-","-","-","-","-","0.760","0.762","0.730","0.811","0.918","","","-","-","-","-","-","-","-","-","-","-","-","-","-","-","-","-","-","-","-","-","-","-","-","-","-","-","-","-","-","-","-","-","-","-","-","-","-","-","-","-","-","-","-","-","-","-","-","-","-","-","-","-","-","-","-","-","-","-","-","-","-","-","-","-","-","-","-","0.760","0.762","0.730","0.736","0.776","0.811","0.924","0.891","0.891","0.918","0.898","0.890","0.891"
