Downloaded from http://www.GuruFocus.com on 2017-01-14 at 16:38(CST), Saturday
Filename: NAS:ABIL.csv
Change log: Jan. 4  2017: Add 'Dividend Yield %' under 'Shiller PE Ratio' in 'Valuation Ratios' section.   Sep. 26  2016: Add 'Scaled Net Operating Assets' under 'Beneish M-Score' in 'Valuation and Quality' section.   Aug. 10  2016: Change 'LT Debt to Total Asset' to 'Total Debt to Total Asset'.   Jul. 29  2016: Add 'Effective Interest Rate on Debt %' below 'Weighted Average Cost Of Capital (WACC) %'.   Jul. 18  2016: Change 'Long-Term Debt' name to 'Long-Term Debt & Capital Lease Obligation'. Add 'Long-Term Debt' above 'Long-Term Debt & Capital Lease Obligation'. Move 'Capital Lease Obligation' in between 'Long-Term Debt' and 'Long-Term Debt & Capital Lease Obligation'.  May. 19  2016: Change 'Gross Margin %' to 'Net Interest Margin (Bank Only) %' for banks and insuance companies.   May. 13  2016: Add 'Current Ratio' below 'Sloan Ratio'. Add 'Quick Ratio' below 'Current Ratio'. Add 'Gross Profit to Total Asset' below 'LT Debt to Total Asset'.  Apr. 15  2016: Add 'Owner Earnings per Share (ttm)' below 'eps without NRI'. Add 'Price to Owner Earnings (ttm)' below 'PE Ratio (ttm)'.   Feb 12  2016: Change 'Filing Date' name to 'Restated Filing Date'. Add new 'Filing Date' above 'Restated Filing Date'. Remove 'Cumulative Effect Of Accounting Change' from Cashflow Statement (under Net Income).   Jan 28  2016: Add 'Total Debt per share' below 'Tangible Book per share'.   Jan 20  2016: Add 'Price-to-Operating-Cash-Flow ratio' below 'Price-to-Free-Cash-Flow ratio'.   Jan 18  2016: Add 'Net-Net Working Capital (per share)' below 'Net Current Asset Value (per share)'.  

NAS:ABIL,Ability Inc,Israel,Technology,Computer Hardware,Scientific & Technical InstrumentsScientific & Technical Instruments
Key Statistics:
"Price ($)","3.42"
"Market Cap ($ Million)","88.090"
"Shares Outstanding ($ Million)","25.76"
"P/E","0.00"
"P/B","6.39"
"P/S","5.28"

Growth Rates:
"Annual Rates (per share)","10 yrs","5 yrs","12 months"
"Revenue Growth (%)","0.00","0.00","-68.30"
"EBITDA  Growth (%)","0.00","0.00","-115.70"
"Free Cash Flow Growth (%)","0.00","0.00","-160.20"
"Book Value Growth (%)","0.00","0.00","12.60"

20 Year Financials of NAS:ABIL - Ability Inc10 Year Financials of NAS:ABIL - Ability Inc

All Numbers are in Millions except per share data and ratios

Annual Data:,,,,,,,,,,,,,,,,,,,,,,,Quarterly Data:
"Fiscal Period","199612","199712","199812","199912","200012","200112","200212","200312","200412","200512","200612","200712","200812","200912","201012","201112","201212","201312","201412","201512","TTM/current",",","199612","199703","199706","199709","199712","199803","199806","199809","199812","199903","199906","199909","199912","200003","200006","200009","200012","200103","200106","200109","200112","200203","200206","200209","200212","200303","200306","200309","200312","200403","200406","200409","200412","200503","200506","200509","200512","200603","200606","200609","200612","200703","200706","200709","200712","200803","200806","200809","200812","200903","200906","200909","200912","201003","201006","201009","201012","201103","201106","201109","201112","201203","201206","201209","201212","201303","201306","201309","201312","201403","201406","201409","201412","201503","201506","201509","201512","201603","201606","201609"
"Revenue per Share","-","-","-","-","-","-","-","-","-","-","-","-","-","-","-","-","-","0.240","0.872","2.121","0.648","","-","-","-","-","-","-","-","-","-","-","-","-","-","-","-","-","-","-","-","-","-","-","-","-","-","-","-","-","-","-","-","-","-","-","-","-","-","-","-","-","-","-","-","-","-","-","-","-","-","-","-","-","-","-","-","-","-","-","-","-","-","-","-","-","-","-","-","-","0.000","0.000","0.000","0.000","0.000","0.813","0.861","0.367","0.080","0.263","0.041","0.264"
"EBITDA per Share","-","-","-","-","-","-","-","-","-","-","-","-","-","-","-","-","-","0.006","0.166","0.732","-0.147","","-","-","-","-","-","-","-","-","-","-","-","-","-","-","-","-","-","-","-","-","-","-","-","-","-","-","-","-","-","-","-","-","-","-","-","-","-","-","-","-","-","-","-","-","-","-","-","-","-","-","-","-","-","-","-","-","-","-","-","-","-","-","-","-","-","-","-","-","0.000","-0.089","-0.074","-0.078","0.189","0.305","0.310","0.133","-0.015","0.043","-0.130","-0.045"
"EBIT per Share","-","-","-","-","-","-","-","-","-","-","-","-","-","-","-","-","-","0.001","0.160","0.727","-0.154","","-","-","-","-","-","-","-","-","-","-","-","-","-","-","-","-","-","-","-","-","-","-","-","-","-","-","-","-","-","-","-","-","-","-","-","-","-","-","-","-","-","-","-","-","-","-","-","-","-","-","-","-","-","-","-","-","-","-","-","-","-","-","-","-","-","-","-","-","0.000","-0.089","-0.074","-0.078","0.189","0.304","0.309","0.132","-0.018","0.042","-0.132","-0.046"
"Earnings per Share (diluted)","-","-","-","-","-","-","-","-","-","-","-","-","-","-","-","-","-","-0.010","0.130","0.600","-0.200","","-","-","-","-","-","-","-","-","-","-","-","-","-","-","-","-","-","-","-","-","-","-","-","-","-","-","-","-","-","-","-","-","-","-","-","-","-","-","-","-","-","-","-","-","-","-","-","-","-","-","-","-","-","-","-","-","-","-","-","-","-","-","-","-","-","-","-","-","0.000","-0.090","-0.070","-0.080","0.360","0.250","0.250","0.120","-0.020","-0.010","-0.130","-0.040"
"eps without NRI","-","-","-","-","-","-","-","-","-","-","-","-","-","-","-","-","-","-0.010","0.130","0.600","-0.200","","-","-","-","-","-","-","-","-","-","-","-","-","-","-","-","-","-","-","-","-","-","-","-","-","-","-","-","-","-","-","-","-","-","-","-","-","-","-","-","-","-","-","-","-","-","-","-","-","-","-","-","-","-","-","-","-","-","-","-","-","-","-","-","-","-","-","-","-","0.000","-0.090","-0.070","-0.080","0.360","0.250","0.250","0.120","-0.020","-0.010","-0.130","-0.040"
"Owner Earnings per Share (TTM)","-","-","-","-","-","-","-","-","-","-","-","-","-","-","-","-","-","0.000","0.000","0.000","0.000","","-","-","-","-","-","-","-","-","-","-","-","-","-","-","-","-","-","-","-","-","-","-","-","-","-","-","-","-","-","-","-","-","-","-","-","-","-","-","-","-","-","-","-","-","-","-","-","-","-","-","-","-","-","-","-","-","-","-","-","-","-","-","-","-","-","-","-","-","0.000","0.000","0.000","0.000","0.000","0.000","0.000","0.000","0.000","0.000","0.000","0.000"
"Free Cashflow per Share","-","-","-","-","-","-","-","-","-","-","-","-","-","-","-","-","-","0.014","0.513","0.375","-0.291","","-","-","-","-","-","-","-","-","-","-","-","-","-","-","-","-","-","-","-","-","-","-","-","-","-","-","-","-","-","-","-","-","-","-","-","-","-","-","-","-","-","-","-","-","-","-","-","-","-","-","-","-","-","-","-","-","-","-","-","-","-","-","-","-","-","-","-","-","-0.006","0.000","0.000","0.000","0.000","0.184","0.398","-0.099","-0.109","-0.067","0.040","-0.155"
"Dividends per Share","-","-","-","-","-","-","-","-","-","-","-","-","-","-","-","-","-","0.000","0.000","0.000","0.000","","-","-","-","-","-","-","-","-","-","-","-","-","-","-","-","-","-","-","-","-","-","-","-","-","-","-","-","-","-","-","-","-","-","-","-","-","-","-","-","-","-","-","-","-","-","-","-","-","-","-","-","-","-","-","-","-","-","-","-","-","-","-","-","-","-","-","-","-","0.000","0.000","0.000","0.000","0.000","0.000","0.000","0.000","0.000","0.000","0.000","0.000"
"Book Value per Share","-","-","-","-","-","-","-","-","-","-","-","-","-","-","-","-","-","0.203","0.164","0.689","0.535","","-","-","-","-","-","-","-","-","-","-","-","-","-","-","-","-","-","-","-","-","-","-","-","-","-","-","-","-","-","-","-","-","-","-","-","-","-","-","-","-","-","-","-","-","-","-","-","-","-","-","-","-","-","-","-","-","-","-","-","-","-","-","-","-","-","-","-","-","0.000","0.475","0.475","0.475","0.164","0.475","0.475","0.475","0.689","0.693","0.571","0.535"
"Tangible Book per Share","-","-","-","-","-","-","-","-","-","-","-","-","-","-","-","-","-","0.203","0.164","0.689","0.535","","-","-","-","-","-","-","-","-","-","-","-","-","-","-","-","-","-","-","-","-","-","-","-","-","-","-","-","-","-","-","-","-","-","-","-","-","-","-","-","-","-","-","-","-","-","-","-","-","-","-","-","-","-","-","-","-","-","-","-","-","-","-","-","-","-","-","-","-","0.000","0.475","0.475","0.475","0.164","0.475","0.475","0.475","0.689","0.693","0.571","0.535"
"Total Debt per Share","-","-","-","-","-","-","-","-","-","-","-","-","-","-","-","-","-","0.000","0.000","0.000","0.000","","-","-","-","-","-","-","-","-","-","-","-","-","-","-","-","-","-","-","-","-","-","-","-","-","-","-","-","-","-","-","-","-","-","-","-","-","-","-","-","-","-","-","-","-","-","-","-","-","-","-","-","-","-","-","-","-","-","-","-","-","-","-","-","-","-","-","-","-","0.000","0.000","0.000","0.000","0.000","0.007","0.016","0.033","0.000","0.000","0.000","0.000"
"Month End Stock Price","-","-","-","-","-","-","-","-","-","-","-","-","-","-","-","-","-","0.000","9.900","9.900","3.420","","-","-","-","-","-","-","-","-","-","-","-","-","-","-","-","-","-","-","-","-","-","-","-","-","-","-","-","-","-","-","-","-","-","-","-","-","-","-","-","-","-","-","-","-","-","-","-","-","-","-","-","-","-","-","-","-","-","-","-","-","-","-","-","-","-","-","-","-","0.000","9.620","9.760","9.790","9.900","10.050","9.950","10.000","9.900","6.200","3.920","3.840"
"Return on Equity %","-","-","-","-","-","-","-","-","-","-","-","-","-","-","-","-","-","-5.600","92.850","151.470","-33.720","","-","-","-","-","-","-","-","-","-","-","-","-","-","-","-","-","-","-","-","-","-","-","-","-","-","-","-","-","-","-","-","-","-","-","-","-","-","-","-","-","-","-","-","-","-","-","-","-","-","-","-","-","-","-","-","-","-","-","-","-","-","-","-","-","-","-","-","-","0.000","-40.000","-16.400","-17.840","452.040","730.530","489.760","229.600","-13.360","-5.490","-77.400","-25.440"
"Return on Assets %","-","-","-","-","-","-","-","-","-","-","-","-","-","-","-","-","-","-0.340","6.460","48.340","-9.290","","-","-","-","-","-","-","-","-","-","-","-","-","-","-","-","-","-","-","-","-","-","-","-","-","-","-","-","-","-","-","-","-","-","-","-","-","-","-","-","-","-","-","-","-","-","-","-","-","-","-","-","-","-","-","-","-","-","-","-","-","-","-","-","-","-","-","-","-","0.000","-2.440","-1.000","-1.090","31.640","51.290","30.100","14.110","-2.380","-2.160","-30.210","-9.270"
"Return on Capital  - Joel Greenblatt %","-","-","-","-","-","-","-","-","-","-","-","-","-","-","-","-","-","680.000","1,099.860","2,433.630","-628.810","","-","-","-","-","-","-","-","-","-","-","-","-","-","-","-","-","-","-","-","-","-","-","-","-","-","-","-","-","-","-","-","-","-","-","-","-","-","-","-","-","-","-","-","-","-","-","-","-","-","-","-","-","-","-","-","-","-","-","-","-","-","-","-","-","-","-","-","-","0.000","0.000","0.000","0.000","5,221.350","8,393.260","0.000","0.000","-461.820","508.960","-1,680.930","-647.160"
"Return on Invested Capital %","-","-","-","-","-","-","-","-","-","-","-","-","-","-","-","-","-","0.670","0.000","0.000","","","-","-","-","-","-","-","-","-","-","-","-","-","-","-","-","-","-","-","-","-","-","-","-","-","-","-","-","-","-","-","-","-","-","-","-","-","-","-","-","-","-","-","-","-","-","-","-","-","-","-","-","-","-","-","-","-","-","-","-","-","-","-","-","-","-","-","-","-","0.000","-48.240","-19.750","-19.950","0.000","0.000","494.180","206.740","0.000","0.000","0.000","0.000"
"Weighted Average Cost Of Capital (WACC) %","-","-","-","-","-","-","-","-","-","-","-","-","-","-","-","-","-","0.000","0.000","0.000","0.000","","-","-","-","-","-","-","-","-","-","-","-","-","-","-","-","-","-","-","-","-","-","-","-","-","-","-","-","-","-","-","-","-","-","-","-","-","-","-","-","-","-","-","-","-","-","-","-","-","-","-","-","-","-","-","-","-","-","-","-","-","-","-","-","-","-","-","-","-","0.000","0.000","0.000","0.000","0.000","0.000","0.000","0.000","0.000","0.000","0.000","0.000"
"Effective Interest Rate on Debt %","","","","","","","","","","","","","","","","","","0.000","0.000","0.000","437.500","","-","-","-","-","-","-","-","-","-","-","-","-","-","-","-","-","-","-","-","-","-","-","-","-","-","-","-","-","-","-","-","-","-","-","-","-","-","-","-","-","-","-","-","-","-","-","-","-","-","-","-","-","-","-","-","-","-","-","-","-","-","-","-","-","-","-","-","-","0.000","0.000","0.000","0.000","0.000","480.000","0.000","323.080","322.290","0.000","0.000","0.000"
"Gross Margin %","-","-","-","-","-","-","-","-","-","-","-","-","-","-","-","-","-","18.940","34.860","43.140","42.540","","-","-","-","-","-","-","-","-","-","-","-","-","-","-","-","-","-","-","-","-","-","-","-","-","-","-","-","-","-","-","-","-","-","-","-","-","-","-","-","-","-","-","-","-","-","-","-","-","-","-","-","-","-","-","-","-","-","-","-","-","-","-","-","-","-","-","-","-","0.000","0.000","0.000","0.000","0.000","41.590","45.190","48.270","13.320","50.220","-2.360","50.750"
"Operating Margin %","-","-","-","-","-","-","-","-","-","-","-","-","-","-","-","-","-","0.580","18.390","34.280","-23.800","","-","-","-","-","-","-","-","-","-","-","-","-","-","-","-","-","-","-","-","-","-","-","-","-","-","-","-","-","-","-","-","-","-","-","-","-","-","-","-","-","-","-","-","-","-","-","-","-","-","-","-","-","-","-","-","-","-","-","-","-","-","-","-","-","-","-","-","-","0.000","0.000","0.000","0.000","0.000","37.390","35.830","36.050","-22.220","15.830","-319.210","-17.540"
"Net Margin %","-","-","-","-","-","-","-","-","-","-","-","-","-","-","-","-","-","-4.740","14.560","28.290","-28.870","","-","-","-","-","-","-","-","-","-","-","-","-","-","-","-","-","-","-","-","-","-","-","-","-","-","-","-","-","-","-","-","-","-","-","-","-","-","-","-","-","-","-","-","-","-","-","-","-","-","-","-","-","-","-","-","-","-","-","-","-","-","-","-","-","-","-","-","-","0.000","0.000","0.000","0.000","0.000","30.740","28.910","31.790","-19.320","-3.740","-304.430","-13.690"
"FCF Margin %","-","-","-","-","-","-","-","-","-","-","-","-","-","-","-","-","-","5.910","58.830","17.660","-44.780","","-","-","-","-","-","-","-","-","-","-","-","-","-","-","-","-","-","-","-","-","-","-","-","-","-","-","-","-","-","-","-","-","-","-","-","-","-","-","-","-","-","-","-","-","-","-","-","-","-","-","-","-","-","-","-","-","-","-","-","-","-","-","-","-","-","-","-","-","0.000","0.000","0.000","0.000","0.000","22.600","46.240","-26.920","-135.640","-25.670","97.540","-58.530"
"Debt to Equity","-","-","-","-","-","-","-","-","-","-","-","-","-","-","-","-","-","0.000","0.000","0.000","0.000","","-","-","-","-","-","-","-","-","-","-","-","-","-","-","-","-","-","-","-","-","-","-","-","-","-","-","-","-","-","-","-","-","-","-","-","-","-","-","-","-","-","-","-","-","-","-","-","-","-","-","-","-","-","-","-","-","-","-","-","-","-","-","-","-","-","-","-","-","9,999.000","0.000","0.000","0.000","0.000","0.014","0.034","0.070","0.000","0.000","0.000","0.000"
"Total Equity to Total Asset","-","-","-","-","-","-","-","-","-","-","-","-","-","-","-","-","-","0.061","0.119","0.381","0.358","","-","-","-","-","-","-","-","-","-","-","-","-","-","-","-","-","-","-","-","-","-","-","-","-","-","-","-","-","-","-","-","-","-","-","-","-","-","-","-","-","-","-","-","-","-","-","-","-","-","-","-","-","-","-","-","-","-","-","-","-","-","-","-","-","-","-","-","-","0.000","0.000","0.000","0.000","0.000","0.061","0.061","0.061","0.381","0.409","0.370","0.358"
"Total Debt to Total Asset","-","-","-","-","-","-","-","-","-","-","-","-","-","-","-","-","-","0.000","0.000","0.000","0.000","","-","-","-","-","-","-","-","-","-","-","-","-","-","-","-","-","-","-","-","-","-","-","-","-","-","-","-","-","-","-","-","-","-","-","-","-","-","-","-","-","-","-","-","-","-","-","-","-","-","-","-","-","-","-","-","-","-","-","-","-","-","-","-","-","-","-","-","-","0.000","0.000","0.000","0.000","0.000","0.001","0.002","0.004","0.000","0.000","0.000","0.000"
"Gross Profit to Total Asset %","-","-","-","-","-","-","-","-","-","-","-","-","-","-","-","-","-","1.360","15.480","73.710","13.690","","-","-","-","-","-","-","-","-","-","-","-","-","-","-","-","-","-","-","-","-","-","-","-","-","-","-","-","-","-","-","-","-","-","-","-","-","-","-","-","-","-","-","-","-","-","-","-","-","-","-","-","-","-","-","-","-","-","-","-","-","-","-","-","-","-","-","-","-","0.000","0.000","0.000","0.000","0.000","69.400","47.040","21.420","1.640","29.030","-0.230","34.350"
"Asset Turnover","-","-","-","-","-","-","-","-","-","-","-","-","-","-","-","-","-","0.072","0.444","1.709","0.320","","-","-","-","-","-","-","-","-","-","-","-","-","-","-","-","-","-","-","-","-","-","-","-","-","-","-","-","-","-","-","-","-","-","-","-","-","-","-","-","-","-","-","-","-","-","-","-","-","-","-","-","-","-","-","-","-","-","-","-","-","-","-","-","-","-","-","-","-","0.000","0.000","0.000","0.000","0.000","0.417","0.260","0.111","0.031","0.144","0.025","0.169"
"Dividend Payout Ratio","-","-","-","-","-","-","-","-","-","-","-","-","-","-","-","-","-","0.000","0.000","0.000","0.000","","-","-","-","-","-","-","-","-","-","-","-","-","-","-","-","-","-","-","-","-","-","-","-","-","-","-","-","-","-","-","-","-","-","-","-","-","-","-","-","-","-","-","-","-","-","-","-","-","-","-","-","-","-","-","-","-","-","-","-","-","-","-","-","-","-","-","-","-","0.000","0.000","0.000","0.000","0.000","0.000","0.000","0.000","0.000","0.000","0.000","0.000"
"Days Sales Outstanding","-","-","-","-","-","-","-","-","-","-","-","-","-","-","-","-","-","0.000","0.820","26.620","70.170","","-","-","-","-","-","-","-","-","-","-","-","-","-","-","-","-","-","-","-","-","-","-","-","-","-","-","-","-","-","-","-","-","-","-","-","-","-","-","-","-","-","-","-","-","-","-","-","-","-","-","-","-","-","-","-","-","-","-","-","-","-","-","-","-","-","-","-","-","0.000","0.000","0.000","0.000","0.000","0.000","0.000","0.000","176.470","59.710","186.100","43.070"
"Days Accounts Payable","-","-","-","-","-","-","-","-","-","-","-","-","-","-","-","-","-","0.000","5.980","0.000","0.000","","-","-","-","-","-","-","-","-","-","-","-","-","-","-","-","-","-","-","-","-","-","-","-","-","-","-","-","-","-","-","-","-","-","-","-","-","-","-","-","-","-","-","-","-","-","-","-","-","-","-","-","-","-","-","-","-","-","-","-","-","-","-","-","-","-","-","-","-","0.000","0.000","0.000","0.000","0.000","0.000","0.000","0.000","0.000","3.400","0.000","0.000"
"Days Inventory","-","-","-","-","-","-","-","-","-","-","-","-","-","-","-","-","-","0.000","0.000","9.080","39.330","","-","-","-","-","-","-","-","-","-","-","-","-","-","-","-","-","-","-","-","-","-","-","-","-","-","-","-","-","-","-","-","-","-","-","-","-","-","-","-","-","-","-","-","-","-","-","-","-","-","-","-","-","-","-","-","-","-","-","-","-","-","-","-","-","-","-","-","-","0.000","0.000","0.000","0.000","0.000","0.000","0.000","0.000","39.500","20.930","75.050","49.350"
"Cash Conversion Cycle","-","-","-","-","-","-","-","-","-","-","-","-","-","-","-","-","-","0.000","-5.160","35.700","109.500","","-","-","-","-","-","-","-","-","-","-","-","-","-","-","-","-","-","-","-","-","-","-","-","-","-","-","-","-","-","-","-","-","-","-","-","-","-","-","-","-","-","-","-","-","-","-","-","-","-","-","-","-","-","-","-","-","-","-","-","-","-","-","-","-","-","-","-","-","0.000","0.000","0.000","0.000","0.000","0.000","0.000","0.000","215.970","77.240","261.150","92.420"
"Inventory Turnover","-","-","-","-","-","-","-","-","-","-","-","-","-","-","-","-","-","0.000","0.000","40.180","9.280","","-","-","-","-","-","-","-","-","-","-","-","-","-","-","-","-","-","-","-","-","-","-","-","-","-","-","-","-","-","-","-","-","-","-","-","-","-","-","-","-","-","-","-","-","-","-","-","-","-","-","-","-","-","-","-","-","-","-","-","-","-","-","-","-","-","-","-","-","0.000","0.000","0.000","0.000","0.000","0.000","0.000","0.000","2.310","4.360","1.220","1.850"
"COGS to Revenue","-","-","-","-","-","-","-","-","-","-","-","-","-","-","-","-","-","0.810","0.650","0.570","0.570","","-","-","-","-","-","-","-","-","-","-","-","-","-","-","-","-","-","-","-","-","-","-","-","-","-","-","-","-","-","-","-","-","-","-","-","-","-","-","-","-","-","-","-","-","-","-","-","-","-","-","-","-","-","-","-","-","-","-","-","-","-","-","-","-","-","-","-","-","0.000","0.000","0.000","0.000","0.000","0.580","0.550","0.520","0.870","0.500","1.020","0.490"
"Inventory to Revenue","-","-","-","-","-","-","-","-","-","-","-","-","-","-","-","-","-","0.000","0.000","0.014","0.062","","-","-","-","-","-","-","-","-","-","-","-","-","-","-","-","-","-","-","-","-","-","-","-","-","-","-","-","-","-","-","-","-","-","-","-","-","-","-","-","-","-","-","-","-","-","-","-","-","-","-","-","-","-","-","-","-","-","-","-","-","-","-","-","-","-","-","-","-","0.000","0.000","0.000","0.000","0.000","0.000","0.000","0.000","0.375","0.114","0.842","0.266"
"Revenue","-","-","-","-","-","-","-","-","-","-","-","-","-","-","-","-","-","5.903","21.444","52.151","15.937","","-","-","-","-","-","-","-","-","-","-","-","-","-","-","-","-","-","-","-","-","-","-","-","-","-","-","-","-","-","-","-","-","-","-","-","-","-","-","-","-","-","-","-","-","-","-","-","-","-","-","-","-","-","-","-","-","-","-","-","-","-","-","-","-","-","-","-","-","0.000","0.000","0.000","0.000","0.000","19.980","21.175","9.029","1.967","6.463","1.015","6.492"
"Cost of Goods Sold","-","-","-","-","-","-","-","-","-","-","-","-","-","-","-","-","-","4.785","13.968","29.654","9.158","","-","-","-","-","-","-","-","-","-","-","-","-","-","-","-","-","-","-","-","-","-","-","-","-","-","-","-","-","-","-","-","-","-","-","-","-","-","-","-","-","-","-","-","-","-","-","-","-","-","-","-","-","-","-","-","-","-","-","-","-","-","-","-","-","-","-","-","-","0.000","0.000","0.000","0.000","0.000","11.671","11.607","4.671","1.705","3.217","1.039","3.197"
"Gross Profit","-","-","-","-","-","-","-","-","-","-","-","-","-","-","-","-","-","1.118","7.476","22.497","6.779","","-","-","-","-","-","-","-","-","-","-","-","-","-","-","-","-","-","-","-","-","-","-","-","-","-","-","-","-","-","-","-","-","-","-","-","-","-","-","-","-","-","-","-","-","-","-","-","-","-","-","-","-","-","-","-","-","-","-","-","-","-","-","-","-","-","-","-","-","0.000","0.000","0.000","0.000","0.000","8.309","9.568","4.358","0.262","3.246","-0.024","3.295"
"Selling, General, & Admin. Expense","-","-","-","-","-","-","-","-","-","-","-","-","-","-","-","-","-","1.084","3.533","4.622","10.572","","-","-","-","-","-","-","-","-","-","-","-","-","-","-","-","-","-","-","-","-","-","-","-","-","-","-","-","-","-","-","-","-","-","-","-","-","-","-","-","-","-","-","-","-","-","-","-","-","-","-","-","-","-","-","-","-","-","-","-","-","-","-","-","-","-","-","-","-","0.008","0.259","0.216","0.229","2.829","0.839","1.981","1.103","0.699","2.223","3.216","4.434"
"Advertising","-","-","-","-","-","-","-","-","-","-","-","-","-","-","-","-","-","0.000","0.000","0.000","0.000","","-","-","-","-","-","-","-","-","-","-","-","-","-","-","-","-","-","-","-","-","-","-","-","-","-","-","-","-","-","-","-","-","-","-","-","-","-","-","-","-","-","-","-","-","-","-","-","-","-","-","-","-","-","-","-","-","-","-","-","-","-","-","-","-","-","-","-","-","0.000","0.000","0.000","0.000","0.000","0.000","0.000","0.000","0.000","0.000","0.000","0.000"
"Research & Development","-","-","-","-","-","-","-","-","-","-","-","-","-","-","-","-","-","0.000","0.000","0.000","0.000","","-","-","-","-","-","-","-","-","-","-","-","-","-","-","-","-","-","-","-","-","-","-","-","-","-","-","-","-","-","-","-","-","-","-","-","-","-","-","-","-","-","-","-","-","-","-","-","-","-","-","-","-","-","-","-","-","-","-","-","-","-","-","-","-","-","-","-","-","0.000","0.000","0.000","0.000","0.000","0.000","0.000","0.000","0.000","0.000","0.000","0.000"
"Other Operating Expense","-","-","-","-","-","-","-","-","-","-","-","-","-","-","-","-","-","0.000","0.000","0.000","0.000","","-","-","-","-","-","-","-","-","-","-","-","-","-","-","-","-","-","-","-","-","-","-","-","-","-","-","-","-","-","-","-","-","-","-","-","-","-","-","-","-","-","-","-","-","-","-","-","-","-","-","-","-","-","-","-","-","-","-","-","-","-","-","-","-","-","-","-","-","0.000","0.000","0.000","0.000","0.000","-0.000","0.000","0.000","0.000","0.000","0.000","-0.000"
"Operating Income","-","-","-","-","-","-","-","-","-","-","-","-","-","-","-","-","-","0.034","3.943","17.875","-3.793","","-","-","-","-","-","-","-","-","-","-","-","-","-","-","-","-","-","-","-","-","-","-","-","-","-","-","-","-","-","-","-","-","-","-","-","-","-","-","-","-","-","-","-","-","-","-","-","-","-","-","-","-","-","-","-","-","-","-","-","-","-","-","-","-","-","-","-","-","-0.008","-0.259","-0.216","-0.229","4.647","7.470","7.587","3.255","-0.437","1.023","-3.240","-1.139"
"   Interest Income","-","-","-","-","-","-","-","-","-","-","-","-","-","-","-","-","-","0.000","0.034","0.000","0.000","","-","-","-","-","-","-","-","-","-","-","-","-","-","-","-","-","-","-","-","-","-","-","-","-","-","-","-","-","-","-","-","-","-","-","-","-","-","-","-","-","-","-","-","-","-","-","-","-","-","-","-","-","-","-","-","-","-","-","-","-","-","-","-","-","-","-","-","-","0.000","0.009","0.011","0.005","0.008","0.000","0.000","0.000","0.000","0.000","0.000","0.000"
"   Interest Expense","-","-","-","-","-","-","-","-","-","-","-","-","-","-","-","-","-","0.000","0.000","0.000","0.000","","-","-","-","-","-","-","-","-","-","-","-","-","-","-","-","-","-","-","-","-","-","-","-","-","-","-","-","-","-","-","-","-","-","-","-","-","-","-","-","-","-","-","-","-","-","-","-","-","-","-","-","-","-","-","-","-","-","-","-","-","-","-","-","-","-","-","-","-","0.000","0.000","0.000","0.000","0.000","0.000","0.000","0.000","0.000","0.000","0.000","0.000"
"Net Interest Income","-","-","-","-","-","-","-","-","-","-","-","-","-","-","-","-","-","-0.371","0.269","-0.099","-0.194","","-","-","-","-","-","-","-","-","-","-","-","-","-","-","-","-","-","-","-","-","-","-","-","-","-","-","-","-","-","-","-","-","-","-","-","-","-","-","-","-","-","-","-","-","-","-","-","-","-","-","-","-","-","-","-","-","-","-","-","-","-","-","-","-","-","-","-","-","0.000","0.009","0.011","0.005","0.243","-0.042","0.210","-0.210","-0.141","-0.021","-0.083","0.051"
"Other Income (Expense)","-","-","-","-","-","-","-","-","-","-","-","-","-","-","-","-","-","-0.000","-0.000","0.000","0.148","","-","-","-","-","-","-","-","-","-","-","-","-","-","-","-","-","-","-","-","-","-","-","-","-","-","-","-","-","-","-","-","-","-","-","-","-","-","-","-","-","-","-","-","-","-","-","-","-","-","-","-","-","-","-","-","-","-","-","-","-","-","-","-","-","-","-","-","-","0.000","0.000","0.000","0.001","-0.000","0.000","-0.420","0.420","0.084","0.000","0.166","-0.102"
"   Other Income (Minority Interest)","-","-","-","-","-","-","-","-","-","-","-","-","-","-","-","-","-","0.000","0.000","0.000","0.000","","-","-","-","-","-","-","-","-","-","-","-","-","-","-","-","-","-","-","-","-","-","-","-","-","-","-","-","-","-","-","-","-","-","-","-","-","-","-","-","-","-","-","-","-","-","-","-","-","-","-","-","-","-","-","-","-","-","-","-","-","-","-","-","-","-","-","-","-","0.000","0.000","0.000","0.000","0.000","0.000","0.000","0.000","0.000","0.000","0.000","0.000"
"Pre-Tax Income","-","-","-","-","-","-","-","-","-","-","-","-","-","-","-","-","-","-0.337","4.212","17.776","-3.839","","-","-","-","-","-","-","-","-","-","-","-","-","-","-","-","-","-","-","-","-","-","-","-","-","-","-","-","-","-","-","-","-","-","-","-","-","-","-","-","-","-","-","-","-","-","-","-","-","-","-","-","-","-","-","-","-","-","-","-","-","-","-","-","-","-","-","-","-","-0.008","-0.250","-0.205","-0.223","4.890","7.428","7.377","3.465","-0.494","1.002","-3.157","-1.190"
"Tax Provision","-","-","-","-","-","-","-","-","-","-","-","-","-","-","-","-","-","0.057","-1.090","-3.023","-0.762","","-","-","-","-","-","-","-","-","-","-","-","-","-","-","-","-","-","-","-","-","-","-","-","-","-","-","-","-","-","-","-","-","-","-","-","-","-","-","-","-","-","-","-","-","-","-","-","-","-","-","-","-","-","-","-","-","-","-","-","-","-","-","-","-","-","-","-","-","0.000","0.000","0.000","0.000","0.000","-1.287","-1.255","-0.595","0.114","-1.244","0.067","0.301"
"Tax Rate %","-","-","-","-","-","-","-","-","-","-","-","-","-","-","-","-","-","16.910","25.880","17.010","-19.850","","-","-","-","-","-","-","-","-","-","-","-","-","-","-","-","-","-","-","-","-","-","-","-","-","-","-","-","-","-","-","-","-","-","-","-","-","-","-","-","-","-","-","-","-","-","-","-","-","-","-","-","-","-","-","-","-","-","-","-","-","-","-","-","-","-","-","-","-","0.000","0.000","0.000","0.000","0.000","17.330","17.010","17.170","23.080","124.150","2.120","25.290"
"Net Income (Continuing Operations)","-","-","-","-","-","-","-","-","-","-","-","-","-","-","-","-","-","-0.280","3.122","14.753","-4.601","","-","-","-","-","-","-","-","-","-","-","-","-","-","-","-","-","-","-","-","-","-","-","-","-","-","-","-","-","-","-","-","-","-","-","-","-","-","-","-","-","-","-","-","-","-","-","-","-","-","-","-","-","-","-","-","-","-","-","-","-","-","-","-","-","-","-","-","-","-0.008","-0.250","-0.205","-0.223","3.800","6.141","6.122","2.870","-0.380","-0.242","-3.090","-0.889"
"Net Income (Discontinued Operations)","-","-","-","-","-","-","-","-","-","-","-","-","-","-","-","-","-","0.000","0.000","0.000","0.000","","-","-","-","-","-","-","-","-","-","-","-","-","-","-","-","-","-","-","-","-","-","-","-","-","-","-","-","-","-","-","-","-","-","-","-","-","-","-","-","-","-","-","-","-","-","-","-","-","-","-","-","-","-","-","-","-","-","-","-","-","-","-","-","-","-","-","-","-","0.000","0.000","0.000","0.000","0.000","0.000","0.000","0.000","0.000","0.000","0.000","0.000"
"Net Income","-","-","-","-","-","-","-","-","-","-","-","-","-","-","-","-","-","-0.280","3.122","14.753","-4.601","","-","-","-","-","-","-","-","-","-","-","-","-","-","-","-","-","-","-","-","-","-","-","-","-","-","-","-","-","-","-","-","-","-","-","-","-","-","-","-","-","-","-","-","-","-","-","-","-","-","-","-","-","-","-","-","-","-","-","-","-","-","-","-","-","-","-","-","-","-0.008","-0.250","-0.205","-0.223","3.800","6.141","6.122","2.870","-0.380","-0.242","-3.090","-0.889"
"Preferred dividends","-","-","-","-","-","-","-","-","-","-","-","-","-","-","-","-","-","0.000","0.000","0.000","0.000","","-","-","-","-","-","-","-","-","-","-","-","-","-","-","-","-","-","-","-","-","-","-","-","-","-","-","-","-","-","-","-","-","-","-","-","-","-","-","-","-","-","-","-","-","-","-","-","-","-","-","-","-","-","-","-","-","-","-","-","-","-","-","-","-","-","-","-","-","0.000","0.000","0.000","0.000","0.000","0.000","0.000","0.000","0.000","0.000","0.000","0.000"
"EPS (Basic)","-","-","-","-","-","-","-","-","-","-","-","-","-","-","-","-","-","-0.010","0.130","0.600","-0.200","","-","-","-","-","-","-","-","-","-","-","-","-","-","-","-","-","-","-","-","-","-","-","-","-","-","-","-","-","-","-","-","-","-","-","-","-","-","-","-","-","-","-","-","-","-","-","-","-","-","-","-","-","-","-","-","-","-","-","-","-","-","-","-","-","-","-","-","-","0.000","-0.090","-0.070","-0.080","0.360","0.250","0.250","0.120","-0.020","-0.010","-0.130","-0.040"
"EPS (Diluted)","-","-","-","-","-","-","-","-","-","-","-","-","-","-","-","-","-","-0.010","0.130","0.600","-0.200","","-","-","-","-","-","-","-","-","-","-","-","-","-","-","-","-","-","-","-","-","-","-","-","-","-","-","-","-","-","-","-","-","-","-","-","-","-","-","-","-","-","-","-","-","-","-","-","-","-","-","-","-","-","-","-","-","-","-","-","-","-","-","-","-","-","-","-","-","0.000","-0.090","-0.070","-0.080","0.360","0.250","0.250","0.120","-0.020","-0.010","-0.130","-0.040"
"Shares Outstanding (Diluted Average)","-","-","-","-","-","-","-","-","-","-","-","-","-","-","-","-","-","24.583","24.583","24.583","24.583","","-","-","-","-","-","-","-","-","-","-","-","-","-","-","-","-","-","-","-","-","-","-","-","-","-","-","-","-","-","-","-","-","-","-","-","-","-","-","-","-","-","-","-","-","-","-","-","-","-","-","-","-","-","-","-","-","-","-","-","-","-","-","-","-","-","-","-","-","24.583","2.900","2.929","2.949","24.583","24.583","24.583","24.583","24.583","24.583","24.583","24.583"
"Depreciation, Depletion and Amortization","-","-","-","-","-","-","-","-","-","-","-","-","-","-","-","-","-","0.115","0.128","0.132","0.168","","-","-","-","-","-","-","-","-","-","-","-","-","-","-","-","-","-","-","-","-","-","-","-","-","-","-","-","-","-","-","-","-","-","-","-","-","-","-","-","-","-","-","-","-","-","-","-","-","-","-","-","-","-","-","-","-","-","-","-","-","-","-","-","-","-","-","-","-","-0.221","0.000","0.000","0.000","0.000","0.032","0.030","0.014","0.056","0.034","0.039","0.039"
"EBITDA","-","-","-","-","-","-","-","-","-","-","-","-","-","-","-","-","-","0.149","4.071","18.007","-3.625","","-","-","-","-","-","-","-","-","-","-","-","-","-","-","-","-","-","-","-","-","-","-","-","-","-","-","-","-","-","-","-","-","-","-","-","-","-","-","-","-","-","-","-","-","-","-","-","-","-","-","-","-","-","-","-","-","-","-","-","-","-","-","-","-","-","-","-","-","-0.008","-0.259","-0.216","-0.229","4.647","7.502","7.617","3.269","-0.381","1.057","-3.201","-1.100"
"  Cash And Cash Equivalents","-","-","-","-","-","-","-","-","-","-","-","-","-","-","-","-","-","0.804","11.709","25.829","19.451","","-","-","-","-","-","-","-","-","-","-","-","-","-","-","-","-","-","-","-","-","-","-","-","-","-","-","-","-","-","-","-","-","-","-","-","-","-","-","-","-","-","-","-","-","-","-","-","-","-","-","-","-","-","-","-","-","-","-","-","-","-","-","-","-","-","-","-","-","0.000","0.705","0.545","0.272","11.709","0.008","0.039","0.048","25.829","24.170","21.757","19.451"
"  Marketable Securities","-","-","-","-","-","-","-","-","-","-","-","-","-","-","-","-","-","0.000","0.000","0.000","0.000","","-","-","-","-","-","-","-","-","-","-","-","-","-","-","-","-","-","-","-","-","-","-","-","-","-","-","-","-","-","-","-","-","-","-","-","-","-","-","-","-","-","-","-","-","-","-","-","-","-","-","-","-","-","-","-","-","-","-","-","-","-","-","-","-","-","-","-","-","0.000","0.000","0.000","0.000","0.000","0.000","0.000","0.000","0.000","0.000","0.000","0.000"
"Cash, Cash Equivalents, Marketable Securities","-","-","-","-","-","-","-","-","-","-","-","-","-","-","-","-","-","0.804","11.709","25.829","19.451","","-","-","-","-","-","-","-","-","-","-","-","-","-","-","-","-","-","-","-","-","-","-","-","-","-","-","-","-","-","-","-","-","-","-","-","-","-","-","-","-","-","-","-","-","-","-","-","-","-","-","-","-","-","-","-","-","-","-","-","-","-","-","-","-","-","-","-","-","0.000","0.705","0.545","0.272","11.709","0.008","0.039","0.048","25.829","24.170","21.757","19.451"
"Accounts Receivable","-","-","-","-","-","-","-","-","-","-","-","-","-","-","-","-","-","0.000","0.048","3.804","3.064","","-","-","-","-","-","-","-","-","-","-","-","-","-","-","-","-","-","-","-","-","-","-","-","-","-","-","-","-","-","-","-","-","-","-","-","-","-","-","-","-","-","-","-","-","-","-","-","-","-","-","-","-","-","-","-","-","-","-","-","-","-","-","-","-","-","-","-","-","0.000","0.000","0.000","0.000","0.048","0.000","0.000","0.000","3.804","4.229","2.070","3.064"
"  Inventories, Raw Materials & Components","-","-","-","-","-","-","-","-","-","-","-","-","-","-","-","-","-","0.000","0.000","0.000","0.000","","-","-","-","-","-","-","-","-","-","-","-","-","-","-","-","-","-","-","-","-","-","-","-","-","-","-","-","-","-","-","-","-","-","-","-","-","-","-","-","-","-","-","-","-","-","-","-","-","-","-","-","-","-","-","-","-","-","-","-","-","-","-","-","-","-","-","-","-","0.000","0.000","0.000","0.000","0.000","0.000","0.000","0.000","0.000","0.000","0.000","0.000"
"  Inventories, Work In Process","-","-","-","-","-","-","-","-","-","-","-","-","-","-","-","-","-","0.000","0.000","0.000","0.000","","-","-","-","-","-","-","-","-","-","-","-","-","-","-","-","-","-","-","-","-","-","-","-","-","-","-","-","-","-","-","-","-","-","-","-","-","-","-","-","-","-","-","-","-","-","-","-","-","-","-","-","-","-","-","-","-","-","-","-","-","-","-","-","-","-","-","-","-","0.000","0.000","0.000","0.000","0.000","0.000","0.000","0.000","0.000","0.000","0.000","0.000"
"  Inventories, Inventories Adjustments","-","-","-","-","-","-","-","-","-","-","-","-","-","-","-","-","-","0.000","0.000","0.000","0.000","","-","-","-","-","-","-","-","-","-","-","-","-","-","-","-","-","-","-","-","-","-","-","-","-","-","-","-","-","-","-","-","-","-","-","-","-","-","-","-","-","-","-","-","-","-","-","-","-","-","-","-","-","-","-","-","-","-","-","-","-","-","-","-","-","-","-","-","-","0.000","0.000","0.000","0.000","0.000","0.000","0.000","0.000","0.000","0.000","0.000","0.000"
"  Inventories, Finished Goods","-","-","-","-","-","-","-","-","-","-","-","-","-","-","-","-","-","0.000","0.000","0.000","0.000","","-","-","-","-","-","-","-","-","-","-","-","-","-","-","-","-","-","-","-","-","-","-","-","-","-","-","-","-","-","-","-","-","-","-","-","-","-","-","-","-","-","-","-","-","-","-","-","-","-","-","-","-","-","-","-","-","-","-","-","-","-","-","-","-","-","-","-","-","0.000","0.000","0.000","0.000","0.000","0.000","0.000","0.000","0.000","0.000","0.000","0.000"
"  Inventories, Other","-","-","-","-","-","-","-","-","-","-","-","-","-","-","-","-","-","0.000","0.000","1.476","1.749","","-","-","-","-","-","-","-","-","-","-","-","-","-","-","-","-","-","-","-","-","-","-","-","-","-","-","-","-","-","-","-","-","-","-","-","-","-","-","-","-","-","-","-","-","-","-","-","-","-","-","-","-","-","-","-","-","-","-","-","-","-","-","-","-","-","-","-","-","0.000","0.000","0.000","0.000","0.000","0.000","0.000","0.000","1.476","0.000","1.709","1.749"
"Total Inventories","-","-","-","-","-","-","-","-","-","-","-","-","-","-","-","-","-","0.000","0.000","1.476","1.749","","-","-","-","-","-","-","-","-","-","-","-","-","-","-","-","-","-","-","-","-","-","-","-","-","-","-","-","-","-","-","-","-","-","-","-","-","-","-","-","-","-","-","-","-","-","-","-","-","-","-","-","-","-","-","-","-","-","-","-","-","-","-","-","-","-","-","-","-","0.000","0.000","0.000","0.000","0.000","0.000","0.000","0.000","1.476","0.000","1.709","1.749"
"Other Current Assets","-","-","-","-","-","-","-","-","-","-","-","-","-","-","-","-","-","0.025","1.828","2.711","0.659","","-","-","-","-","-","-","-","-","-","-","-","-","-","-","-","-","-","-","-","-","-","-","-","-","-","-","-","-","-","-","-","-","-","-","-","-","-","-","-","-","-","-","-","-","-","-","-","-","-","-","-","-","-","-","-","-","-","-","-","-","-","-","-","-","-","-","-","-","0.000","0.006","0.020","0.010","1.828","0.008","0.040","0.000","2.711","1.603","0.656","0.659"
"Total Current Assets","-","-","-","-","-","-","-","-","-","-","-","-","-","-","-","-","-","0.829","13.585","33.820","24.923","","-","-","-","-","-","-","-","-","-","-","-","-","-","-","-","-","-","-","-","-","-","-","-","-","-","-","-","-","-","-","-","-","-","-","-","-","-","-","-","-","-","-","-","-","-","-","-","-","-","-","-","-","-","-","-","-","-","-","-","-","-","-","-","-","-","-","-","-","0.000","0.711","0.565","0.282","13.585","0.016","0.079","0.048","33.820","30.002","26.192","24.923"
"Investments And Advances","-","-","-","-","-","-","-","-","-","-","-","-","-","-","-","-","-","0.000","0.000","0.000","0.000","","-","-","-","-","-","-","-","-","-","-","-","-","-","-","-","-","-","-","-","-","-","-","-","-","-","-","-","-","-","-","-","-","-","-","-","-","-","-","-","-","-","-","-","-","-","-","-","-","-","-","-","-","-","-","-","-","-","-","-","-","-","-","-","-","-","-","-","-","0.000","0.000","0.000","0.000","0.000","0.000","0.000","0.000","0.000","0.000","0.000","0.000"
"  Land And Improvements","-","-","-","-","-","-","-","-","-","-","-","-","-","-","-","-","-","0.000","0.000","0.000","0.000","","-","-","-","-","-","-","-","-","-","-","-","-","-","-","-","-","-","-","-","-","-","-","-","-","-","-","-","-","-","-","-","-","-","-","-","-","-","-","-","-","-","-","-","-","-","-","-","-","-","-","-","-","-","-","-","-","-","-","-","-","-","-","-","-","-","-","-","-","0.000","0.000","0.000","0.000","0.000","0.000","0.000","0.000","0.000","0.000","0.000","0.000"
"  Buildings And Improvements","-","-","-","-","-","-","-","-","-","-","-","-","-","-","-","-","-","0.000","0.000","0.000","0.000","","-","-","-","-","-","-","-","-","-","-","-","-","-","-","-","-","-","-","-","-","-","-","-","-","-","-","-","-","-","-","-","-","-","-","-","-","-","-","-","-","-","-","-","-","-","-","-","-","-","-","-","-","-","-","-","-","-","-","-","-","-","-","-","-","-","-","-","-","0.000","0.000","0.000","0.000","0.000","0.000","0.000","0.000","0.000","0.000","0.000","0.000"
"  Machinery, Furniture, Equipment","-","-","-","-","-","-","-","-","-","-","-","-","-","-","-","-","-","0.000","0.916","0.000","0.000","","-","-","-","-","-","-","-","-","-","-","-","-","-","-","-","-","-","-","-","-","-","-","-","-","-","-","-","-","-","-","-","-","-","-","-","-","-","-","-","-","-","-","-","-","-","-","-","-","-","-","-","-","-","-","-","-","-","-","-","-","-","-","-","-","-","-","-","-","0.000","0.000","0.000","0.000","0.916","0.000","0.000","0.000","0.000","0.000","0.000","0.000"
"  Construction In Progress","-","-","-","-","-","-","-","-","-","-","-","-","-","-","-","-","-","0.000","0.000","0.000","0.000","","-","-","-","-","-","-","-","-","-","-","-","-","-","-","-","-","-","-","-","-","-","-","-","-","-","-","-","-","-","-","-","-","-","-","-","-","-","-","-","-","-","-","-","-","-","-","-","-","-","-","-","-","-","-","-","-","-","-","-","-","-","-","-","-","-","-","-","-","0.000","0.000","0.000","0.000","0.000","0.000","0.000","0.000","0.000","0.000","0.000","0.000"
"Gross Property, Plant and Equipment","-","-","-","-","-","-","-","-","-","-","-","-","-","-","-","-","-","0.000","1.284","0.000","0.000","","-","-","-","-","-","-","-","-","-","-","-","-","-","-","-","-","-","-","-","-","-","-","-","-","-","-","-","-","-","-","-","-","-","-","-","-","-","-","-","-","-","-","-","-","-","-","-","-","-","-","-","-","-","-","-","-","-","-","-","-","-","-","-","-","-","-","-","-","0.000","0.000","0.000","0.000","1.284","0.000","0.000","0.000","0.000","0.000","0.000","0.000"
"  Accumulated Depreciation","-","-","-","-","-","-","-","-","-","-","-","-","-","-","-","-","-","0.000","-0.572","0.000","0.000","","-","-","-","-","-","-","-","-","-","-","-","-","-","-","-","-","-","-","-","-","-","-","-","-","-","-","-","-","-","-","-","-","-","-","-","-","-","-","-","-","-","-","-","-","-","-","-","-","-","-","-","-","-","-","-","-","-","-","-","-","-","-","-","-","-","-","-","-","0.000","0.000","0.000","0.000","-0.572","0.000","0.000","0.000","0.000","0.000","0.000","0.000"
"Property, Plant and Equipment","-","-","-","-","-","-","-","-","-","-","-","-","-","-","-","-","-","0.000","0.712","0.757","0.717","","-","-","-","-","-","-","-","-","-","-","-","-","-","-","-","-","-","-","-","-","-","-","-","-","-","-","-","-","-","-","-","-","-","-","-","-","-","-","-","-","-","-","-","-","-","-","-","-","-","-","-","-","-","-","-","-","-","-","-","-","-","-","-","-","-","-","-","-","0.000","0.000","0.000","0.000","0.712","0.000","0.000","0.000","0.757","0.851","0.691","0.717"
"Intangible Assets","-","-","-","-","-","-","-","-","-","-","-","-","-","-","-","-","-","0.000","0.000","0.000","0.000","","-","-","-","-","-","-","-","-","-","-","-","-","-","-","-","-","-","-","-","-","-","-","-","-","-","-","-","-","-","-","-","-","-","-","-","-","-","-","-","-","-","-","-","-","-","-","-","-","-","-","-","-","-","-","-","-","-","-","-","-","-","-","-","-","-","-","-","-","0.000","0.000","0.000","0.000","0.000","0.000","0.000","0.000","0.000","0.000","0.000","0.000"
"   Goodwill","-","-","-","-","-","-","-","-","-","-","-","-","-","-","-","-","-","0.000","0.000","0.000","0.000","","-","-","-","-","-","-","-","-","-","-","-","-","-","-","-","-","-","-","-","-","-","-","-","-","-","-","-","-","-","-","-","-","-","-","-","-","-","-","-","-","-","-","-","-","-","-","-","-","-","-","-","-","-","-","-","-","-","-","-","-","-","-","-","-","-","-","-","-","0.000","0.000","0.000","0.000","0.000","0.000","0.000","0.000","0.000","0.000","0.000","0.000"
"Other Long Term Assets","-","-","-","-","-","-","-","-","-","-","-","-","-","-","-","-","-","81.305","0.158","12.012","12.143","","-","-","-","-","-","-","-","-","-","-","-","-","-","-","-","-","-","-","-","-","-","-","-","-","-","-","-","-","-","-","-","-","-","-","-","-","-","-","-","-","-","-","-","-","-","-","-","-","-","-","-","-","-","-","-","-","-","-","-","-","-","-","-","-","-","-","-","-","0.000","81.314","81.326","81.331","0.158","81.307","81.306","81.311","12.012","12.016","12.083","12.143"
"Total Assets","-","-","-","-","-","-","-","-","-","-","-","-","-","-","-","-","-","82.134","14.455","46.589","37.783","","-","-","-","-","-","-","-","-","-","-","-","-","-","-","-","-","-","-","-","-","-","-","-","-","-","-","-","-","-","-","-","-","-","-","-","-","-","-","-","-","-","-","-","-","-","-","-","-","-","-","-","-","-","-","-","-","-","-","-","-","-","-","-","-","-","-","-","-","0.000","82.025","81.891","81.613","14.455","81.323","81.385","81.359","46.589","42.869","38.966","37.783"
"  Accounts Payable","-","-","-","-","-","-","-","-","-","-","-","-","-","-","-","-","-","0.000","0.229","0.000","0.000","","-","-","-","-","-","-","-","-","-","-","-","-","-","-","-","-","-","-","-","-","-","-","-","-","-","-","-","-","-","-","-","-","-","-","-","-","-","-","-","-","-","-","-","-","-","-","-","-","-","-","-","-","-","-","-","-","-","-","-","-","-","-","-","-","-","-","-","-","0.000","0.000","0.000","0.000","0.229","0.000","0.000","0.000","0.000","0.120","0.000","0.000"
"  Total Tax Payable","-","-","-","-","-","-","-","-","-","-","-","-","-","-","-","-","-","0.000","0.191","6.062","1.192","","-","-","-","-","-","-","-","-","-","-","-","-","-","-","-","-","-","-","-","-","-","-","-","-","-","-","-","-","-","-","-","-","-","-","-","-","-","-","-","-","-","-","-","-","-","-","-","-","-","-","-","-","-","-","-","-","-","-","-","-","-","-","-","-","-","-","-","-","0.000","0.000","0.000","0.000","0.191","0.000","0.000","0.000","6.062","4.941","1.486","1.192"
"  Other Accrued Expense","-","-","-","-","-","-","-","-","-","-","-","-","-","-","-","-","-","0.020","4.800","8.871","10.713","","-","-","-","-","-","-","-","-","-","-","-","-","-","-","-","-","-","-","-","-","-","-","-","-","-","-","-","-","-","-","-","-","-","-","-","-","-","-","-","-","-","-","-","-","-","-","-","-","-","-","-","-","-","-","-","-","-","-","-","-","-","-","-","-","-","-","-","-","0.000","0.172","0.278","0.223","6.404","0.457","0.630","0.868","8.871","7.409","7.968","10.713"
"Accounts Payable & Accrued Expense","-","-","-","-","-","-","-","-","-","-","-","-","-","-","-","-","-","0.020","6.404","15.533","11.905","","-","-","-","-","-","-","-","-","-","-","-","-","-","-","-","-","-","-","-","-","-","-","-","-","-","-","-","-","-","-","-","-","-","-","-","-","-","-","-","-","-","-","-","-","-","-","-","-","-","-","-","-","-","-","-","-","-","-","-","-","-","-","-","-","-","-","-","-","0.000","0.172","0.278","0.223","6.404","0.457","0.630","0.868","15.533","13.070","10.054","11.905"
"Current Portion of Long-Term Debt","-","-","-","-","-","-","-","-","-","-","-","-","-","-","-","-","-","0.000","0.000","0.000","0.000","","-","-","-","-","-","-","-","-","-","-","-","-","-","-","-","-","-","-","-","-","-","-","-","-","-","-","-","-","-","-","-","-","-","-","-","-","-","-","-","-","-","-","-","-","-","-","-","-","-","-","-","-","-","-","-","-","-","-","-","-","-","-","-","-","-","-","-","-","0.000","0.000","0.000","0.000","0.000","0.070","0.170","0.350","0.000","0.000","0.000","0.000"
"  Current Deferred Revenue","-","-","-","-","-","-","-","-","-","-","-","-","-","-","-","-","-","0.000","0.000","0.000","0.000","","-","-","-","-","-","-","-","-","-","-","-","-","-","-","-","-","-","-","-","-","-","-","-","-","-","-","-","-","-","-","-","-","-","-","-","-","-","-","-","-","-","-","-","-","-","-","-","-","-","-","-","-","-","-","-","-","-","-","-","-","-","-","-","-","-","-","-","-","0.000","0.035","0.000","0.000","0.000","0.000","0.000","0.000","0.000","0.000","0.000","0.000"
"  Current Deferred Taxes Liabilities","-","-","-","-","-","-","-","-","-","-","-","-","-","-","-","-","-","0.000","0.423","0.000","0.000","","-","-","-","-","-","-","-","-","-","-","-","-","-","-","-","-","-","-","-","-","-","-","-","-","-","-","-","-","-","-","-","-","-","-","-","-","-","-","-","-","-","-","-","-","-","-","-","-","-","-","-","-","-","-","-","-","-","-","-","-","-","-","-","-","-","-","-","-","0.000","0.000","0.000","0.000","0.423","0.000","0.000","0.000","0.000","0.000","0.000","0.000"
"DeferredTaxAndRevenue","-","-","-","-","-","-","-","-","-","-","-","-","-","-","-","-","-","0.000","0.423","0.000","0.000","","-","-","-","-","-","-","-","-","-","-","-","-","-","-","-","-","-","-","-","-","-","-","-","-","-","-","-","-","-","-","-","-","-","-","-","-","-","-","-","-","-","-","-","-","-","-","-","-","-","-","-","-","-","-","-","-","-","-","-","-","-","-","-","-","-","-","-","-","0.000","0.035","0.000","0.000","0.423","0.000","0.000","0.000","0.000","0.000","0.000","0.000"
"Other Current Liabilities","-","-","-","-","-","-","-","-","-","-","-","-","-","-","-","-","-","0.000","5.646","1.019","2.205","","-","-","-","-","-","-","-","-","-","-","-","-","-","-","-","-","-","-","-","-","-","-","-","-","-","-","-","-","-","-","-","-","-","-","-","-","-","-","-","-","-","-","-","-","-","-","-","-","-","-","-","-","-","-","-","-","-","-","-","-","-","-","-","-","-","-","-","-","0.000","0.000","0.000","0.000","5.646","0.000","0.000","0.000","1.019","0.000","2.205","0.000"
"Total Current Liabilities","-","-","-","-","-","-","-","-","-","-","-","-","-","-","-","-","-","0.020","12.473","16.552","11.905","","-","-","-","-","-","-","-","-","-","-","-","-","-","-","-","-","-","-","-","-","-","-","-","-","-","-","-","-","-","-","-","-","-","-","-","-","-","-","-","-","-","-","-","-","-","-","-","-","-","-","-","-","-","-","-","-","-","-","-","-","-","-","-","-","-","-","-","-","0.000","0.207","0.278","0.223","12.473","0.527","0.800","1.218","16.552","13.070","12.259","11.905"
"   Long-Term Debt","-","-","-","-","-","-","-","-","-","-","-","-","-","-","-","-","-","0.000","0.000","0.000","0.000","","-","-","-","-","-","-","-","-","-","-","-","-","-","-","-","-","-","-","-","-","-","-","-","-","-","-","-","-","-","-","-","-","-","-","-","-","-","-","-","-","-","-","-","-","-","-","-","-","-","-","-","-","-","-","-","-","-","-","-","-","-","-","-","-","-","-","-","-","0.000","0.000","0.000","0.000","0.000","0.000","0.000","0.000","0.000","0.000","0.000","0.000"
"   Capital Lease Obligation","-","-","-","-","-","-","-","-","-","-","-","-","-","-","-","-","-","0.000","0.000","0.000","0.000","","-","-","-","-","-","-","-","-","-","-","-","-","-","-","-","-","-","-","-","-","-","-","-","-","-","-","-","-","-","-","-","-","-","-","-","-","-","-","-","-","-","-","-","-","-","-","-","-","-","-","-","-","-","-","-","-","-","-","-","-","-","-","-","-","-","-","-","-","0.000","0.000","0.000","0.000","0.000","0.000","0.000","0.000","0.000","0.000","0.000","0.000"
"Long-Term Debt & Capital Lease Obligation","-","-","-","-","-","-","-","-","-","-","-","-","-","-","-","-","-","0.000","0.000","0.000","0.000","","-","-","-","-","-","-","-","-","-","-","-","-","-","-","-","-","-","-","-","-","-","-","-","-","-","-","-","-","-","-","-","-","-","-","-","-","-","-","-","-","-","-","-","-","-","-","-","-","-","-","-","-","-","-","-","-","-","-","-","-","-","-","-","-","-","-","-","-","0.000","0.000","0.000","0.000","0.000","0.000","0.000","0.000","0.000","0.000","0.000","0.000"
"PensionAndRetirementBenefit","-","-","-","-","-","-","-","-","-","-","-","-","-","-","-","-","-","0.000","0.099","0.270","0.328","","-","-","-","-","-","-","-","-","-","-","-","-","-","-","-","-","-","-","-","-","-","-","-","-","-","-","-","-","-","-","-","-","-","-","-","-","-","-","-","-","-","-","-","-","-","-","-","-","-","-","-","-","-","-","-","-","-","-","-","-","-","-","-","-","-","-","-","-","0.000","0.000","0.000","0.000","0.099","0.000","0.000","0.000","0.270","0.270","0.270","0.328"
"NonCurrent Deferred Liabilities","-","-","-","-","-","-","-","-","-","-","-","-","-","-","-","-","-","0.000","0.000","0.000","0.000","","-","-","-","-","-","-","-","-","-","-","-","-","-","-","-","-","-","-","-","-","-","-","-","-","-","-","-","-","-","-","-","-","-","-","-","-","-","-","-","-","-","-","-","-","-","-","-","-","-","-","-","-","-","-","-","-","-","-","-","-","-","-","-","-","-","-","-","-","0.000","0.000","0.000","0.000","0.000","0.000","0.000","0.000","0.000","0.000","0.000","0.000"
"Minority Interest","-","-","-","-","-","-","-","-","-","-","-","-","-","-","-","-","-","0.000","0.000","0.000","0.000","","-","-","-","-","-","-","-","-","-","-","-","-","-","-","-","-","-","-","-","-","-","-","-","-","-","-","-","-","-","-","-","-","-","-","-","-","-","-","-","-","-","-","-","-","-","-","-","-","-","-","-","-","-","-","-","-","-","-","-","-","-","-","-","-","-","-","-","-","0.000","0.000","0.000","0.000","0.000","0.000","0.000","0.000","0.000","0.000","0.000","0.000"
"Other Long-Term Liabilities","-","-","-","-","-","-","-","-","-","-","-","-","-","-","-","-","-","77.114","0.158","12.012","12.016","","-","-","-","-","-","-","-","-","-","-","-","-","-","-","-","-","-","-","-","-","-","-","-","-","-","-","-","-","-","-","-","-","-","-","-","-","-","-","-","-","-","-","-","-","-","-","-","-","-","-","-","-","-","-","-","-","-","-","-","-","-","-","-","-","-","-","-","-","0.000","76.818","76.613","76.390","0.158","75.796","75.585","75.141","12.012","12.016","12.014","12.016"
"Total Liabilities","-","-","-","-","-","-","-","-","-","-","-","-","-","-","-","-","-","77.134","12.730","28.834","24.249","","-","-","-","-","-","-","-","-","-","-","-","-","-","-","-","-","-","-","-","-","-","-","-","-","-","-","-","-","-","-","-","-","-","-","-","-","-","-","-","-","-","-","-","-","-","-","-","-","-","-","-","-","-","-","-","-","-","-","-","-","-","-","-","-","-","-","-","-","0.000","77.025","76.891","76.613","12.730","76.323","76.385","76.359","28.834","25.356","24.543","24.249"
"Common Stock","-","-","-","-","-","-","-","-","-","-","-","-","-","-","-","-","-","77.115","0.003","0.003","0.003","","-","-","-","-","-","-","-","-","-","-","-","-","-","-","-","-","-","-","-","-","-","-","-","-","-","-","-","-","-","-","-","-","-","-","-","-","-","-","-","-","-","-","-","-","-","-","-","-","-","-","-","-","-","-","-","-","-","-","-","-","-","-","-","-","-","-","-","-","0.000","76.818","76.613","76.390","0.003","0.000","0.000","0.000","0.003","0.003","0.003","0.003"
"Preferred Stock","-","-","-","-","-","-","-","-","-","-","-","-","-","-","-","-","-","0.000","0.000","0.000","0.000","","-","-","-","-","-","-","-","-","-","-","-","-","-","-","-","-","-","-","-","-","-","-","-","-","-","-","-","-","-","-","-","-","-","-","-","-","-","-","-","-","-","-","-","-","-","-","-","-","-","-","-","-","-","-","-","-","-","-","-","-","-","-","-","-","-","-","-","-","0.000","0.000","0.000","0.000","0.000","0.000","0.000","0.000","0.000","0.000","0.000","0.000"
"Retained Earnings","-","-","-","-","-","-","-","-","-","-","-","-","-","-","-","-","-","-0.008","1.690","-0.808","-5.029","","-","-","-","-","-","-","-","-","-","-","-","-","-","-","-","-","-","-","-","-","-","-","-","-","-","-","-","-","-","-","-","-","-","-","-","-","-","-","-","-","-","-","-","-","-","-","-","-","-","-","-","-","-","-","-","-","-","-","-","-","-","-","-","-","-","-","-","-","0.000","-0.259","-0.464","-0.687","1.690","-1.280","-1.491","-1.936","-0.808","-1.050","-4.140","-5.029"
"Accumulated other comprehensive income (loss)","-","-","-","-","-","-","-","-","-","-","-","-","-","-","-","-","-","0.000","0.000","0.000","0.000","","-","-","-","-","-","-","-","-","-","-","-","-","-","-","-","-","-","-","-","-","-","-","-","-","-","-","-","-","-","-","-","-","-","-","-","-","-","-","-","-","-","-","-","-","-","-","-","-","-","-","-","-","-","-","-","-","-","-","-","-","-","-","-","-","-","-","-","-","0.000","0.000","0.000","0.000","0.000","0.000","0.000","0.000","0.000","0.000","0.000","0.000"
"Additional Paid-In Capital","-","-","-","-","-","-","-","-","-","-","-","-","-","-","-","-","-","5.008","0.032","18.560","18.560","","-","-","-","-","-","-","-","-","-","-","-","-","-","-","-","-","-","-","-","-","-","-","-","-","-","-","-","-","-","-","-","-","-","-","-","-","-","-","-","-","-","-","-","-","-","-","-","-","-","-","-","-","-","-","-","-","-","-","-","-","-","-","-","-","-","-","-","-","0.000","5.258","5.463","5.686","0.032","6.280","6.490","6.935","18.560","18.560","18.560","18.560"
"Treasury Stock","-","-","-","-","-","-","-","-","-","-","-","-","-","-","-","-","-","0.000","0.000","0.000","0.000","","-","-","-","-","-","-","-","-","-","-","-","-","-","-","-","-","-","-","-","-","-","-","-","-","-","-","-","-","-","-","-","-","-","-","-","-","-","-","-","-","-","-","-","-","-","-","-","-","-","-","-","-","-","-","-","-","-","-","-","-","-","-","-","-","-","-","-","-","0.000","0.000","0.000","0.000","0.000","0.000","0.000","0.000","0.000","0.000","0.000","0.000"
"Total Equity","-","-","-","-","-","-","-","-","-","-","-","-","-","-","-","-","-","5.000","1.725","17.755","13.534","","-","-","-","-","-","-","-","-","-","-","-","-","-","-","-","-","-","-","-","-","-","-","-","-","-","-","-","-","-","-","-","-","-","-","-","-","-","-","-","-","-","-","-","-","-","-","-","-","-","-","-","-","-","-","-","-","-","-","-","-","-","-","-","-","-","-","-","-","0.000","5.000","5.000","5.000","1.725","5.000","5.000","5.000","17.755","17.513","14.423","13.534"
"  Net Income","-","-","-","-","-","-","-","-","-","-","-","-","-","-","-","-","-","-0.280","3.122","14.753","-4.601","","-","-","-","-","-","-","-","-","-","-","-","-","-","-","-","-","-","-","-","-","-","-","-","-","-","-","-","-","-","-","-","-","-","-","-","-","-","-","-","-","-","-","-","-","-","-","-","-","-","-","-","-","-","-","-","-","-","-","-","-","-","-","-","-","-","-","-","-","-0.008","-0.250","-0.205","-0.223","3.800","6.141","6.122","2.870","-0.380","-0.242","-3.090","-0.889"
"  Net Foreign Currency Exchange Gain","-","-","-","-","-","-","-","-","-","-","-","-","-","-","-","-","-","0.000","0.000","0.000","0.000","","-","-","-","-","-","-","-","-","-","-","-","-","-","-","-","-","-","-","-","-","-","-","-","-","-","-","-","-","-","-","-","-","-","-","-","-","-","-","-","-","-","-","-","-","-","-","-","-","-","-","-","-","-","-","-","-","-","-","-","-","-","-","-","-","-","-","-","-","0.000","0.000","0.000","0.000","0.000","0.000","0.000","0.000","0.000","0.000","0.000","0.000"
"Net Income From Continuing Operations","-","-","-","-","-","-","-","-","-","-","-","-","-","-","-","-","-","-0.280","3.122","14.753","-4.601","","-","-","-","-","-","-","-","-","-","-","-","-","-","-","-","-","-","-","-","-","-","-","-","-","-","-","-","-","-","-","-","-","-","-","-","-","-","-","-","-","-","-","-","-","-","-","-","-","-","-","-","-","-","-","-","-","-","-","-","-","-","-","-","-","-","-","-","-","-0.008","-0.250","-0.205","-0.223","3.800","6.141","6.122","2.870","-0.380","-0.242","-3.090","-0.889"
"Depreciation, Depletion and Amortization","-","-","-","-","-","-","-","-","-","-","-","-","-","-","-","-","-","0.115","0.128","0.132","0.168","","-","-","-","-","-","-","-","-","-","-","-","-","-","-","-","-","-","-","-","-","-","-","-","-","-","-","-","-","-","-","-","-","-","-","-","-","-","-","-","-","-","-","-","-","-","-","-","-","-","-","-","-","-","-","-","-","-","-","-","-","-","-","-","-","-","-","-","-","-0.221","0.000","0.000","0.000","0.000","0.032","0.030","0.014","0.056","0.034","0.039","0.039"
"  Change In Receivables","-","-","-","-","-","-","-","-","-","-","-","-","-","-","-","-","-","0.430","0.161","-3.756","4.258","","-","-","-","-","-","-","-","-","-","-","-","-","-","-","-","-","-","-","-","-","-","-","-","-","-","-","-","-","-","-","-","-","-","-","-","-","-","-","-","-","-","-","-","-","-","-","-","-","-","-","-","-","-","-","-","-","-","-","-","-","-","-","-","-","-","-","-","-","0.115","0.000","0.000","0.000","0.000","-1.006","-3.843","-2.425","3.518","-0.425","2.159","-0.994"
"  Change In Inventory","-","-","-","-","-","-","-","-","-","-","-","-","-","-","-","-","-","0.000","0.000","0.000","0.000","","-","-","-","-","-","-","-","-","-","-","-","-","-","-","-","-","-","-","-","-","-","-","-","-","-","-","-","-","-","-","-","-","-","-","-","-","-","-","-","-","-","-","-","-","-","-","-","-","-","-","-","-","-","-","-","-","-","-","-","-","-","-","-","-","-","-","-","-","0.000","0.000","0.000","0.000","0.000","0.000","0.000","0.000","0.000","0.000","0.000","0.000"
"  Change In Prepaid Assets","-","-","-","-","-","-","-","-","-","-","-","-","-","-","-","-","-","0.000","0.023","0.000","0.000","","-","-","-","-","-","-","-","-","-","-","-","-","-","-","-","-","-","-","-","-","-","-","-","-","-","-","-","-","-","-","-","-","-","-","-","-","-","-","-","-","-","-","-","-","-","-","-","-","-","-","-","-","-","-","-","-","-","-","-","-","-","-","-","-","-","-","-","-","-0.025","0.019","-0.014","0.010","0.007","0.000","0.000","0.000","0.000","0.000","0.000","0.000"
"  Change In Payables And Accrued Expense","-","-","-","-","-","-","-","-","-","-","-","-","-","-","-","-","-","-0.504","3.743","6.554","-0.663","","-","-","-","-","-","-","-","-","-","-","-","-","-","-","-","-","-","-","-","-","-","-","-","-","-","-","-","-","-","-","-","-","-","-","-","-","-","-","-","-","-","-","-","-","-","-","-","-","-","-","-","-","-","-","-","-","-","-","-","-","-","-","-","-","-","-","-","-","0.020","0.188","0.071","-0.055","3.539","-0.299","7.300","-0.871","0.424","-2.463","0.387","0.989"
"Change In Working Capital","-","-","-","-","-","-","-","-","-","-","-","-","-","-","-","-","-","0.780","9.636","-5.341","-2.678","","-","-","-","-","-","-","-","-","-","-","-","-","-","-","-","-","-","-","-","-","-","-","-","-","-","-","-","-","-","-","-","-","-","-","-","-","-","-","-","-","-","-","-","-","-","-","-","-","-","-","-","-","-","-","-","-","-","-","-","-","-","-","-","-","-","-","-","-","-0.006","0.207","0.056","-0.045","9.417","-1.572","3.758","-5.137","-2.390","-1.323","3.920","-2.885"
"Change In DeferredTax","-","-","-","-","-","-","-","-","-","-","-","-","-","-","-","-","-","0.000","0.000","0.000","0.000","","-","-","-","-","-","-","-","-","-","-","-","-","-","-","-","-","-","-","-","-","-","-","-","-","-","-","-","-","-","-","-","-","-","-","-","-","-","-","-","-","-","-","-","-","-","-","-","-","-","-","-","-","-","-","-","-","-","-","-","-","-","-","-","-","-","-","-","-","0.000","0.000","0.000","0.000","0.000","0.000","0.000","0.000","0.000","0.000","0.000","0.000"
"Stock Based Compensation","-","-","-","-","-","-","-","-","-","-","-","-","-","-","-","-","-","0.000","0.000","0.000","0.000","","-","-","-","-","-","-","-","-","-","-","-","-","-","-","-","-","-","-","-","-","-","-","-","-","-","-","-","-","-","-","-","-","-","-","-","-","-","-","-","-","-","-","-","-","-","-","-","-","-","-","-","-","-","-","-","-","-","-","-","-","-","-","-","-","-","-","-","-","0.000","0.000","0.000","0.000","0.000","0.000","0.000","0.000","0.000","0.000","0.000","0.000"
"Cash Flow from Discontinued Operations","-","-","-","-","-","-","-","-","-","-","-","-","-","-","-","-","-","0.000","0.000","0.000","0.000","","-","-","-","-","-","-","-","-","-","-","-","-","-","-","-","-","-","-","-","-","-","-","-","-","-","-","-","-","-","-","-","-","-","-","-","-","-","-","-","-","-","-","-","-","-","-","-","-","-","-","-","-","-","-","-","-","-","-","-","-","-","-","-","-","-","-","-","-","0.000","0.000","0.000","0.000","0.000","0.000","0.000","0.000","0.000","0.000","0.000","0.000"
"Cash Flow from Others","-","-","-","-","-","-","-","-","-","-","-","-","-","-","-","-","-","-0.001","0.007","0.018","0.132","","-","-","-","-","-","-","-","-","-","-","-","-","-","-","-","-","-","-","-","-","-","-","-","-","-","-","-","-","-","-","-","-","-","-","-","-","-","-","-","-","-","-","-","-","-","-","-","-","-","-","-","-","-","-","-","-","-","-","-","-","-","-","-","-","-","-","-","-","0.221","-0.009","-0.011","-0.005","0.161","0.000","0.000","0.018","0.000","0.000","0.114","0.000"
"Cash Flow from Operations","-","-","-","-","-","-","-","-","-","-","-","-","-","-","-","-","-","0.614","12.893","9.562","-6.997","","-","-","-","-","-","-","-","-","-","-","-","-","-","-","-","-","-","-","-","-","-","-","-","-","-","-","-","-","-","-","-","-","-","-","-","-","-","-","-","-","-","-","-","-","-","-","-","-","-","-","-","-","-","-","-","-","-","-","-","-","-","-","-","-","-","-","-","-","-0.014","-0.052","-0.160","-0.273","13.378","4.601","9.910","-2.235","-2.714","-1.531","0.983","-3.735"
"Purchase Of Property, Plant, Equipment","-","-","-","-","-","-","-","-","-","-","-","-","-","-","-","-","-","-0.265","-0.277","-0.353","-0.140","","-","-","-","-","-","-","-","-","-","-","-","-","-","-","-","-","-","-","-","-","-","-","-","-","-","-","-","-","-","-","-","-","-","-","-","-","-","-","-","-","-","-","-","-","-","-","-","-","-","-","-","-","-","-","-","-","-","-","-","-","-","-","-","-","-","-","-","-","-0.125","0.000","0.000","0.000","0.000","-0.085","-0.118","-0.196","0.046","-0.128","0.007","-0.065"
"Sale Of Property, Plant, Equipment","-","-","-","-","-","-","-","-","-","-","-","-","-","-","-","-","-","0.013","0.159","0.158","0.000","","-","-","-","-","-","-","-","-","-","-","-","-","-","-","-","-","-","-","-","-","-","-","-","-","-","-","-","-","-","-","-","-","-","-","-","-","-","-","-","-","-","-","-","-","-","-","-","-","-","-","-","-","-","-","-","-","-","-","-","-","-","-","-","-","-","-","-","-","0.000","0.000","0.000","0.000","0.000","0.000","0.000","0.000","0.000","0.000","0.000","0.000"
"Purchase Of Business","-","-","-","-","-","-","-","-","-","-","-","-","-","-","-","-","-","0.000","0.000","0.000","0.000","","-","-","-","-","-","-","-","-","-","-","-","-","-","-","-","-","-","-","-","-","-","-","-","-","-","-","-","-","-","-","-","-","-","-","-","-","-","-","-","-","-","-","-","-","-","-","-","-","-","-","-","-","-","-","-","-","-","-","-","-","-","-","-","-","-","-","-","-","0.000","0.000","0.000","0.000","0.000","0.000","0.000","0.000","0.000","0.000","0.000","0.000"
"Sale Of Business","-","-","-","-","-","-","-","-","-","-","-","-","-","-","-","-","-","0.000","0.000","0.000","0.000","","-","-","-","-","-","-","-","-","-","-","-","-","-","-","-","-","-","-","-","-","-","-","-","-","-","-","-","-","-","-","-","-","-","-","-","-","-","-","-","-","-","-","-","-","-","-","-","-","-","-","-","-","-","-","-","-","-","-","-","-","-","-","-","-","-","-","-","-","0.000","0.000","0.000","0.000","0.000","0.000","0.000","0.000","0.000","0.000","0.000","0.000"
"Purchase Of Investment","-","-","-","-","-","-","-","-","-","-","-","-","-","-","-","-","-","0.000","-487.944","0.000","0.000","","-","-","-","-","-","-","-","-","-","-","-","-","-","-","-","-","-","-","-","-","-","-","-","-","-","-","-","-","-","-","-","-","-","-","-","-","-","-","-","-","-","-","-","-","-","-","-","-","-","-","-","-","-","-","-","-","-","-","-","-","-","-","-","-","-","-","-","-","-81.305","-81.305","0.000","-162.654","-243.985","0.000","0.000","0.000","0.000","0.000","0.000","0.000"
"Sale Of Investment","-","-","-","-","-","-","-","-","-","-","-","-","-","-","-","-","-","0.000","487.944","0.000","0.000","","-","-","-","-","-","-","-","-","-","-","-","-","-","-","-","-","-","-","-","-","-","-","-","-","-","-","-","-","-","-","-","-","-","-","-","-","-","-","-","-","-","-","-","-","-","-","-","-","-","-","-","-","-","-","-","-","-","-","-","-","-","-","-","-","-","-","-","-","0.000","81.305","0.000","162.654","243.985","0.000","0.000","0.000","0.000","0.000","0.000","0.000"
"Net Intangibles Purchase And Sale","-","-","-","-","-","-","-","-","-","-","-","-","-","-","-","-","-","0.000","0.000","0.000","0.000","","-","-","-","-","-","-","-","-","-","-","-","-","-","-","-","-","-","-","-","-","-","-","-","-","-","-","-","-","-","-","-","-","-","-","-","-","-","-","-","-","-","-","-","-","-","-","-","-","-","-","-","-","-","-","-","-","-","-","-","-","-","-","-","-","-","-","-","-","0.000","0.000","0.000","0.000","0.000","0.000","0.000","0.000","0.000","0.000","0.000","0.000"
"Cash From Discontinued Investing Activities","-","-","-","-","-","-","-","-","-","-","-","-","-","-","-","-","-","0.000","0.000","0.000","0.000","","-","-","-","-","-","-","-","-","-","-","-","-","-","-","-","-","-","-","-","-","-","-","-","-","-","-","-","-","-","-","-","-","-","-","-","-","-","-","-","-","-","-","-","-","-","-","-","-","-","-","-","-","-","-","-","-","-","-","-","-","-","-","-","-","-","-","-","-","0.000","0.000","0.000","0.000","0.000","0.000","0.000","0.000","0.000","0.000","0.000","0.000"
"Cash From Other Investing Activities","-","-","-","-","-","-","-","-","-","-","-","-","-","-","-","-","-","-0.209","-0.500","0.709","0.867","","-","-","-","-","-","-","-","-","-","-","-","-","-","-","-","-","-","-","-","-","-","-","-","-","-","-","-","-","-","-","-","-","-","-","-","-","-","-","-","-","-","-","-","-","-","-","-","-","-","-","-","-","-","-","-","-","-","-","-","-","-","-","-","-","-","-","-","-","0.125","0.000","0.000","0.000","0.000","0.000","0.000","0.215","0.652","0.000","0.000","0.000"
"Cash Flow from Investing","-","-","-","-","-","-","-","-","-","-","-","-","-","-","-","-","-","-0.461","-0.618","0.514","0.512","","-","-","-","-","-","-","-","-","-","-","-","-","-","-","-","-","-","-","-","-","-","-","-","-","-","-","-","-","-","-","-","-","-","-","-","-","-","-","-","-","-","-","-","-","-","-","-","-","-","-","-","-","-","-","-","-","-","-","-","-","-","-","-","-","-","-","-","-","-81.305","0.000","0.000","0.000","0.000","-0.085","-0.118","0.019","0.698","-0.128","0.007","-0.065"
"Issuance of Stock","-","-","-","-","-","-","-","-","-","-","-","-","-","-","-","-","-","0.000","0.000","0.000","0.000","","-","-","-","-","-","-","-","-","-","-","-","-","-","-","-","-","-","-","-","-","-","-","-","-","-","-","-","-","-","-","-","-","-","-","-","-","-","-","-","-","-","-","-","-","-","-","-","-","-","-","-","-","-","-","-","-","-","-","-","-","-","-","-","-","-","-","-","-","0.025","0.000","0.000","0.000","0.000","0.000","0.000","0.000","0.000","0.000","0.000","0.000"
"Repurchase of Stock","-","-","-","-","-","-","-","-","-","-","-","-","-","-","-","-","-","0.000","0.000","0.000","0.000","","-","-","-","-","-","-","-","-","-","-","-","-","-","-","-","-","-","-","-","-","-","-","-","-","-","-","-","-","-","-","-","-","-","-","-","-","-","-","-","-","-","-","-","-","-","-","-","-","-","-","-","-","-","-","-","-","-","-","-","-","-","-","-","-","-","-","-","-","77.376","0.000","0.000","0.000","0.000","0.000","0.000","0.000","0.000","0.000","0.000","0.000"
"Net Issuance of Preferred Stock","-","-","-","-","-","-","-","-","-","-","-","-","-","-","-","-","-","0.000","0.000","0.000","0.000","","-","-","-","-","-","-","-","-","-","-","-","-","-","-","-","-","-","-","-","-","-","-","-","-","-","-","-","-","-","-","-","-","-","-","-","-","-","-","-","-","-","-","-","-","-","-","-","-","-","-","-","-","-","-","-","-","-","-","-","-","-","-","-","-","-","-","-","-","0.000","0.000","0.000","0.000","0.000","0.000","0.000","0.000","0.000","0.000","0.000","0.000"
"Net Issuance of Debt","-","-","-","-","-","-","-","-","-","-","-","-","-","-","-","-","-","0.000","0.000","0.000","0.000","","-","-","-","-","-","-","-","-","-","-","-","-","-","-","-","-","-","-","-","-","-","-","-","-","-","-","-","-","-","-","-","-","-","-","-","-","-","-","-","-","-","-","-","-","-","-","-","-","-","-","-","-","-","-","-","-","-","-","-","-","-","-","-","-","-","-","-","-","0.000","0.000","0.000","0.000","0.000","0.000","0.000","0.000","0.000","0.000","0.000","0.000"
"Cash Flow for Dividends","-","-","-","-","-","-","-","-","-","-","-","-","-","-","-","-","-","-0.231","-0.817","-14.951","-8.475","","-","-","-","-","-","-","-","-","-","-","-","-","-","-","-","-","-","-","-","-","-","-","-","-","-","-","-","-","-","-","-","-","-","-","-","-","-","-","-","-","-","-","-","-","-","-","-","-","-","-","-","-","-","-","-","-","-","-","-","-","-","-","-","-","-","-","-","-","0.000","0.000","0.000","0.000","0.000","-0.304","-6.172","0.312","-8.787","0.000","0.000","0.000"
"Other Financing","-","-","-","-","-","-","-","-","-","-","-","-","-","-","-","-","-","-0.300","-0.125","18.995","18.995","","-","-","-","-","-","-","-","-","-","-","-","-","-","-","-","-","-","-","-","-","-","-","-","-","-","-","-","-","-","-","-","-","-","-","-","-","-","-","-","-","-","-","-","-","-","-","-","-","-","-","-","-","-","-","-","-","-","-","-","-","-","-","-","-","-","-","-","-","4.722","0.000","0.000","0.000","0.000","0.000","0.000","-0.541","19.536","0.000","0.000","0.000"
"Cash Flow from Financing","-","-","-","-","-","-","-","-","-","-","-","-","-","-","-","-","-","-0.531","-0.942","4.044","8.840","","-","-","-","-","-","-","-","-","-","-","-","-","-","-","-","-","-","-","-","-","-","-","-","-","-","-","-","-","-","-","-","-","-","-","-","-","-","-","-","-","-","-","-","-","-","-","-","-","-","-","-","-","-","-","-","-","-","-","-","-","-","-","-","-","-","-","-","-","82.123","-0.046","0.000","0.000","0.000","-0.304","-6.172","-0.229","10.749","0.000","-3.403","1.494"
"Net Change in Cash","-","-","-","-","-","-","-","-","-","-","-","-","-","-","-","-","-","-0.378","11.333","14.120","2.355","","-","-","-","-","-","-","-","-","-","-","-","-","-","-","-","-","-","-","-","-","-","-","-","-","-","-","-","-","-","-","-","-","-","-","-","-","-","-","-","-","-","-","-","-","-","-","-","-","-","-","-","-","-","-","-","-","-","-","-","-","-","-","-","-","-","-","-","-","0.804","-0.099","-0.160","-0.273","11.865","4.212","3.620","-2.445","8.733","-1.659","-2.413","-2.306"
"Capital Expenditure","-","-","-","-","-","-","-","-","-","-","-","-","-","-","-","-","-","-0.265","-0.277","-0.353","-0.140","","-","-","-","-","-","-","-","-","-","-","-","-","-","-","-","-","-","-","-","-","-","-","-","-","-","-","-","-","-","-","-","-","-","-","-","-","-","-","-","-","-","-","-","-","-","-","-","-","-","-","-","-","-","-","-","-","-","-","-","-","-","-","-","-","-","-","-","-","-0.125","0.000","0.000","0.000","0.000","-0.085","-0.118","-0.196","0.046","-0.128","0.007","-0.065"
"Free Cash Flow","-","-","-","-","-","-","-","-","-","-","-","-","-","-","-","-","-","0.349","12.616","9.209","-7.137","","-","-","-","-","-","-","-","-","-","-","-","-","-","-","-","-","-","-","-","-","-","-","-","-","-","-","-","-","-","-","-","-","-","-","-","-","-","-","-","-","-","-","-","-","-","-","-","-","-","-","-","-","-","-","-","-","-","-","-","-","-","-","-","-","-","-","-","-","-0.139","0.000","0.000","0.000","0.000","4.516","9.792","-2.431","-2.668","-1.659","0.990","-3.800"
"PE Ratio(TTM)","-","-","-","-","-","-","-","-","-","-","-","-","-","-","-","-","-","0.000","82.500","16.500","0.000","","-","-","-","-","-","-","-","-","-","-","-","-","-","-","-","-","-","-","-","-","-","-","-","-","-","-","-","-","-","-","-","-","-","-","-","-","-","-","-","-","-","-","-","-","-","-","-","-","-","-","-","-","-","-","-","-","-","-","-","-","-","-","-","-","-","-","-","-","0.000","0.000","0.000","0.000","82.500","21.850","12.760","10.200","16.500","18.240","0.000","0.000"
"Price to Owner Earnings (TTM)","","","","","","","","","","","","","","","","","","0.000","0.000","0.000","","","","","","","","","","","","","","","","","","","","","","","","","","","","","","","","","","","","","","","","","","","","","","","","","","","","","","","","","","","","","","","","","","","","","","","","","","","","0.000","0.000","0.000","0.000","0.000","0.000","0.000"
"Price to Book","-","-","-","-","-","-","-","-","-","-","-","-","-","-","-","-","-","0.000","60.370","14.370","6.390","","-","-","-","-","-","-","-","-","-","-","-","-","-","-","-","-","-","-","-","-","-","-","-","-","-","-","-","-","-","-","-","-","-","-","-","-","-","-","-","-","-","-","-","-","-","-","-","-","-","-","-","-","-","-","-","-","-","-","-","-","-","-","-","-","-","-","-","-","0.000","20.250","20.550","20.610","60.370","21.160","20.950","21.050","14.370","8.950","6.870","7.180"
"Price to Tangible Book","-","-","-","-","-","-","-","-","-","-","-","-","-","-","-","-","-","0.000","60.370","14.370","6.390","","-","-","-","-","-","-","-","-","-","-","-","-","-","-","-","-","-","-","-","-","-","-","-","-","-","-","-","-","-","-","-","-","-","-","-","-","-","-","-","-","-","-","-","-","-","-","-","-","-","-","-","-","-","-","-","-","-","-","-","-","-","-","-","-","-","-","-","-","0.000","20.250","20.550","20.610","60.370","21.160","20.950","21.050","14.370","8.950","6.870","7.180"
"Price-to-Free-Cash-Flow Ratio","-","-","-","-","-","-","-","-","-","-","-","-","-","-","-","-","-","0.000","19.298","26.470","0.000","","-","-","-","-","-","-","-","-","-","-","-","-","-","-","-","-","-","-","-","-","-","-","-","-","-","-","-","-","-","-","-","-","-","-","-","-","-","-","-","-","-","-","-","-","-","-","-","-","-","-","-","-","-","-","-","-","-","-","-","-","-","-","-","-","-","-","-","-","0.000","0.000","0.000","0.000","0.000","54.620","17.100","20.700","26.470","50.410","0.000","0.000"
"Price-to-Operating-Cash-Flow Ratio","-","-","-","-","-","-","-","-","-","-","-","-","-","-","-","-","-","0.000","26.190","25.450","0.000","","-","-","-","-","-","-","-","-","-","-","-","-","-","-","-","-","-","-","-","-","-","-","-","-","-","-","-","-","-","-","-","-","-","-","-","-","-","-","-","-","-","-","-","-","-","-","-","-","-","-","-","-","-","-","-","-","-","-","-","-","-","-","-","-","-","-","-","-","0.000","0.000","0.000","0.000","26.190","17.240","9.560","9.590","25.450","44.290","0.000","0.000"
"PS Ratio","-","-","-","-","-","-","-","-","-","-","-","-","-","-","-","-","-","0.000","11.353","4.670","5.280","","-","-","-","-","-","-","-","-","-","-","-","-","-","-","-","-","-","-","-","-","-","-","-","-","-","-","-","-","-","-","-","-","-","-","-","-","-","-","-","-","-","-","-","-","-","-","-","-","-","-","-","-","-","-","-","-","-","-","-","-","-","-","-","-","-","-","-","-","0.000","0.000","0.000","0.000","0.000","12.360","5.940","4.900","4.670","3.950","5.220","5.930"
"PEG Ratio","","","","","","","","","","","","","","","","","","0.000","0.000","0.000","","","","","","","","","","","","","","","","","","","","","","","","","","","","","","","","","","","","","","","","","","","","","","","","","","","","","","","","","","","","","","","","","","","","","","","","","","","","0.000","0.000","0.000","0.000","0.000","0.000","0.000"
"EV-to-Revenue","-","-","-","-","-","-","-","-","-","-","-","-","-","-","-","-","-","0.000","4.315","4.390","4.310","","-","-","-","-","-","-","-","-","-","-","-","-","-","-","-","-","-","-","-","-","-","-","-","-","-","-","-","-","-","-","-","-","-","-","-","-","-","-","-","-","-","-","-","-","-","-","-","-","-","-","-","-","-","-","-","-","-","-","-","-","-","-","-","-","-","-","-","-","0.000","0.000","0.000","0.000","0.000","5.300","2.550","2.100","4.390","3.430","4.190","4.870"
"EV-to-EBITDA","-","-","-","-","-","-","-","-","-","-","-","-","-","-","-","-","-","0.000","23.470","12.730","-18.930","","-","-","-","-","-","-","-","-","-","-","-","-","-","-","-","-","-","-","-","-","-","-","-","-","-","-","-","-","-","-","-","-","-","-","-","-","-","-","-","-","-","-","-","-","-","-","-","-","-","-","-","-","-","-","-","-","-","-","-","-","-","-","-","-","-","-","-","-","0.000","0.000","0.000","0.000","23.470","9.050","5.370","4.580","12.730","11.470","103.950","-21.410"
"EV-to-EBIT","-","-","-","-","-","-","-","-","-","-","-","-","-","-","-","-","-","0.000","23.470","12.820","-18.100","","-","-","-","-","-","-","-","-","-","-","-","-","-","-","-","-","-","-","-","-","-","-","-","-","-","-","-","-","-","-","-","-","-","-","-","-","-","-","-","-","-","-","-","-","-","-","-","-","-","-","-","-","-","-","-","-","-","-","-","-","-","-","-","-","-","-","-","-","0.000","0.000","0.000","0.000","23.470","9.070","5.390","4.600","12.820","11.600","128.690","-20.470"
"Earnings Yield (Joel Greenblatt)","-","-","-","-","-","-","-","-","-","-","-","-","-","-","-","-","-","0.000","4.260","7.800","-5.500","","-","-","-","-","-","-","-","-","-","-","-","-","-","-","-","-","-","-","-","-","-","-","-","-","-","-","-","-","-","-","-","-","-","-","-","-","-","-","-","-","-","-","-","-","-","-","-","-","-","-","-","-","-","-","-","-","-","-","-","-","-","-","-","-","-","-","-","-","0.000","0.000","0.000","0.000","4.260","11.030","18.550","21.740","7.800","8.620","0.780","-4.890"
"Forward Rate of Return","-","-","-","-","-","-","-","-","-","-","-","-","-","-","-","-","-","0.000","0.000","0.000","0.000","","-","-","-","-","-","-","-","-","-","-","-","-","-","-","-","-","-","-","-","-","-","-","-","-","-","-","-","-","-","-","-","-","-","-","-","-","-","-","-","-","-","-","-","-","-","-","-","-","-","-","-","-","-","-","-","-","-","-","-","-","-","-","-","-","-","-","-","-","0.000","0.000","0.000","0.000","0.000","0.000","0.000","0.000","0.000","0.000","0.000","0.000"
"Shiller PE Ratio","-","-","-","-","-","-","-","-","-","-","-","-","-","-","-","-","-","0.000","0.000","0.000","0.000","","-","-","-","-","-","-","-","-","-","-","-","-","-","-","-","-","-","-","-","-","-","-","-","-","-","-","-","-","-","-","-","-","-","-","-","-","-","-","-","-","-","-","-","-","-","-","-","-","-","-","-","-","-","-","-","-","-","-","-","-","-","-","-","-","-","-","-","-","0.000","0.000","0.000","0.000","0.000","0.000","0.000","0.000","0.000","0.000","0.000","0.000"
"Market Cap","-","-","-","-","-","-","-","-","-","-","-","-","-","-","-","-","-","0.000","104.247","255.024","88.090","","-","-","-","-","-","-","-","-","-","-","-","-","-","-","-","-","-","-","-","-","-","-","-","-","-","-","-","-","-","-","-","-","-","-","-","-","-","-","-","-","-","-","-","-","-","-","-","-","-","-","-","-","-","-","-","-","-","-","-","-","-","-","-","-","-","-","-","-","0.000","101.299","102.773","103.089","104.247","105.827","104.774","105.300","255.024","156.736","99.098","97.075"
"Enterprise Value","-","-","-","-","-","-","-","-","-","-","-","-","-","-","-","-","-","0.000","92.538","229.195","68.639","","-","-","-","-","-","-","-","-","-","-","-","-","-","-","-","-","-","-","-","-","-","-","-","-","-","-","-","-","-","-","-","-","-","-","-","-","-","-","-","-","-","-","-","-","-","-","-","-","-","-","-","-","-","-","-","-","-","-","-","-","-","-","-","-","-","-","-","-","0.000","100.594","102.228","102.817","92.538","105.889","104.905","105.602","229.195","132.566","77.341","77.624"
"Net Cash (per share)","-","-","-","-","-","-","-","-","-","-","-","-","-","-","-","-","-","-3.100","-0.100","-0.120","-0.190","","-","-","-","-","-","-","-","-","-","-","-","-","-","-","-","-","-","-","-","-","-","-","-","-","-","-","-","-","-","-","-","-","-","-","-","-","-","-","-","-","-","-","-","-","-","-","-","-","-","-","-","-","-","-","-","-","-","-","-","-","-","-","-","-","-","-","-","-","0.000","-7.250","-7.250","-7.250","-0.100","-7.250","-7.250","-7.250","-0.120","-0.050","-0.110","-0.190"
"Net Current Asset Value (per share)","-","-","-","-","-","-","-","-","-","-","-","-","-","-","-","-","-","-3.100","0.080","0.190","0.030","","-","-","-","-","-","-","-","-","-","-","-","-","-","-","-","-","-","-","-","-","-","-","-","-","-","-","-","-","-","-","-","-","-","-","-","-","-","-","-","-","-","-","-","-","-","-","-","-","-","-","-","-","-","-","-","-","-","-","-","-","-","-","-","-","-","-","-","-","0.000","-7.250","-7.250","-7.250","0.080","-7.250","-7.250","-7.250","0.190","0.180","0.070","0.030"
"Net-Net Working Capital (per share)","-","-","-","-","-","-","-","-","-","-","-","-","-","-","-","-","-","-3.100","-0.090","0.020","-0.060","","-","-","-","-","-","-","-","-","-","-","-","-","-","-","-","-","-","-","-","-","-","-","-","-","-","-","-","-","-","-","-","-","-","-","-","-","-","-","-","-","-","-","-","-","-","-","-","-","-","-","-","-","-","-","-","-","-","-","-","-","-","-","-","-","-","-","-","-","0.000","-7.250","-7.250","-7.250","-0.090","-7.250","-7.250","-7.250","0.020","0.080","-0.010","-0.060"
"Projected FCF (per share)","-","-","-","-","-","-","-","-","-","-","-","-","-","-","-","-","-","0.000","0.000","0.000","0.000","","-","-","-","-","-","-","-","-","-","-","-","-","-","-","-","-","-","-","-","-","-","-","-","-","-","-","-","-","-","-","-","-","-","-","-","-","-","-","-","-","-","-","-","-","-","-","-","-","-","-","-","-","-","-","-","-","-","-","-","-","-","-","-","-","-","-","-","-","0.000","0.000","0.000","0.000","0.000","0.000","0.000","0.000","0.000","0.000","0.000","0.000"
"Median PS (per share)","-","-","-","-","-","-","-","-","-","-","-","-","-","-","-","-","-","0.000","0.000","10.500","3.210","","-","-","-","-","-","-","-","-","-","-","-","-","-","-","-","-","-","-","-","-","-","-","-","-","-","-","-","-","-","-","-","-","-","-","-","-","-","-","-","-","-","-","-","-","-","-","-","-","-","-","-","-","-","-","-","-","-","-","-","-","-","-","-","-","-","-","-","-","0.000","0.000","0.000","0.000","0.000","4.020","8.290","10.100","10.500","7.780","3.720","3.210"
"Peter Lynch Fair Value (per share)","-","-","-","-","-","-","-","-","-","-","-","-","-","-","-","-","-","0.000","0.000","0.000","0.000","","-","-","-","-","-","-","-","-","-","-","-","-","-","-","-","-","-","-","-","-","-","-","-","-","-","-","-","-","-","-","-","-","-","-","-","-","-","-","-","-","-","-","-","-","-","-","-","-","-","-","-","-","-","-","-","-","-","-","-","-","-","-","-","-","-","-","-","-","0.000","0.000","0.000","0.000","0.000","0.000","0.000","0.000","0.000","0.000","0.000","0.000"
"Graham Number (per share)","-","-","-","-","-","-","-","-","-","-","-","-","-","-","-","-","-","0.000","0.690","3.050","0.000","","-","-","-","-","-","-","-","-","-","-","-","-","-","-","-","-","-","-","-","-","-","-","-","-","-","-","-","-","-","-","-","-","-","-","-","-","-","-","-","-","-","-","-","-","-","-","-","-","-","-","-","-","-","-","-","-","-","-","-","-","-","-","-","-","-","-","-","-","0.000","0.000","0.000","0.000","0.670","2.220","2.890","3.240","3.050","2.300","0.000","0.000"
"Earnings Power Value (EPV)","-","-","-","-","-","-","-","-","-","-","-","-","-","-","-","-","-","0.000","0.000","0.000","0.000","","-","-","-","-","-","-","-","-","-","-","-","-","-","-","-","-","-","-","-","-","-","-","-","-","-","-","-","-","-","-","-","-","-","-","-","-","-","-","-","-","-","-","-","-","-","-","-","-","-","-","-","-","-","-","-","-","-","-","-","-","-","-","-","-","-","-","-","-","0.000","0.000","0.000","0.000","0.000","0.000","0.000","0.000","0.000","0.000","0.000","0.000"
"Altman Z-Score","-","-","-","-","-","-","-","-","-","-","-","-","-","-","-","-","-","0.000","6.130","8.110","2.490","","-","-","-","-","-","-","-","-","-","-","-","-","-","-","-","-","-","-","-","-","-","-","-","-","-","-","-","-","-","-","-","-","-","-","-","-","-","-","-","-","-","-","-","-","-","-","-","-","-","-","-","-","-","-","-","-","-","-","-","-","-","-","-","-","-","-","-","-","0.000","0.000","0.000","0.000","6.130","1.530","2.080","2.330","8.110","5.920","3.250","2.720"
"Piotroski F-Score","-","-","-","-","-","-","-","-","-","-","-","-","-","-","-","-","-","0.000","0.000","0.000","3.000","","-","-","-","-","-","-","-","-","-","-","-","-","-","-","-","-","-","-","-","-","-","-","-","-","-","-","-","-","-","-","-","-","-","-","-","-","-","-","-","-","-","-","-","-","-","-","-","-","-","-","-","-","-","-","-","-","-","-","-","-","-","-","-","-","-","-","-","-","0.000","0.000","0.000","0.000","0.000","0.000","0.000","0.000","0.000","7.000","3.000","3.000"
"Beneish M-Score","-","-","-","-","-","-","-","-","-","-","-","-","-","-","-","-","-","0.000","0.000","0.000","-9.800","","-","-","-","-","-","-","-","-","-","-","-","-","-","-","-","-","-","-","-","-","-","-","-","-","-","-","-","-","-","-","-","-","-","-","-","-","-","-","-","-","-","-","-","-","-","-","-","-","-","-","-","-","-","-","-","-","-","-","-","-","-","-","-","-","-","-","-","-","0.000","0.000","0.000","0.000","0.000","0.000","0.000","0.000","0.000","-15.730","-12.640","-9.800"
"Scaled Net Operating Assets","-","-","-","-","-","-","-","-","-","-","-","-","-","-","-","-","-","0.051","-0.122","-0.559","-0.152","","-","-","-","-","-","-","-","-","-","-","-","-","-","-","-","-","-","-","-","-","-","-","-","-","-","-","-","-","-","-","-","-","-","-","-","-","-","-","-","-","-","-","-","-","-","-","-","-","-","-","-","-","-","-","-","-","-","-","-","-","-","-","-","-","-","-","-","-","0.000","0.000","0.054","0.058","-0.122","0.350","0.063","0.065","-0.099","-0.143","-0.171","-0.152"
"Sloan Ratio (%)","-","-","-","-","-","-","-","-","-","-","-","-","-","-","-","-","-","-0.530","-63.320","10.040","4.990","","-","-","-","-","-","-","-","-","-","-","-","-","-","-","-","-","-","-","-","-","-","-","-","-","-","-","-","-","-","-","-","-","-","-","-","-","-","-","-","-","-","-","-","-","-","-","-","-","-","-","-","-","-","-","-","-","-","-","-","-","-","-","-","-","-","-","-","-","0.000","0.000","0.000","0.000","-67.600","-9.770","-14.220","-8.030","10.040","10.420","10.420","4.990"
"Current Ratio","-","-","-","-","-","-","-","-","-","-","-","-","-","-","-","-","-","41.450","1.090","2.040","2.090","","-","-","-","-","-","-","-","-","-","-","-","-","-","-","-","-","-","-","-","-","-","-","-","-","-","-","-","-","-","-","-","-","-","-","-","-","-","-","-","-","-","-","-","-","-","-","-","-","-","-","-","-","-","-","-","-","-","-","-","-","-","-","-","-","-","-","-","-","0.000","3.430","2.030","1.260","1.090","0.030","0.100","0.040","2.040","2.300","2.140","2.090"
"Quick Ratio","-","-","-","-","-","-","-","-","-","-","-","-","-","-","-","-","-","41.450","1.090","1.950","1.950","","-","-","-","-","-","-","-","-","-","-","-","-","-","-","-","-","-","-","-","-","-","-","-","-","-","-","-","-","-","-","-","-","-","-","-","-","-","-","-","-","-","-","-","-","-","-","-","-","-","-","-","-","-","-","-","-","-","-","-","-","-","-","-","-","-","-","-","-","0.000","3.430","2.030","1.260","1.090","0.030","0.100","0.040","1.950","2.300","2.000","1.950"
"Highest Stock Price","-","-","-","-","-","-","-","-","-","-","-","-","-","-","-","-","-","0.000","9.930","10.100","9.690","","-","-","-","-","-","-","-","-","-","-","-","-","-","-","-","-","-","-","-","-","-","-","-","-","-","-","-","-","-","-","-","-","-","-","-","-","-","-","-","-","-","-","-","-","-","-","-","-","-","-","-","-","-","-","-","-","-","-","-","-","-","-","-","-","-","-","-","-","0.000","10.000","9.800","9.820","9.930","10.050","11.000","10.100","10.100","10.160","7.460","5.560"
"Lowest Stock Price","-","-","-","-","-","-","-","-","-","-","-","-","-","-","-","-","-","0.000","0.000","9.000","2.520","","-","-","-","-","-","-","-","-","-","-","-","-","-","-","-","-","-","-","-","-","-","-","-","-","-","-","-","-","-","-","-","-","-","-","-","-","-","-","-","-","-","-","-","-","-","-","-","-","-","-","-","-","-","-","-","-","-","-","-","-","-","-","-","-","-","-","-","-","0.000","0.000","9.630","9.740","9.690","9.770","9.850","9.950","9.000","6.020","2.700","3.710"
"Shares Buyback Ratio (%)","-","-","-","-","-","-","-","-","-","-","-","-","-","-","-","-","-","0.000","57.170","-144.630","-140.080","","-","-","-","-","-","-","-","-","-","-","-","-","-","-","-","-","-","-","-","-","-","-","-","-","-","-","-","-","-","-","-","-","-","-","-","-","-","-","-","-","-","-","-","-","-","-","-","-","-","-","-","-","-","-","-","-","-","-","-","-","-","-","-","-","-","-","-","-","0.000","57.170","0.000","0.000","0.000","0.000","0.000","0.000","-144.630","1.860","0.000","0.000"
"YoY Rev. per Sh. Growth (%)","-","-","-","-","-","-","-","-","-","-","-","-","-","-","-","-","-","0.000","263.330","143.230","-68.250","","-","-","-","-","-","-","-","-","-","-","-","-","-","-","-","-","-","-","-","-","-","-","-","-","-","-","-","-","-","-","-","-","-","-","-","-","-","-","-","-","-","-","-","-","-","-","-","-","-","-","-","-","-","-","-","-","-","-","-","-","-","-","-","-","-","-","-","-","0.000","0.000","0.000","0.000","0.000","0.000","0.000","0.000","0.000","-67.650","-95.240","-28.070"
"YoY EPS Growth (%)","-","-","-","-","-","-","-","-","-","-","-","-","-","-","-","-","-","0.000","1,400.000","361.540","-120.410","","-","-","-","-","-","-","-","-","-","-","-","-","-","-","-","-","-","-","-","-","-","-","-","-","-","-","-","-","-","-","-","-","-","-","-","-","-","-","-","-","-","-","-","-","-","-","-","-","-","-","-","-","-","-","-","-","-","-","-","-","-","-","-","-","-","-","-","-","0.000","0.000","0.000","0.000","0.000","377.780","457.140","250.000","-105.560","-104.000","-152.000","-133.330"
"YoY EBITDA Growth (%)","-","-","-","-","-","-","-","-","-","-","-","-","-","-","-","-","-","0.000","2,666.670","340.960","-115.690","","-","-","-","-","-","-","-","-","-","-","-","-","-","-","-","-","-","-","-","-","-","-","-","-","-","-","-","-","-","-","-","-","-","-","-","-","-","-","-","-","-","-","-","-","-","-","-","-","-","-","-","-","-","-","-","-","-","-","-","-","-","-","-","-","-","-","-","-","0.000","0.000","0.000","0.000","0.000","442.700","518.920","270.510","-107.940","-85.900","-141.940","-133.830"
"EBITDA 5-Y Growth (%)","-","-","-","-","-","-","-","-","-","-","-","-","-","-","-","-","-","0.000","0.000","0.000","0.000","","-","-","-","-","-","-","-","-","-","-","-","-","-","-","-","-","-","-","-","-","-","-","-","-","-","-","-","-","-","-","-","-","-","-","-","-","-","-","-","-","-","-","-","-","-","-","-","-","-","-","-","-","-","-","-","-","-","-","-","-","-","-","-","-","-","-","-","-","0.000","0.000","0.000","0.000","0.000","0.000","0.000","0.000","0.000","0.000","0.000","0.000"
"Shares Outstanding (Basic Average)","-","-","-","-","-","-","-","-","-","-","-","-","-","-","-","-","-","24.583","24.583","24.583","24.583","","-","-","-","-","-","-","-","-","-","-","-","-","-","-","-","-","-","-","-","-","-","-","-","-","-","-","-","-","-","-","-","-","-","-","-","-","-","-","-","-","-","-","-","-","-","-","-","-","-","-","-","-","-","-","-","-","-","-","-","-","-","-","-","-","-","-","-","-","24.583","2.900","2.929","2.949","24.583","24.583","24.583","24.583","24.583","24.583","24.583","24.583"
"Shares Outstanding (EOP)","-","-","-","-","-","-","-","-","-","-","-","-","-","-","-","-","-","24.583","10.530","25.760","25.760","","-","-","-","-","-","-","-","-","-","-","-","-","-","-","-","-","-","-","-","-","-","-","-","-","-","-","-","-","-","-","-","-","-","-","-","-","-","-","-","-","-","-","-","-","-","-","-","-","-","-","-","-","-","-","-","-","-","-","-","-","-","-","-","-","-","-","-","-","24.583","10.530","10.530","10.530","10.530","10.530","10.530","10.530","25.760","25.280","25.280","25.280"
"Beta","-","-","-","-","-","-","-","-","-","-","-","-","-","-","-","-","-","0.000","0.000","0.000","0.000","","-","-","-","-","-","-","-","-","-","-","-","-","-","-","-","-","-","-","-","-","-","-","-","-","-","-","-","-","-","-","-","-","-","-","-","-","-","-","-","-","-","-","-","-","-","-","-","-","-","-","-","-","-","-","-","-","-","-","-","-","-","-","-","-","-","-","-","-","0.000","0.000","0.000","0.000","0.000","0.000","0.000","0.000","0.000","0.000","0.000","0.000"
"Filing Date","-","-","-","-","-","-","-","-","-","-","-","-","-","-","-","-","-","03/28/14","03/03/15","05/02/16","","","-","-","-","-","-","-","-","-","-","-","-","-","-","-","-","-","-","-","-","-","-","-","-","-","-","-","-","-","-","-","-","-","-","-","-","-","-","-","-","-","-","-","-","-","-","-","-","-","-","-","-","-","-","-","-","-","-","-","-","-","-","-","-","-","-","-","-","-","03/28/14","05/15/14","08/13/14","11/14/14","03/03/15","05/15/15","08/14/15","11/13/15","05/02/16","06/06/16","08/15/16","11/15/16"
"Restated Filing Date","-","-","-","-","-","-","-","-","-","-","-","-","-","-","-","-","-","05/02/16","05/02/16","08/15/16","","","-","-","-","-","-","-","-","-","-","-","-","-","-","-","-","-","-","-","-","-","-","-","-","-","-","-","-","-","-","-","-","-","-","-","-","-","-","-","-","-","-","-","-","-","-","-","-","-","-","-","-","-","-","-","-","-","-","-","-","-","-","-","-","-","-","-","-","-","05/02/16","05/15/15","08/14/15","11/13/15","05/02/16","06/06/16","08/15/16","11/15/16","08/15/16","06/06/16","08/15/16","11/15/16"
