Downloaded from http://www.GuruFocus.com on 2017-01-14 at 16:34(CST), Saturday
Filename: NAS:AAPC.csv
Change log: Jan. 4  2017: Add 'Dividend Yield %' under 'Shiller PE Ratio' in 'Valuation Ratios' section.   Sep. 26  2016: Add 'Scaled Net Operating Assets' under 'Beneish M-Score' in 'Valuation and Quality' section.   Aug. 10  2016: Change 'LT Debt to Total Asset' to 'Total Debt to Total Asset'.   Jul. 29  2016: Add 'Effective Interest Rate on Debt %' below 'Weighted Average Cost Of Capital (WACC) %'.   Jul. 18  2016: Change 'Long-Term Debt' name to 'Long-Term Debt & Capital Lease Obligation'. Add 'Long-Term Debt' above 'Long-Term Debt & Capital Lease Obligation'. Move 'Capital Lease Obligation' in between 'Long-Term Debt' and 'Long-Term Debt & Capital Lease Obligation'.  May. 19  2016: Change 'Gross Margin %' to 'Net Interest Margin (Bank Only) %' for banks and insuance companies.   May. 13  2016: Add 'Current Ratio' below 'Sloan Ratio'. Add 'Quick Ratio' below 'Current Ratio'. Add 'Gross Profit to Total Asset' below 'LT Debt to Total Asset'.  Apr. 15  2016: Add 'Owner Earnings per Share (ttm)' below 'eps without NRI'. Add 'Price to Owner Earnings (ttm)' below 'PE Ratio (ttm)'.   Feb 12  2016: Change 'Filing Date' name to 'Restated Filing Date'. Add new 'Filing Date' above 'Restated Filing Date'. Remove 'Cumulative Effect Of Accounting Change' from Cashflow Statement (under Net Income).   Jan 28  2016: Add 'Total Debt per share' below 'Tangible Book per share'.   Jan 20  2016: Add 'Price-to-Operating-Cash-Flow ratio' below 'Price-to-Free-Cash-Flow ratio'.   Jan 18  2016: Add 'Net-Net Working Capital (per share)' below 'Net Current Asset Value (per share)'.  

NAS:AAPC,Atlantic Alliance Partnership Corp,USA,Industrials,Conglomerates,ConglomeratesConglomerates
Key Statistics:
"Price ($)","9.62"
"Market Cap ($ Million)","35.470"
"Shares Outstanding ($ Million)","3.69"
"P/E","0.00"
"P/B","20.00"
"P/S","0.00"

Growth Rates:
"Annual Rates (per share)","10 yrs","5 yrs","12 months"
"Revenue Growth (%)","0.00","0.00","0.00"
"EBITDA  Growth (%)","0.00","0.00","0.00"
"Free Cash Flow Growth (%)","0.00","0.00","0.00"
"Book Value Growth (%)","0.00","0.00","0.00"

20 Year Financials of NAS:AAPC - Atlantic Alliance Partnership Corp10 Year Financials of NAS:AAPC - Atlantic Alliance Partnership Corp

All Numbers are in Millions except per share data and ratios

Annual Data:,,,,,,,,,,,,,,,,,,,,,,,Quarterly Data:
"Fiscal Period","199612","199712","199812","199912","200012","200112","200212","200312","200412","200512","200612","200712","200812","200912","201012","201112","201212","201312","201412","201512","TTM/current",",","199701","199704","199707","199710","199801","199804","199807","199810","199901","199904","199907","199910","200001","200004","200007","200010","200101","200104","200107","200110","200201","200204","200207","200210","200301","200304","200307","200310","200401","200404","200407","200410","200501","200504","200507","200510","200601","200604","200607","200610","200701","200704","200707","200710","200801","200804","200807","200810","200901","200904","200907","200910","201001","201004","201007","201010","201101","201104","201107","201110","201201","201204","201207","201210","201301","201304","201307","201310","201401","201404","201407","201410","201501","201503","201506","201509","201512","201603","201606","201609"
"Revenue per Share","-","-","-","-","-","-","-","-","-","-","-","-","-","-","-","-","-","-","-","0.000","0.000","","-","-","-","-","-","-","-","-","-","-","-","-","-","-","-","-","-","-","-","-","-","-","-","-","-","-","-","-","-","-","-","-","-","-","-","-","-","-","-","-","-","-","-","-","-","-","-","-","-","-","-","-","-","-","-","-","-","-","-","-","-","-","-","-","-","-","-","-","-","-","-","-","0.000","0.000","0.000","0.000","0.000","0.000","0.000","0.000"
"EBITDA per Share","-","-","-","-","-","-","-","-","-","-","-","-","-","-","-","-","-","-","-","-0.094","-0.849","","-","-","-","-","-","-","-","-","-","-","-","-","-","-","-","-","-","-","-","-","-","-","-","-","-","-","-","-","-","-","-","-","-","-","-","-","-","-","-","-","-","-","-","-","-","-","-","-","-","-","-","-","-","-","-","-","-","-","-","-","-","-","-","-","-","-","-","-","-","-","-","-","0.000","0.000","-0.025","-0.029","-0.034","-0.094","-0.359","-0.362"
"EBIT per Share","-","-","-","-","-","-","-","-","-","-","-","-","-","-","-","-","-","-","-","-0.094","-0.849","","-","-","-","-","-","-","-","-","-","-","-","-","-","-","-","-","-","-","-","-","-","-","-","-","-","-","-","-","-","-","-","-","-","-","-","-","-","-","-","-","-","-","-","-","-","-","-","-","-","-","-","-","-","-","-","-","-","-","-","-","-","-","-","-","-","-","-","-","-","-","-","-","0.000","0.000","-0.025","-0.029","-0.034","-0.094","-0.359","-0.362"
"Earnings per Share (diluted)","-","-","-","-","-","-","-","-","-","-","-","-","-","-","-","-","-","-","-","-0.080","-0.810","","-","-","-","-","-","-","-","-","-","-","-","-","-","-","-","-","-","-","-","-","-","-","-","-","-","-","-","-","-","-","-","-","-","-","-","-","-","-","-","-","-","-","-","-","-","-","-","-","-","-","-","-","-","-","-","-","-","-","-","-","-","-","-","-","-","-","-","-","-","-","-","-","0.000","0.000","-0.020","-0.020","-0.030","-0.090","-0.340","-0.350"
"eps without NRI","-","-","-","-","-","-","-","-","-","-","-","-","-","-","-","-","-","-","-","-0.080","-0.810","","-","-","-","-","-","-","-","-","-","-","-","-","-","-","-","-","-","-","-","-","-","-","-","-","-","-","-","-","-","-","-","-","-","-","-","-","-","-","-","-","-","-","-","-","-","-","-","-","-","-","-","-","-","-","-","-","-","-","-","-","-","-","-","-","-","-","-","-","-","-","-","-","0.000","0.000","-0.020","-0.020","-0.030","-0.090","-0.340","-0.350"
"Owner Earnings per Share (TTM)","-","-","-","-","-","-","-","-","-","-","-","-","-","-","-","-","-","-","-","0.000","0.000","","-","-","-","-","-","-","-","-","-","-","-","-","-","-","-","-","-","-","-","-","-","-","-","-","-","-","-","-","-","-","-","-","-","-","-","-","-","-","-","-","-","-","-","-","-","-","-","-","-","-","-","-","-","-","-","-","-","-","-","-","-","-","-","-","-","-","-","-","-","-","-","-","0.000","0.000","0.000","0.000","0.000","0.000","0.000","0.000"
"Free Cashflow per Share","","","","","","","","","","","","","","","","","","","","","","","","","","","","","","","","","","","","","","","","","","","","","","","","","","","","","","","","","","","","","","","","","","","","","","","","","","","","","","","","","","","","","","","","","","","","","","","","","","","","","",""
"Dividends per Share","-","-","-","-","-","-","-","-","-","-","-","-","-","-","-","-","-","-","-","0.000","0.000","","-","-","-","-","-","-","-","-","-","-","-","-","-","-","-","-","-","-","-","-","-","-","-","-","-","-","-","-","-","-","-","-","-","-","-","-","-","-","-","-","-","-","-","-","-","-","-","-","-","-","-","-","-","-","-","-","-","-","-","-","-","-","-","-","-","-","-","-","-","-","-","-","0.000","0.000","0.000","0.000","0.000","0.000","0.000","0.000"
"Book Value per Share","-","-","-","-","-","-","-","-","-","-","-","-","-","-","-","-","-","-","-","0.481","0.481","","-","-","-","-","-","-","-","-","-","-","-","-","-","-","-","-","-","-","-","-","-","-","-","-","-","-","-","-","-","-","-","-","-","-","-","-","-","-","-","-","-","-","-","-","-","-","-","-","-","-","-","-","-","-","-","-","-","-","-","-","-","-","-","-","-","-","-","-","-","-","-","-","0.002","0.002","0.481","0.481","0.481","0.481","0.481","0.481"
"Tangible Book per Share","-","-","-","-","-","-","-","-","-","-","-","-","-","-","-","-","-","-","-","0.481","0.481","","-","-","-","-","-","-","-","-","-","-","-","-","-","-","-","-","-","-","-","-","-","-","-","-","-","-","-","-","-","-","-","-","-","-","-","-","-","-","-","-","-","-","-","-","-","-","-","-","-","-","-","-","-","-","-","-","-","-","-","-","-","-","-","-","-","-","-","-","-","-","-","-","0.002","0.002","0.481","0.481","0.481","0.481","0.481","0.481"
"Total Debt per Share","-","-","-","-","-","-","-","-","-","-","-","-","-","-","-","-","-","-","-","0.000","0.000","","-","-","-","-","-","-","-","-","-","-","-","-","-","-","-","-","-","-","-","-","-","-","-","-","-","-","-","-","-","-","-","-","-","-","-","-","-","-","-","-","-","-","-","-","-","-","-","-","-","-","-","-","-","-","-","-","-","-","-","-","-","-","-","-","-","-","-","-","-","-","-","-","0.000","0.000","0.000","0.000","0.000","0.000","0.000","0.000"
"Month End Stock Price","-","-","-","-","-","-","-","-","-","-","-","-","-","-","-","-","-","-","-","10.110","9.620","","-","-","-","-","-","-","-","-","-","-","-","-","-","-","-","-","-","-","-","-","-","-","-","-","-","-","-","-","-","-","-","-","-","-","-","-","-","-","-","-","-","-","-","-","-","-","-","-","-","-","-","-","-","-","-","-","-","-","-","-","-","-","-","-","-","-","-","-","-","-","-","-","0.000","0.000","10.180","10.150","10.110","10.430","10.390","10.500"
"Return on Equity %","-","-","-","-","-","-","-","-","-","-","-","-","-","-","-","-","-","-","-","-4.520","-55.280","","-","-","-","-","-","-","-","-","-","-","-","-","-","-","-","-","-","-","-","-","-","-","-","-","-","-","-","-","-","-","-","-","-","-","-","-","-","-","-","-","-","-","-","-","-","-","-","-","-","-","-","-","-","-","-","-","-","-","-","-","-","-","-","-","-","-","-","-","-","-","-","-","0.000","-54.550","-9.400","-6.640","-6.400","-23.120","-94.000","-97.600"
"Return on Assets %","-","-","-","-","-","-","-","-","-","-","-","-","-","-","-","-","-","-","-","-0.280","-3.400","","-","-","-","-","-","-","-","-","-","-","-","-","-","-","-","-","-","-","-","-","-","-","-","-","-","-","-","-","-","-","-","-","-","-","-","-","-","-","-","-","-","-","-","-","-","-","-","-","-","-","-","-","-","-","-","-","-","-","-","-","-","-","-","-","-","-","-","-","-","-","-","-","0.000","-12.060","-0.580","-0.410","-0.390","-1.420","-5.780","-6.010"
"Return on Capital  - Joel Greenblatt %","","","","","","","","","","","","","","","","","","","","","","","","","","","","","","","","","","","","","","","","","","","","","","","","","","","","","","","","","","","","","","","","","","","","","","","","","","","","","","","","","","","","","","","","","","","","","","","","","","","","","",""
"Return on Invested Capital %","-","-","-","-","-","-","-","-","-","-","-","-","-","-","-","-","-","-","-","-5.860","-61.130","","-","-","-","-","-","-","-","-","-","-","-","-","-","-","-","-","-","-","-","-","-","-","-","-","-","-","-","-","-","-","-","-","-","-","-","-","-","-","-","-","-","-","-","-","-","-","-","-","-","-","-","-","-","-","-","-","-","-","-","-","-","-","-","-","-","-","-","-","-","-","-","-","0.000","-266.670","-12.200","-8.670","-8.640","-27.120","-101.850","-103.090"
"Weighted Average Cost Of Capital (WACC) %","-","-","-","-","-","-","-","-","-","-","-","-","-","-","-","-","-","-","-","0.000","0.000","","-","-","-","-","-","-","-","-","-","-","-","-","-","-","-","-","-","-","-","-","-","-","-","-","-","-","-","-","-","-","-","-","-","-","-","-","-","-","-","-","-","-","-","-","-","-","-","-","-","-","-","-","-","-","-","-","-","-","-","-","-","-","-","-","-","-","-","-","-","-","-","-","0.000","0.000","0.000","0.000","0.000","0.000","0.000","0.000"
"Effective Interest Rate on Debt %","","","","","","","","","","","","","","","","","","","","","","","","","","","","","","","","","","","","","","","","","","","","","","","","","","","","","","","","","","","","","","","","","","","","","","","","","","","","","","","","","","","","","","","","","","","","","","","","","","","","","",""
"Gross Margin %","","","","","","","","","","","","","","","","","","","","","","","","","","","","","","","","","","","","","","","","","","","","","","","","","","","","","","","","","","","","","","","","","","","","","","","","","","","","","","","","","","","","","","","","","","","","","","","","","","","","","",""
"Operating Margin %","","","","","","","","","","","","","","","","","","","","","","","","","","","","","","","","","","","","","","","","","","","","","","","","","","","","","","","","","","","","","","","","","","","","","","","","","","","","","","","","","","","","","","","","","","","","","","","","","","","","","",""
"Net Margin %","","","","","","","","","","","","","","","","","","","","","","","","","","","","","","","","","","","","","","","","","","","","","","","","","","","","","","","","","","","","","","","","","","","","","","","","","","","","","","","","","","","","","","","","","","","","","","","","","","","","","",""
"FCF Margin %","","","","","","","","","","","","","","","","","","","","","","","","","","","","","","","","","","","","","","","","","","","","","","","","","","","","","","","","","","","","","","","","","","","","","","","","","","","","","","","","","","","","","","","","","","","","","","","","","","","","","",""
"Debt to Equity","-","-","-","-","-","-","-","-","-","-","-","-","-","-","-","-","-","-","-","0.000","0.000","","-","-","-","-","-","-","-","-","-","-","-","-","-","-","-","-","-","-","-","-","-","-","-","-","-","-","-","-","-","-","-","-","-","-","-","-","-","-","-","-","-","-","-","-","-","-","-","-","-","-","-","-","-","-","-","-","-","-","-","-","-","-","-","-","-","-","-","-","-","-","-","-","0.000","0.000","0.000","0.000","0.000","0.000","0.000","0.000"
"Total Equity to Total Asset","","","","","","","","","","","","","","","","","","","","","","","","","","","","","","","","","","","","","","","","","","","","","","","","","","","","","","","","","","","","","","","","","","","","","","","","","","","","","","","","","","","","","","","","","","","","","","","","","","","","","",""
"Total Debt to Total Asset","","","","","","","","","","","","","","","","","","","","","","","","","","","","","","","","","","","","","","","","","","","","","","","","","","","","","","","","","","","","","","","","","","","","","","","","","","","","","","","","","","","","","","","","","","","","","","","","","","","","","",""
"Gross Profit to Total Asset %","-","-","-","-","-","-","-","-","-","-","-","-","-","-","-","-","-","-","-","0.000","0.000","","-","-","-","-","-","-","-","-","-","-","-","-","-","-","-","-","-","-","-","-","-","-","-","-","-","-","-","-","-","-","-","-","-","-","-","-","-","-","-","-","-","-","-","-","-","-","-","-","-","-","-","-","-","-","-","-","-","-","-","-","-","-","-","-","-","-","-","-","-","-","-","-","0.000","0.000","0.000","0.000","0.000","0.000","0.000","0.000"
"Asset Turnover","-","-","-","-","-","-","-","-","-","-","-","-","-","-","-","-","-","-","-","0.000","0.000","","-","-","-","-","-","-","-","-","-","-","-","-","-","-","-","-","-","-","-","-","-","-","-","-","-","-","-","-","-","-","-","-","-","-","-","-","-","-","-","-","-","-","-","-","-","-","-","-","-","-","-","-","-","-","-","-","-","-","-","-","-","-","-","-","-","-","-","-","-","-","-","-","0.000","0.000","0.000","0.000","0.000","0.000","0.000","0.000"
"Dividend Payout Ratio","","","","","","","","","","","","","","","","","","","","","","","","","","","","","","","","","","","","","","","","","","","","","","","","","","","","","","","","","","","","","","","","","","","","","","","","","","","","","","","","","","","","","","","","","","","","","","","","","","","","","",""
"Days Sales Outstanding","","","","","","","","","","","","","","","","","","","","","","","","","","","","","","","","","","","","","","","","","","","","","","","","","","","","","","","","","","","","","","","","","","","","","","","","","","","","","","","","","","","","","","","","","","","","","","","","","","","","","",""
"Days Accounts Payable","","","","","","","","","","","","","","","","","","","","","","","","","","","","","","","","","","","","","","","","","","","","","","","","","","","","","","","","","","","","","","","","","","","","","","","","","","","","","","","","","","","","","","","","","","","","","","","","","","","","","",""
"Days Inventory","","","","","","","","","","","","","","","","","","","","","","","","","","","","","","","","","","","","","","","","","","","","","","","","","","","","","","","","","","","","","","","","","","","","","","","","","","","","","","","","","","","","","","","","","","","","","","","","","","","","","",""
"Cash Conversion Cycle","-","-","-","-","-","-","-","-","-","-","-","-","-","-","-","-","-","-","-","0.000","0.000","","-","-","-","-","-","-","-","-","-","-","-","-","-","-","-","-","-","-","-","-","-","-","-","-","-","-","-","-","-","-","-","-","-","-","-","-","-","-","-","-","-","-","-","-","-","-","-","-","-","-","-","-","-","-","-","-","-","-","-","-","-","-","-","-","-","-","-","-","-","-","-","-","0.000","0.000","0.000","0.000","0.000","0.000","0.000","0.000"
"Inventory Turnover","","","","","","","","","","","","","","","","","","","","","","","","","","","","","","","","","","","","","","","","","","","","","","","","","","","","","","","","","","","","","","","","","","","","","","","","","","","","","","","","","","","","","","","","","","","","","","","","","","","","","",""
"COGS to Revenue","-","-","-","-","-","-","-","-","-","-","-","-","-","-","-","-","-","-","-","0.000","","","-","-","-","-","-","-","-","-","-","-","-","-","-","-","-","-","-","-","-","-","-","-","-","-","-","-","-","-","-","-","-","-","-","-","-","-","-","-","-","-","-","-","-","-","-","-","-","-","-","-","-","-","-","-","-","-","-","-","-","-","-","-","-","-","-","-","-","-","-","-","-","-","0.000","0.000","0.000","0.000","0.000","0.000","0.000","0.000"
"Inventory to Revenue","","","","","","","","","","","","","","","","","","","","","","","","","","","","","","","","","","","","","","","","","","","","","","","","","","","","","","","","","","","","","","","","","","","","","","","","","","","","","","","","","","","","","","","","","","","","","","","","","","","","","",""
"Revenue","-","-","-","-","-","-","-","-","-","-","-","-","-","-","-","-","-","-","-","0.000","0.000","","-","-","-","-","-","-","-","-","-","-","-","-","-","-","-","-","-","-","-","-","-","-","-","-","-","-","-","-","-","-","-","-","-","-","-","-","-","-","-","-","-","-","-","-","-","-","-","-","-","-","-","-","-","-","-","-","-","-","-","-","-","-","-","-","-","-","-","-","-","-","-","-","0.000","0.000","0.000","0.000","0.000","0.000","0.000","0.000"
"Cost of Goods Sold","-","-","-","-","-","-","-","-","-","-","-","-","-","-","-","-","-","-","-","0.000","0.000","","-","-","-","-","-","-","-","-","-","-","-","-","-","-","-","-","-","-","-","-","-","-","-","-","-","-","-","-","-","-","-","-","-","-","-","-","-","-","-","-","-","-","-","-","-","-","-","-","-","-","-","-","-","-","-","-","-","-","-","-","-","-","-","-","-","-","-","-","-","-","-","-","0.000","0.000","0.000","0.000","0.000","0.000","0.000","0.000"
"Gross Profit","-","-","-","-","-","-","-","-","-","-","-","-","-","-","-","-","-","-","-","0.000","0.000","","-","-","-","-","-","-","-","-","-","-","-","-","-","-","-","-","-","-","-","-","-","-","-","-","-","-","-","-","-","-","-","-","-","-","-","-","-","-","-","-","-","-","-","-","-","-","-","-","-","-","-","-","-","-","-","-","-","-","-","-","-","-","-","-","-","-","-","-","-","-","-","-","0.000","0.000","0.000","0.000","0.000","0.000","0.000","0.000"
"Selling, General, & Admin. Expense","-","-","-","-","-","-","-","-","-","-","-","-","-","-","-","-","-","-","-","0.000","2.821","","-","-","-","-","-","-","-","-","-","-","-","-","-","-","-","-","-","-","-","-","-","-","-","-","-","-","-","-","-","-","-","-","-","-","-","-","-","-","-","-","-","-","-","-","-","-","-","-","-","-","-","-","-","-","-","-","-","-","-","-","-","-","-","-","-","-","-","-","-","-","-","-","0.000","0.003","0.069","0.099","0.000","0.317","1.226","1.278"
"Advertising","-","-","-","-","-","-","-","-","-","-","-","-","-","-","-","-","-","-","-","0.000","0.000","","-","-","-","-","-","-","-","-","-","-","-","-","-","-","-","-","-","-","-","-","-","-","-","-","-","-","-","-","-","-","-","-","-","-","-","-","-","-","-","-","-","-","-","-","-","-","-","-","-","-","-","-","-","-","-","-","-","-","-","-","-","-","-","-","-","-","-","-","-","-","-","-","0.000","0.000","0.000","0.000","0.000","0.000","0.000","0.000"
"Research & Development","-","-","-","-","-","-","-","-","-","-","-","-","-","-","-","-","-","-","-","0.000","0.000","","-","-","-","-","-","-","-","-","-","-","-","-","-","-","-","-","-","-","-","-","-","-","-","-","-","-","-","-","-","-","-","-","-","-","-","-","-","-","-","-","-","-","-","-","-","-","-","-","-","-","-","-","-","-","-","-","-","-","-","-","-","-","-","-","-","-","-","-","-","-","-","-","0.000","0.000","0.000","0.000","0.000","0.000","0.000","0.000"
"Other Operating Expense","","","","","","","","","","","","","","","","","","","","","","","","","","","","","","","","","","","","","","","","","","","","","","","","","","","","","","","","","","","","","","","","","","","","","","","","","","","","","","","","","","","","","","","","","","","","","","","","","","","","","",""
"Operating Income","-","-","-","-","-","-","-","-","-","-","-","-","-","-","-","-","-","-","-","-0.272","-2.921","","-","-","-","-","-","-","-","-","-","-","-","-","-","-","-","-","-","-","-","-","-","-","-","-","-","-","-","-","-","-","-","-","-","-","-","-","-","-","-","-","-","-","-","-","-","-","-","-","-","-","-","-","-","-","-","-","-","-","-","-","-","-","-","-","-","-","-","-","-","-","-","-","0.000","-0.003","-0.069","-0.099","-0.100","-0.317","-1.226","-1.278"
"   Interest Income","-","-","-","-","-","-","-","-","-","-","-","-","-","-","-","-","-","-","-","0.035","0.146","","-","-","-","-","-","-","-","-","-","-","-","-","-","-","-","-","-","-","-","-","-","-","-","-","-","-","-","-","-","-","-","-","-","-","-","-","-","-","-","-","-","-","-","-","-","-","-","-","-","-","-","-","-","-","-","-","-","-","-","-","-","-","-","-","-","-","-","-","-","-","-","-","0.000","0.000","0.010","0.016","0.009","0.028","0.051","0.058"
"   Interest Expense","-","-","-","-","-","-","-","-","-","-","-","-","-","-","-","-","-","-","-","0.000","0.000","","-","-","-","-","-","-","-","-","-","-","-","-","-","-","-","-","-","-","-","-","-","-","-","-","-","-","-","-","-","-","-","-","-","-","-","-","-","-","-","-","-","-","-","-","-","-","-","-","-","-","-","-","-","-","-","-","-","-","-","-","-","-","-","-","-","-","-","-","-","-","-","-","0.000","0.000","0.000","0.000","0.000","0.000","0.000","0.000"
"Net Interest Income","-","-","-","-","-","-","-","-","-","-","-","-","-","-","-","-","-","-","-","0.035","0.146","","-","-","-","-","-","-","-","-","-","-","-","-","-","-","-","-","-","-","-","-","-","-","-","-","-","-","-","-","-","-","-","-","-","-","-","-","-","-","-","-","-","-","-","-","-","-","-","-","-","-","-","-","-","-","-","-","-","-","-","-","-","-","-","-","-","-","-","-","-","-","-","-","0.000","0.000","0.010","0.016","0.009","0.028","0.051","0.058"
"Other Income (Expense)","-","-","-","-","-","-","-","-","-","-","-","-","-","-","-","-","-","-","-","0.011","0.011","","-","-","-","-","-","-","-","-","-","-","-","-","-","-","-","-","-","-","-","-","-","-","-","-","-","-","-","-","-","-","-","-","-","-","-","-","-","-","-","-","-","-","-","-","-","-","-","-","-","-","-","-","-","-","-","-","-","-","-","-","-","-","-","-","-","-","-","-","-","-","-","-","0.000","0.000","0.000","0.000","0.011","0.000","0.000","0.000"
"   Other Income (Minority Interest)","-","-","-","-","-","-","-","-","-","-","-","-","-","-","-","-","-","-","-","0.000","0.000","","-","-","-","-","-","-","-","-","-","-","-","-","-","-","-","-","-","-","-","-","-","-","-","-","-","-","-","-","-","-","-","-","-","-","-","-","-","-","-","-","-","-","-","-","-","-","-","-","-","-","-","-","-","-","-","-","-","-","-","-","-","-","-","-","-","-","-","-","-","-","-","-","0.000","0.000","0.000","0.000","0.000","0.000","0.000","0.000"
"Pre-Tax Income","-","-","-","-","-","-","-","-","-","-","-","-","-","-","-","-","-","-","-","-0.226","-2.764","","-","-","-","-","-","-","-","-","-","-","-","-","-","-","-","-","-","-","-","-","-","-","-","-","-","-","-","-","-","-","-","-","-","-","-","-","-","-","-","-","-","-","-","-","-","-","-","-","-","-","-","-","-","-","-","-","-","-","-","-","-","-","-","-","-","-","-","-","-","-","-","-","0.000","-0.003","-0.059","-0.083","-0.080","-0.289","-1.175","-1.220"
"Tax Provision","-","-","-","-","-","-","-","-","-","-","-","-","-","-","-","-","-","-","-","0.000","0.000","","-","-","-","-","-","-","-","-","-","-","-","-","-","-","-","-","-","-","-","-","-","-","-","-","-","-","-","-","-","-","-","-","-","-","-","-","-","-","-","-","-","-","-","-","-","-","-","-","-","-","-","-","-","-","-","-","-","-","-","-","-","-","-","-","-","-","-","-","-","-","-","-","0.000","0.000","0.000","0.000","0.000","0.000","0.000","0.000"
"Tax Rate %","-","-","-","-","-","-","-","-","-","-","-","-","-","-","-","-","-","-","-","0.000","0.000","","-","-","-","-","-","-","-","-","-","-","-","-","-","-","-","-","-","-","-","-","-","-","-","-","-","-","-","-","-","-","-","-","-","-","-","-","-","-","-","-","-","-","-","-","-","-","-","-","-","-","-","-","-","-","-","-","-","-","-","-","-","-","-","-","-","-","-","-","-","-","-","-","0.000","0.000","0.000","0.000","0.000","0.000","0.000","0.000"
"Net Income (Continuing Operations)","-","-","-","-","-","-","-","-","-","-","-","-","-","-","-","-","-","-","-","-0.226","-2.764","","-","-","-","-","-","-","-","-","-","-","-","-","-","-","-","-","-","-","-","-","-","-","-","-","-","-","-","-","-","-","-","-","-","-","-","-","-","-","-","-","-","-","-","-","-","-","-","-","-","-","-","-","-","-","-","-","-","-","-","-","-","-","-","-","-","-","-","-","-","-","-","-","0.000","-0.003","-0.059","-0.083","-0.080","-0.289","-1.175","-1.220"
"Net Income (Discontinued Operations)","-","-","-","-","-","-","-","-","-","-","-","-","-","-","-","-","-","-","-","0.000","0.000","","-","-","-","-","-","-","-","-","-","-","-","-","-","-","-","-","-","-","-","-","-","-","-","-","-","-","-","-","-","-","-","-","-","-","-","-","-","-","-","-","-","-","-","-","-","-","-","-","-","-","-","-","-","-","-","-","-","-","-","-","-","-","-","-","-","-","-","-","-","-","-","-","0.000","0.000","0.000","0.000","0.000","0.000","0.000","0.000"
"Net Income","-","-","-","-","-","-","-","-","-","-","-","-","-","-","-","-","-","-","-","-0.226","-2.764","","-","-","-","-","-","-","-","-","-","-","-","-","-","-","-","-","-","-","-","-","-","-","-","-","-","-","-","-","-","-","-","-","-","-","-","-","-","-","-","-","-","-","-","-","-","-","-","-","-","-","-","-","-","-","-","-","-","-","-","-","-","-","-","-","-","-","-","-","-","-","-","-","0.000","-0.003","-0.059","-0.083","-0.080","-0.289","-1.175","-1.220"
"Preferred dividends","-","-","-","-","-","-","-","-","-","-","-","-","-","-","-","-","-","-","-","0.000","0.000","","-","-","-","-","-","-","-","-","-","-","-","-","-","-","-","-","-","-","-","-","-","-","-","-","-","-","-","-","-","-","-","-","-","-","-","-","-","-","-","-","-","-","-","-","-","-","-","-","-","-","-","-","-","-","-","-","-","-","-","-","-","-","-","-","-","-","-","-","-","-","-","-","0.000","0.000","0.000","0.000","0.000","0.000","0.000","0.000"
"EPS (Basic)","-","-","-","-","-","-","-","-","-","-","-","-","-","-","-","-","-","-","-","-0.080","-0.810","","-","-","-","-","-","-","-","-","-","-","-","-","-","-","-","-","-","-","-","-","-","-","-","-","-","-","-","-","-","-","-","-","-","-","-","-","-","-","-","-","-","-","-","-","-","-","-","-","-","-","-","-","-","-","-","-","-","-","-","-","-","-","-","-","-","-","-","-","-","-","-","-","0.000","0.000","-0.020","-0.020","-0.030","-0.090","-0.340","-0.350"
"EPS (Diluted)","-","-","-","-","-","-","-","-","-","-","-","-","-","-","-","-","-","-","-","-0.080","-0.810","","-","-","-","-","-","-","-","-","-","-","-","-","-","-","-","-","-","-","-","-","-","-","-","-","-","-","-","-","-","-","-","-","-","-","-","-","-","-","-","-","-","-","-","-","-","-","-","-","-","-","-","-","-","-","-","-","-","-","-","-","-","-","-","-","-","-","-","-","-","-","-","-","0.000","0.000","-0.020","-0.020","-0.030","-0.090","-0.340","-0.350"
"Shares Outstanding (Diluted Average)","-","-","-","-","-","-","-","-","-","-","-","-","-","-","-","-","-","-","-","2.902","3.533","","-","-","-","-","-","-","-","-","-","-","-","-","-","-","-","-","-","-","-","-","-","-","-","-","-","-","-","-","-","-","-","-","-","-","-","-","-","-","-","-","-","-","-","-","-","-","-","-","-","-","-","-","-","-","-","-","-","-","-","-","-","-","-","-","-","-","-","-","-","-","-","-","0.000","10.138","2.803","3.363","2.902","3.387","3.417","3.533"
"Depreciation, Depletion and Amortization","-","-","-","-","-","-","-","-","-","-","-","-","-","-","-","-","-","-","-","0.000","0.000","","-","-","-","-","-","-","-","-","-","-","-","-","-","-","-","-","-","-","-","-","-","-","-","-","-","-","-","-","-","-","-","-","-","-","-","-","-","-","-","-","-","-","-","-","-","-","-","-","-","-","-","-","-","-","-","-","-","-","-","-","-","-","-","-","-","-","-","-","-","-","-","-","0.000","0.000","0.000","0.000","0.000","0.000","0.000","0.000"
"EBITDA","-","-","-","-","-","-","-","-","-","-","-","-","-","-","-","-","-","-","-","-0.272","-2.921","","-","-","-","-","-","-","-","-","-","-","-","-","-","-","-","-","-","-","-","-","-","-","-","-","-","-","-","-","-","-","-","-","-","-","-","-","-","-","-","-","-","-","-","-","-","-","-","-","-","-","-","-","-","-","-","-","-","-","-","-","-","-","-","-","-","-","-","-","-","-","-","-","0.000","-0.003","-0.069","-0.099","-0.100","-0.317","-1.226","-1.278"
"  Cash And Cash Equivalents","-","-","-","-","-","-","-","-","-","-","-","-","-","-","-","-","-","-","-","0.357","0.003","","-","-","-","-","-","-","-","-","-","-","-","-","-","-","-","-","-","-","-","-","-","-","-","-","-","-","-","-","-","-","-","-","-","-","-","-","-","-","-","-","-","-","-","-","-","-","-","-","-","-","-","-","-","-","-","-","-","-","-","-","-","-","-","-","-","-","-","-","-","-","-","-","0.025","0.010","0.488","0.380","0.357","0.291","0.079","0.003"
"  Marketable Securities","-","-","-","-","-","-","-","-","-","-","-","-","-","-","-","-","-","-","-","0.000","0.000","","-","-","-","-","-","-","-","-","-","-","-","-","-","-","-","-","-","-","-","-","-","-","-","-","-","-","-","-","-","-","-","-","-","-","-","-","-","-","-","-","-","-","-","-","-","-","-","-","-","-","-","-","-","-","-","-","-","-","-","-","-","-","-","-","-","-","-","-","-","-","-","-","0.000","0.000","0.000","0.000","0.000","0.000","0.000","0.000"
"Cash, Cash Equivalents, Marketable Securities","-","-","-","-","-","-","-","-","-","-","-","-","-","-","-","-","-","-","-","0.357","0.003","","-","-","-","-","-","-","-","-","-","-","-","-","-","-","-","-","-","-","-","-","-","-","-","-","-","-","-","-","-","-","-","-","-","-","-","-","-","-","-","-","-","-","-","-","-","-","-","-","-","-","-","-","-","-","-","-","-","-","-","-","-","-","-","-","-","-","-","-","-","-","-","-","0.025","0.010","0.488","0.380","0.357","0.291","0.079","0.003"
"Accounts Receivable","-","-","-","-","-","-","-","-","-","-","-","-","-","-","-","-","-","-","-","0.000","0.000","","-","-","-","-","-","-","-","-","-","-","-","-","-","-","-","-","-","-","-","-","-","-","-","-","-","-","-","-","-","-","-","-","-","-","-","-","-","-","-","-","-","-","-","-","-","-","-","-","-","-","-","-","-","-","-","-","-","-","-","-","-","-","-","-","-","-","-","-","-","-","-","-","0.000","0.000","0.000","0.000","0.000","0.000","0.000","0.000"
"  Inventories, Raw Materials & Components","-","-","-","-","-","-","-","-","-","-","-","-","-","-","-","-","-","-","-","0.000","0.000","","-","-","-","-","-","-","-","-","-","-","-","-","-","-","-","-","-","-","-","-","-","-","-","-","-","-","-","-","-","-","-","-","-","-","-","-","-","-","-","-","-","-","-","-","-","-","-","-","-","-","-","-","-","-","-","-","-","-","-","-","-","-","-","-","-","-","-","-","-","-","-","-","0.000","0.000","0.000","0.000","0.000","0.000","0.000","0.000"
"  Inventories, Work In Process","-","-","-","-","-","-","-","-","-","-","-","-","-","-","-","-","-","-","-","0.000","0.000","","-","-","-","-","-","-","-","-","-","-","-","-","-","-","-","-","-","-","-","-","-","-","-","-","-","-","-","-","-","-","-","-","-","-","-","-","-","-","-","-","-","-","-","-","-","-","-","-","-","-","-","-","-","-","-","-","-","-","-","-","-","-","-","-","-","-","-","-","-","-","-","-","0.000","0.000","0.000","0.000","0.000","0.000","0.000","0.000"
"  Inventories, Inventories Adjustments","-","-","-","-","-","-","-","-","-","-","-","-","-","-","-","-","-","-","-","0.000","0.000","","-","-","-","-","-","-","-","-","-","-","-","-","-","-","-","-","-","-","-","-","-","-","-","-","-","-","-","-","-","-","-","-","-","-","-","-","-","-","-","-","-","-","-","-","-","-","-","-","-","-","-","-","-","-","-","-","-","-","-","-","-","-","-","-","-","-","-","-","-","-","-","-","0.000","0.000","0.000","0.000","0.000","0.000","0.000","0.000"
"  Inventories, Finished Goods","-","-","-","-","-","-","-","-","-","-","-","-","-","-","-","-","-","-","-","0.000","0.000","","-","-","-","-","-","-","-","-","-","-","-","-","-","-","-","-","-","-","-","-","-","-","-","-","-","-","-","-","-","-","-","-","-","-","-","-","-","-","-","-","-","-","-","-","-","-","-","-","-","-","-","-","-","-","-","-","-","-","-","-","-","-","-","-","-","-","-","-","-","-","-","-","0.000","0.000","0.000","0.000","0.000","0.000","0.000","0.000"
"  Inventories, Other","-","-","-","-","-","-","-","-","-","-","-","-","-","-","-","-","-","-","-","0.000","0.000","","-","-","-","-","-","-","-","-","-","-","-","-","-","-","-","-","-","-","-","-","-","-","-","-","-","-","-","-","-","-","-","-","-","-","-","-","-","-","-","-","-","-","-","-","-","-","-","-","-","-","-","-","-","-","-","-","-","-","-","-","-","-","-","-","-","-","-","-","-","-","-","-","0.000","0.000","0.000","0.000","0.000","0.000","0.000","0.000"
"Total Inventories","-","-","-","-","-","-","-","-","-","-","-","-","-","-","-","-","-","-","-","0.000","0.000","","-","-","-","-","-","-","-","-","-","-","-","-","-","-","-","-","-","-","-","-","-","-","-","-","-","-","-","-","-","-","-","-","-","-","-","-","-","-","-","-","-","-","-","-","-","-","-","-","-","-","-","-","-","-","-","-","-","-","-","-","-","-","-","-","-","-","-","-","-","-","-","-","0.000","0.000","0.000","0.000","0.000","0.000","0.000","0.000"
"Other Current Assets","-","-","-","-","-","-","-","-","-","-","-","-","-","-","-","-","-","-","-","0.158","0.180","","-","-","-","-","-","-","-","-","-","-","-","-","-","-","-","-","-","-","-","-","-","-","-","-","-","-","-","-","-","-","-","-","-","-","-","-","-","-","-","-","-","-","-","-","-","-","-","-","-","-","-","-","-","-","-","-","-","-","-","-","-","-","-","-","-","-","-","-","-","-","-","-","0.000","0.000","0.275","0.216","0.158","0.153","0.387","0.180"
"Total Current Assets","-","-","-","-","-","-","-","-","-","-","-","-","-","-","-","-","-","-","-","0.515","0.183","","-","-","-","-","-","-","-","-","-","-","-","-","-","-","-","-","-","-","-","-","-","-","-","-","-","-","-","-","-","-","-","-","-","-","-","-","-","-","-","-","-","-","-","-","-","-","-","-","-","-","-","-","-","-","-","-","-","-","-","-","-","-","-","-","-","-","-","-","-","-","-","-","0.025","0.010","0.763","0.596","0.515","0.444","0.466","0.183"
"Investments And Advances","-","-","-","-","-","-","-","-","-","-","-","-","-","-","-","-","-","-","-","0.000","0.000","","-","-","-","-","-","-","-","-","-","-","-","-","-","-","-","-","-","-","-","-","-","-","-","-","-","-","-","-","-","-","-","-","-","-","-","-","-","-","-","-","-","-","-","-","-","-","-","-","-","-","-","-","-","-","-","-","-","-","-","-","-","-","-","-","-","-","-","-","-","-","-","-","0.000","0.000","0.000","0.000","0.000","0.000","0.000","0.000"
"  Land And Improvements","-","-","-","-","-","-","-","-","-","-","-","-","-","-","-","-","-","-","-","0.000","0.000","","-","-","-","-","-","-","-","-","-","-","-","-","-","-","-","-","-","-","-","-","-","-","-","-","-","-","-","-","-","-","-","-","-","-","-","-","-","-","-","-","-","-","-","-","-","-","-","-","-","-","-","-","-","-","-","-","-","-","-","-","-","-","-","-","-","-","-","-","-","-","-","-","0.000","0.000","0.000","0.000","0.000","0.000","0.000","0.000"
"  Buildings And Improvements","-","-","-","-","-","-","-","-","-","-","-","-","-","-","-","-","-","-","-","0.000","0.000","","-","-","-","-","-","-","-","-","-","-","-","-","-","-","-","-","-","-","-","-","-","-","-","-","-","-","-","-","-","-","-","-","-","-","-","-","-","-","-","-","-","-","-","-","-","-","-","-","-","-","-","-","-","-","-","-","-","-","-","-","-","-","-","-","-","-","-","-","-","-","-","-","0.000","0.000","0.000","0.000","0.000","0.000","0.000","0.000"
"  Machinery, Furniture, Equipment","-","-","-","-","-","-","-","-","-","-","-","-","-","-","-","-","-","-","-","0.000","0.000","","-","-","-","-","-","-","-","-","-","-","-","-","-","-","-","-","-","-","-","-","-","-","-","-","-","-","-","-","-","-","-","-","-","-","-","-","-","-","-","-","-","-","-","-","-","-","-","-","-","-","-","-","-","-","-","-","-","-","-","-","-","-","-","-","-","-","-","-","-","-","-","-","0.000","0.000","0.000","0.000","0.000","0.000","0.000","0.000"
"  Construction In Progress","-","-","-","-","-","-","-","-","-","-","-","-","-","-","-","-","-","-","-","0.000","0.000","","-","-","-","-","-","-","-","-","-","-","-","-","-","-","-","-","-","-","-","-","-","-","-","-","-","-","-","-","-","-","-","-","-","-","-","-","-","-","-","-","-","-","-","-","-","-","-","-","-","-","-","-","-","-","-","-","-","-","-","-","-","-","-","-","-","-","-","-","-","-","-","-","0.000","0.000","0.000","0.000","0.000","0.000","0.000","0.000"
"Gross Property, Plant and Equipment","-","-","-","-","-","-","-","-","-","-","-","-","-","-","-","-","-","-","-","0.000","0.000","","-","-","-","-","-","-","-","-","-","-","-","-","-","-","-","-","-","-","-","-","-","-","-","-","-","-","-","-","-","-","-","-","-","-","-","-","-","-","-","-","-","-","-","-","-","-","-","-","-","-","-","-","-","-","-","-","-","-","-","-","-","-","-","-","-","-","-","-","-","-","-","-","0.000","0.000","0.000","0.000","0.000","0.000","0.000","0.000"
"  Accumulated Depreciation","-","-","-","-","-","-","-","-","-","-","-","-","-","-","-","-","-","-","-","0.000","0.000","","-","-","-","-","-","-","-","-","-","-","-","-","-","-","-","-","-","-","-","-","-","-","-","-","-","-","-","-","-","-","-","-","-","-","-","-","-","-","-","-","-","-","-","-","-","-","-","-","-","-","-","-","-","-","-","-","-","-","-","-","-","-","-","-","-","-","-","-","-","-","-","-","0.000","0.000","0.000","0.000","0.000","0.000","0.000","0.000"
"Property, Plant and Equipment","-","-","-","-","-","-","-","-","-","-","-","-","-","-","-","-","-","-","-","0.000","0.000","","-","-","-","-","-","-","-","-","-","-","-","-","-","-","-","-","-","-","-","-","-","-","-","-","-","-","-","-","-","-","-","-","-","-","-","-","-","-","-","-","-","-","-","-","-","-","-","-","-","-","-","-","-","-","-","-","-","-","-","-","-","-","-","-","-","-","-","-","-","-","-","-","0.000","0.000","0.000","0.000","0.000","0.000","0.000","0.000"
"Intangible Assets","-","-","-","-","-","-","-","-","-","-","-","-","-","-","-","-","-","-","-","0.000","0.000","","-","-","-","-","-","-","-","-","-","-","-","-","-","-","-","-","-","-","-","-","-","-","-","-","-","-","-","-","-","-","-","-","-","-","-","-","-","-","-","-","-","-","-","-","-","-","-","-","-","-","-","-","-","-","-","-","-","-","-","-","-","-","-","-","-","-","-","-","-","-","-","-","0.000","0.000","0.000","0.000","0.000","0.000","0.000","0.000"
"   Goodwill","-","-","-","-","-","-","-","-","-","-","-","-","-","-","-","-","-","-","-","0.000","0.000","","-","-","-","-","-","-","-","-","-","-","-","-","-","-","-","-","-","-","-","-","-","-","-","-","-","-","-","-","-","-","-","-","-","-","-","-","-","-","-","-","-","-","-","-","-","-","-","-","-","-","-","-","-","-","-","-","-","-","-","-","-","-","-","-","-","-","-","-","-","-","-","-","0.000","0.000","0.000","0.000","0.000","0.000","0.000","0.000"
"Other Long Term Assets","-","-","-","-","-","-","-","-","-","-","-","-","-","-","-","-","-","-","-","80.764","80.902","","-","-","-","-","-","-","-","-","-","-","-","-","-","-","-","-","-","-","-","-","-","-","-","-","-","-","-","-","-","-","-","-","-","-","-","-","-","-","-","-","-","-","-","-","-","-","-","-","-","-","-","-","-","-","-","-","-","-","-","-","-","-","-","-","-","-","-","-","-","-","-","-","0.053","0.111","80.729","80.745","80.764","80.793","80.844","80.902"
"Total Assets","-","-","-","-","-","-","-","-","-","-","-","-","-","-","-","-","-","-","-","81.279","81.085","","-","-","-","-","-","-","-","-","-","-","-","-","-","-","-","-","-","-","-","-","-","-","-","-","-","-","-","-","-","-","-","-","-","-","-","-","-","-","-","-","-","-","-","-","-","-","-","-","-","-","-","-","-","-","-","-","-","-","-","-","-","-","-","-","-","-","-","-","-","-","-","-","0.078","0.121","81.492","81.341","81.279","81.237","81.310","81.085"
"  Accounts Payable","-","-","-","-","-","-","-","-","-","-","-","-","-","-","-","-","-","-","-","0.000","0.000","","-","-","-","-","-","-","-","-","-","-","-","-","-","-","-","-","-","-","-","-","-","-","-","-","-","-","-","-","-","-","-","-","-","-","-","-","-","-","-","-","-","-","-","-","-","-","-","-","-","-","-","-","-","-","-","-","-","-","-","-","-","-","-","-","-","-","-","-","-","-","-","-","0.000","0.000","0.000","0.000","0.000","0.000","0.000","0.000"
"  Total Tax Payable","-","-","-","-","-","-","-","-","-","-","-","-","-","-","-","-","-","-","-","0.000","0.000","","-","-","-","-","-","-","-","-","-","-","-","-","-","-","-","-","-","-","-","-","-","-","-","-","-","-","-","-","-","-","-","-","-","-","-","-","-","-","-","-","-","-","-","-","-","-","-","-","-","-","-","-","-","-","-","-","-","-","-","-","-","-","-","-","-","-","-","-","-","-","-","-","0.000","0.000","0.000","0.000","0.000","0.000","0.000","0.000"
"  Other Accrued Expense","-","-","-","-","-","-","-","-","-","-","-","-","-","-","-","-","-","-","-","0.038","2.007","","-","-","-","-","-","-","-","-","-","-","-","-","-","-","-","-","-","-","-","-","-","-","-","-","-","-","-","-","-","-","-","-","-","-","-","-","-","-","-","-","-","-","-","-","-","-","-","-","-","-","-","-","-","-","-","-","-","-","-","-","-","-","-","-","-","-","-","-","-","-","-","-","0.056","0.099","0.028","0.018","0.038","0.284","1.032","2.007"
"Accounts Payable & Accrued Expense","-","-","-","-","-","-","-","-","-","-","-","-","-","-","-","-","-","-","-","0.038","2.007","","-","-","-","-","-","-","-","-","-","-","-","-","-","-","-","-","-","-","-","-","-","-","-","-","-","-","-","-","-","-","-","-","-","-","-","-","-","-","-","-","-","-","-","-","-","-","-","-","-","-","-","-","-","-","-","-","-","-","-","-","-","-","-","-","-","-","-","-","-","-","-","-","0.056","0.099","0.028","0.018","0.038","0.284","1.032","2.007"
"Current Portion of Long-Term Debt","-","-","-","-","-","-","-","-","-","-","-","-","-","-","-","-","-","-","-","0.000","0.000","","-","-","-","-","-","-","-","-","-","-","-","-","-","-","-","-","-","-","-","-","-","-","-","-","-","-","-","-","-","-","-","-","-","-","-","-","-","-","-","-","-","-","-","-","-","-","-","-","-","-","-","-","-","-","-","-","-","-","-","-","-","-","-","-","-","-","-","-","-","-","-","-","0.000","0.000","0.000","0.000","0.000","0.000","0.000","0.000"
"  Current Deferred Revenue","-","-","-","-","-","-","-","-","-","-","-","-","-","-","-","-","-","-","-","0.000","0.000","","-","-","-","-","-","-","-","-","-","-","-","-","-","-","-","-","-","-","-","-","-","-","-","-","-","-","-","-","-","-","-","-","-","-","-","-","-","-","-","-","-","-","-","-","-","-","-","-","-","-","-","-","-","-","-","-","-","-","-","-","-","-","-","-","-","-","-","-","-","-","-","-","0.000","0.000","0.000","0.000","0.000","0.000","0.000","0.000"
"  Current Deferred Taxes Liabilities","-","-","-","-","-","-","-","-","-","-","-","-","-","-","-","-","-","-","-","0.000","0.000","","-","-","-","-","-","-","-","-","-","-","-","-","-","-","-","-","-","-","-","-","-","-","-","-","-","-","-","-","-","-","-","-","-","-","-","-","-","-","-","-","-","-","-","-","-","-","-","-","-","-","-","-","-","-","-","-","-","-","-","-","-","-","-","-","-","-","-","-","-","-","-","-","0.000","0.000","0.000","0.000","0.000","0.000","0.000","0.000"
"DeferredTaxAndRevenue","-","-","-","-","-","-","-","-","-","-","-","-","-","-","-","-","-","-","-","2.691","2.691","","-","-","-","-","-","-","-","-","-","-","-","-","-","-","-","-","-","-","-","-","-","-","-","-","-","-","-","-","-","-","-","-","-","-","-","-","-","-","-","-","-","-","-","-","-","-","-","-","-","-","-","-","-","-","-","-","-","-","-","-","-","-","-","-","-","-","-","-","-","-","-","-","0.000","0.000","2.691","2.691","2.691","0.000","0.000","2.691"
"Other Current Liabilities","-","-","-","-","-","-","-","-","-","-","-","-","-","-","-","-","-","-","-","-0.001","0.519","","-","-","-","-","-","-","-","-","-","-","-","-","-","-","-","-","-","-","-","-","-","-","-","-","-","-","-","-","-","-","-","-","-","-","-","-","-","-","-","-","-","-","-","-","-","-","-","-","-","-","-","-","-","-","-","-","-","-","-","-","-","-","-","-","-","-","-","-","-","-","-","-","0.000","0.000","-0.001","0.000","-0.001","0.000","0.000","0.519"
"Total Current Liabilities","-","-","-","-","-","-","-","-","-","-","-","-","-","-","-","-","-","-","-","2.728","5.217","","-","-","-","-","-","-","-","-","-","-","-","-","-","-","-","-","-","-","-","-","-","-","-","-","-","-","-","-","-","-","-","-","-","-","-","-","-","-","-","-","-","-","-","-","-","-","-","-","-","-","-","-","-","-","-","-","-","-","-","-","-","-","-","-","-","-","-","-","-","-","-","-","0.056","0.099","2.718","2.709","2.728","0.284","1.032","5.217"
"   Long-Term Debt","-","-","-","-","-","-","-","-","-","-","-","-","-","-","-","-","-","-","-","0.000","0.000","","-","-","-","-","-","-","-","-","-","-","-","-","-","-","-","-","-","-","-","-","-","-","-","-","-","-","-","-","-","-","-","-","-","-","-","-","-","-","-","-","-","-","-","-","-","-","-","-","-","-","-","-","-","-","-","-","-","-","-","-","-","-","-","-","-","-","-","-","-","-","-","-","0.000","0.000","0.000","0.000","0.000","0.000","0.000","0.000"
"   Capital Lease Obligation","-","-","-","-","-","-","-","-","-","-","-","-","-","-","-","-","-","-","-","0.000","0.000","","-","-","-","-","-","-","-","-","-","-","-","-","-","-","-","-","-","-","-","-","-","-","-","-","-","-","-","-","-","-","-","-","-","-","-","-","-","-","-","-","-","-","-","-","-","-","-","-","-","-","-","-","-","-","-","-","-","-","-","-","-","-","-","-","-","-","-","-","-","-","-","-","0.000","0.000","0.000","0.000","0.000","0.000","0.000","0.000"
"Long-Term Debt & Capital Lease Obligation","-","-","-","-","-","-","-","-","-","-","-","-","-","-","-","-","-","-","-","0.000","0.000","","-","-","-","-","-","-","-","-","-","-","-","-","-","-","-","-","-","-","-","-","-","-","-","-","-","-","-","-","-","-","-","-","-","-","-","-","-","-","-","-","-","-","-","-","-","-","-","-","-","-","-","-","-","-","-","-","-","-","-","-","-","-","-","-","-","-","-","-","-","-","-","-","0.000","0.000","0.000","0.000","0.000","0.000","0.000","0.000"
"PensionAndRetirementBenefit","-","-","-","-","-","-","-","-","-","-","-","-","-","-","-","-","-","-","-","0.000","0.000","","-","-","-","-","-","-","-","-","-","-","-","-","-","-","-","-","-","-","-","-","-","-","-","-","-","-","-","-","-","-","-","-","-","-","-","-","-","-","-","-","-","-","-","-","-","-","-","-","-","-","-","-","-","-","-","-","-","-","-","-","-","-","-","-","-","-","-","-","-","-","-","-","0.000","0.000","0.000","0.000","0.000","0.000","0.000","0.000"
"NonCurrent Deferred Liabilities","-","-","-","-","-","-","-","-","-","-","-","-","-","-","-","-","-","-","-","2.691","2.691","","-","-","-","-","-","-","-","-","-","-","-","-","-","-","-","-","-","-","-","-","-","-","-","-","-","-","-","-","-","-","-","-","-","-","-","-","-","-","-","-","-","-","-","-","-","-","-","-","-","-","-","-","-","-","-","-","-","-","-","-","-","-","-","-","-","-","-","-","-","-","-","-","0.000","0.000","0.000","0.000","2.691","2.691","2.691","0.000"
"Minority Interest","-","-","-","-","-","-","-","-","-","-","-","-","-","-","-","-","-","-","-","0.000","0.000","","-","-","-","-","-","-","-","-","-","-","-","-","-","-","-","-","-","-","-","-","-","-","-","-","-","-","-","-","-","-","-","-","-","-","-","-","-","-","-","-","-","-","-","-","-","-","-","-","-","-","-","-","-","-","-","-","-","-","-","-","-","-","-","-","-","-","-","-","-","-","-","-","0.000","0.000","0.000","0.000","0.000","0.000","0.000","0.000"
"Other Long-Term Liabilities","-","-","-","-","-","-","-","-","-","-","-","-","-","-","-","-","-","-","-","70.860","70.868","","-","-","-","-","-","-","-","-","-","-","-","-","-","-","-","-","-","-","-","-","-","-","-","-","-","-","-","-","-","-","-","-","-","-","-","-","-","-","-","-","-","-","-","-","-","-","-","-","-","-","-","-","-","-","-","-","-","-","-","-","-","-","-","-","-","-","-","-","-","-","-","-","0.000","0.000","73.774","73.632","70.860","73.262","72.587","70.868"
"Total Liabilities","-","-","-","-","-","-","-","-","-","-","-","-","-","-","-","-","-","-","-","76.279","76.085","","-","-","-","-","-","-","-","-","-","-","-","-","-","-","-","-","-","-","-","-","-","-","-","-","-","-","-","-","-","-","-","-","-","-","-","-","-","-","-","-","-","-","-","-","-","-","-","-","-","-","-","-","-","-","-","-","-","-","-","-","-","-","-","-","-","-","-","-","-","-","-","-","0.056","0.099","76.492","76.341","76.279","76.237","76.310","76.085"
"Common Stock","-","-","-","-","-","-","-","-","-","-","-","-","-","-","-","-","-","-","-","0.000","0.000","","-","-","-","-","-","-","-","-","-","-","-","-","-","-","-","-","-","-","-","-","-","-","-","-","-","-","-","-","-","-","-","-","-","-","-","-","-","-","-","-","-","-","-","-","-","-","-","-","-","-","-","-","-","-","-","-","-","-","-","-","-","-","-","-","-","-","-","-","-","-","-","-","0.000","0.000","0.000","0.000","0.000","0.000","0.000","0.000"
"Preferred Stock","-","-","-","-","-","-","-","-","-","-","-","-","-","-","-","-","-","-","-","0.000","0.000","","-","-","-","-","-","-","-","-","-","-","-","-","-","-","-","-","-","-","-","-","-","-","-","-","-","-","-","-","-","-","-","-","-","-","-","-","-","-","-","-","-","-","-","-","-","-","-","-","-","-","-","-","-","-","-","-","-","-","-","-","-","-","-","-","-","-","-","-","-","-","-","-","0.000","0.000","0.000","0.000","0.000","0.000","0.000","0.000"
"Retained Earnings","-","-","-","-","-","-","-","-","-","-","-","-","-","-","-","-","-","-","-","-0.226","-2.909","","-","-","-","-","-","-","-","-","-","-","-","-","-","-","-","-","-","-","-","-","-","-","-","-","-","-","-","-","-","-","-","-","-","-","-","-","-","-","-","-","-","-","-","-","-","-","-","-","-","-","-","-","-","-","-","-","-","-","-","-","-","-","-","-","-","-","-","-","-","-","-","-","-0.003","-0.003","-0.062","-0.146","-0.226","-0.515","-1.690","-2.909"
"Accumulated other comprehensive income (loss)","-","-","-","-","-","-","-","-","-","-","-","-","-","-","-","-","-","-","-","0.000","0.000","","-","-","-","-","-","-","-","-","-","-","-","-","-","-","-","-","-","-","-","-","-","-","-","-","-","-","-","-","-","-","-","-","-","-","-","-","-","-","-","-","-","-","-","-","-","-","-","-","-","-","-","-","-","-","-","-","-","-","-","-","-","-","-","-","-","-","-","-","-","-","-","-","0.000","0.000","0.000","0.000","0.000","0.000","0.000","0.000"
"Additional Paid-In Capital","-","-","-","-","-","-","-","-","-","-","-","-","-","-","-","-","-","-","-","5.226","7.909","","-","-","-","-","-","-","-","-","-","-","-","-","-","-","-","-","-","-","-","-","-","-","-","-","-","-","-","-","-","-","-","-","-","-","-","-","-","-","-","-","-","-","-","-","-","-","-","-","-","-","-","-","-","-","-","-","-","-","-","-","-","-","-","-","-","-","-","-","-","-","-","-","0.025","0.025","5.062","5.146","5.226","5.515","6.690","7.909"
"Treasury Stock","-","-","-","-","-","-","-","-","-","-","-","-","-","-","-","-","-","-","-","0.000","0.000","","-","-","-","-","-","-","-","-","-","-","-","-","-","-","-","-","-","-","-","-","-","-","-","-","-","-","-","-","-","-","-","-","-","-","-","-","-","-","-","-","-","-","-","-","-","-","-","-","-","-","-","-","-","-","-","-","-","-","-","-","-","-","-","-","-","-","-","-","-","-","-","-","0.000","0.000","0.000","0.000","0.000","0.000","0.000","0.000"
"Total Equity","-","-","-","-","-","-","-","-","-","-","-","-","-","-","-","-","-","-","-","5.000","5.000","","-","-","-","-","-","-","-","-","-","-","-","-","-","-","-","-","-","-","-","-","-","-","-","-","-","-","-","-","-","-","-","-","-","-","-","-","-","-","-","-","-","-","-","-","-","-","-","-","-","-","-","-","-","-","-","-","-","-","-","-","-","-","-","-","-","-","-","-","-","-","-","-","0.022","0.022","5.000","5.000","5.000","5.000","5.000","5.000"
"  Net Income","-","-","-","-","-","-","-","-","-","-","-","-","-","-","-","-","-","-","-","-0.226","-2.764","","-","-","-","-","-","-","-","-","-","-","-","-","-","-","-","-","-","-","-","-","-","-","-","-","-","-","-","-","-","-","-","-","-","-","-","-","-","-","-","-","-","-","-","-","-","-","-","-","-","-","-","-","-","-","-","-","-","-","-","-","-","-","-","-","-","-","-","-","-","-","-","-","0.000","-0.003","-0.059","-0.083","-0.080","-0.289","-1.175","-1.220"
"  Net Foreign Currency Exchange Gain","-","-","-","-","-","-","-","-","-","-","-","-","-","-","-","-","-","-","-","0.000","0.000","","-","-","-","-","-","-","-","-","-","-","-","-","-","-","-","-","-","-","-","-","-","-","-","-","-","-","-","-","-","-","-","-","-","-","-","-","-","-","-","-","-","-","-","-","-","-","-","-","-","-","-","-","-","-","-","-","-","-","-","-","-","-","-","-","-","-","-","-","-","-","-","-","0.000","0.000","0.000","0.000","0.000","0.000","0.000","0.000"
"Net Income From Continuing Operations","-","-","-","-","-","-","-","-","-","-","-","-","-","-","-","-","-","-","-","-0.226","-2.764","","-","-","-","-","-","-","-","-","-","-","-","-","-","-","-","-","-","-","-","-","-","-","-","-","-","-","-","-","-","-","-","-","-","-","-","-","-","-","-","-","-","-","-","-","-","-","-","-","-","-","-","-","-","-","-","-","-","-","-","-","-","-","-","-","-","-","-","-","-","-","-","-","0.000","-0.003","-0.059","-0.083","-0.080","-0.289","-1.175","-1.220"
"Depreciation, Depletion and Amortization","-","-","-","-","-","-","-","-","-","-","-","-","-","-","-","-","-","-","-","0.000","0.000","","-","-","-","-","-","-","-","-","-","-","-","-","-","-","-","-","-","-","-","-","-","-","-","-","-","-","-","-","-","-","-","-","-","-","-","-","-","-","-","-","-","-","-","-","-","-","-","-","-","-","-","-","-","-","-","-","-","-","-","-","-","-","-","-","-","-","-","-","-","-","-","-","0.000","0.000","0.000","0.000","0.000","0.000","0.000","0.000"
"  Change In Receivables","-","-","-","-","-","-","-","-","-","-","-","-","-","-","-","-","-","-","-","0.000","0.000","","-","-","-","-","-","-","-","-","-","-","-","-","-","-","-","-","-","-","-","-","-","-","-","-","-","-","-","-","-","-","-","-","-","-","-","-","-","-","-","-","-","-","-","-","-","-","-","-","-","-","-","-","-","-","-","-","-","-","-","-","-","-","-","-","-","-","-","-","-","-","-","-","0.000","0.000","0.000","0.000","0.000","0.000","0.000","0.000"
"  Change In Inventory","-","-","-","-","-","-","-","-","-","-","-","-","-","-","-","-","-","-","-","0.000","0.000","","-","-","-","-","-","-","-","-","-","-","-","-","-","-","-","-","-","-","-","-","-","-","-","-","-","-","-","-","-","-","-","-","-","-","-","-","-","-","-","-","-","-","-","-","-","-","-","-","-","-","-","-","-","-","-","-","-","-","-","-","-","-","-","-","-","-","-","-","-","-","-","-","0.000","0.000","0.000","0.000","0.000","0.000","0.000","0.000"
"  Change In Prepaid Assets","-","-","-","-","-","-","-","-","-","-","-","-","-","-","-","-","-","-","-","-0.158","0.036","","-","-","-","-","-","-","-","-","-","-","-","-","-","-","-","-","-","-","-","-","-","-","-","-","-","-","-","-","-","-","-","-","-","-","-","-","-","-","-","-","-","-","-","-","-","-","-","-","-","-","-","-","-","-","-","-","-","-","-","-","-","-","-","-","-","-","-","-","-","-","-","-","0.000","0.000","-0.276","0.060","0.058","0.005","-0.235","0.208"
"  Change In Payables And Accrued Expense","-","-","-","-","-","-","-","-","-","-","-","-","-","-","-","-","-","-","-","0.038","1.988","","-","-","-","-","-","-","-","-","-","-","-","-","-","-","-","-","-","-","-","-","-","-","-","-","-","-","-","-","-","-","-","-","-","-","-","-","-","-","-","-","-","-","-","-","-","-","-","-","-","-","-","-","-","-","-","-","-","-","-","-","-","-","-","-","-","-","-","-","-","-","-","-","0.000","0.003","0.025","-0.009","0.019","0.247","0.748","0.974"
"Change In Working Capital","-","-","-","-","-","-","-","-","-","-","-","-","-","-","-","-","-","-","-","-0.120","2.024","","-","-","-","-","-","-","-","-","-","-","-","-","-","-","-","-","-","-","-","-","-","-","-","-","-","-","-","-","-","-","-","-","-","-","-","-","-","-","-","-","-","-","-","-","-","-","-","-","-","-","-","-","-","-","-","-","-","-","-","-","-","-","-","-","-","-","-","-","-","-","-","-","0.000","0.003","-0.251","0.051","0.077","0.252","0.513","1.182"
"Change In DeferredTax","-","-","-","-","-","-","-","-","-","-","-","-","-","-","-","-","-","-","-","0.000","0.000","","-","-","-","-","-","-","-","-","-","-","-","-","-","-","-","-","-","-","-","-","-","-","-","-","-","-","-","-","-","-","-","-","-","-","-","-","-","-","-","-","-","-","-","-","-","-","-","-","-","-","-","-","-","-","-","-","-","-","-","-","-","-","-","-","-","-","-","-","-","-","-","-","0.000","0.000","0.000","0.000","0.000","0.000","0.000","0.000"
"Stock Based Compensation","-","-","-","-","-","-","-","-","-","-","-","-","-","-","-","-","-","-","-","0.000","0.000","","-","-","-","-","-","-","-","-","-","-","-","-","-","-","-","-","-","-","-","-","-","-","-","-","-","-","-","-","-","-","-","-","-","-","-","-","-","-","-","-","-","-","-","-","-","-","-","-","-","-","-","-","-","-","-","-","-","-","-","-","-","-","-","-","-","-","-","-","-","-","-","-","0.000","0.000","0.000","0.000","0.000","0.000","0.000","0.000"
"Cash Flow from Discontinued Operations","-","-","-","-","-","-","-","-","-","-","-","-","-","-","-","-","-","-","-","0.000","0.000","","-","-","-","-","-","-","-","-","-","-","-","-","-","-","-","-","-","-","-","-","-","-","-","-","-","-","-","-","-","-","-","-","-","-","-","-","-","-","-","-","-","-","-","-","-","-","-","-","-","-","-","-","-","-","-","-","-","-","-","-","-","-","-","-","-","-","-","-","-","-","-","-","0.000","0.000","0.000","0.000","0.000","0.000","0.000","0.000"
"Cash Flow from Others","-","-","-","-","-","-","-","-","-","-","-","-","-","-","-","-","-","-","-","-0.046","-0.158","","-","-","-","-","-","-","-","-","-","-","-","-","-","-","-","-","-","-","-","-","-","-","-","-","-","-","-","-","-","-","-","-","-","-","-","-","-","-","-","-","-","-","-","-","-","-","-","-","-","-","-","-","-","-","-","-","-","-","-","-","-","-","-","-","-","-","-","-","-","-","-","-","0.000","0.000","-0.010","-0.016","-0.020","-0.029","-0.051","-0.058"
"Cash Flow from Operations","-","-","-","-","-","-","-","-","-","-","-","-","-","-","-","-","-","-","-","-0.392","-0.898","","-","-","-","-","-","-","-","-","-","-","-","-","-","-","-","-","-","-","-","-","-","-","-","-","-","-","-","-","-","-","-","-","-","-","-","-","-","-","-","-","-","-","-","-","-","-","-","-","-","-","-","-","-","-","-","-","-","-","-","-","-","-","-","-","-","-","-","-","-","-","-","-","0.000","0.000","-0.320","-0.048","-0.023","-0.066","-0.713","-0.096"
"Purchase Of Property, Plant, Equipment","-","-","-","-","-","-","-","-","-","-","-","-","-","-","-","-","-","-","-","0.000","0.000","","-","-","-","-","-","-","-","-","-","-","-","-","-","-","-","-","-","-","-","-","-","-","-","-","-","-","-","-","-","-","-","-","-","-","-","-","-","-","-","-","-","-","-","-","-","-","-","-","-","-","-","-","-","-","-","-","-","-","-","-","-","-","-","-","-","-","-","-","-","-","-","-","0.000","0.000","0.000","0.000","0.000","0.000","0.000","0.000"
"Sale Of Property, Plant, Equipment","-","-","-","-","-","-","-","-","-","-","-","-","-","-","-","-","-","-","-","0.000","0.000","","-","-","-","-","-","-","-","-","-","-","-","-","-","-","-","-","-","-","-","-","-","-","-","-","-","-","-","-","-","-","-","-","-","-","-","-","-","-","-","-","-","-","-","-","-","-","-","-","-","-","-","-","-","-","-","-","-","-","-","-","-","-","-","-","-","-","-","-","-","-","-","-","0.000","0.000","0.000","0.000","0.000","0.000","0.000","0.000"
"Purchase Of Business","-","-","-","-","-","-","-","-","-","-","-","-","-","-","-","-","-","-","-","0.000","0.000","","-","-","-","-","-","-","-","-","-","-","-","-","-","-","-","-","-","-","-","-","-","-","-","-","-","-","-","-","-","-","-","-","-","-","-","-","-","-","-","-","-","-","-","-","-","-","-","-","-","-","-","-","-","-","-","-","-","-","-","-","-","-","-","-","-","-","-","-","-","-","-","-","0.000","0.000","0.000","0.000","0.000","0.000","0.000","0.000"
"Sale Of Business","-","-","-","-","-","-","-","-","-","-","-","-","-","-","-","-","-","-","-","0.000","0.000","","-","-","-","-","-","-","-","-","-","-","-","-","-","-","-","-","-","-","-","-","-","-","-","-","-","-","-","-","-","-","-","-","-","-","-","-","-","-","-","-","-","-","-","-","-","-","-","-","-","-","-","-","-","-","-","-","-","-","-","-","-","-","-","-","-","-","-","-","-","-","-","-","0.000","0.000","0.000","0.000","0.000","0.000","0.000","0.000"
"Purchase Of Investment","-","-","-","-","-","-","-","-","-","-","-","-","-","-","-","-","-","-","-","-80.719","0.000","","-","-","-","-","-","-","-","-","-","-","-","-","-","-","-","-","-","-","-","-","-","-","-","-","-","-","-","-","-","-","-","-","-","-","-","-","-","-","-","-","-","-","-","-","-","-","-","-","-","-","-","-","-","-","-","-","-","-","-","-","-","-","-","-","-","-","-","-","-","-","-","-","0.000","0.000","0.000","0.000","0.000","0.000","0.000","0.000"
"Sale Of Investment","-","-","-","-","-","-","-","-","-","-","-","-","-","-","-","-","-","-","-","0.000","0.000","","-","-","-","-","-","-","-","-","-","-","-","-","-","-","-","-","-","-","-","-","-","-","-","-","-","-","-","-","-","-","-","-","-","-","-","-","-","-","-","-","-","-","-","-","-","-","-","-","-","-","-","-","-","-","-","-","-","-","-","-","-","-","-","-","-","-","-","-","-","-","-","-","0.000","0.000","0.000","0.000","0.000","0.000","0.000","0.000"
"Net Intangibles Purchase And Sale","-","-","-","-","-","-","-","-","-","-","-","-","-","-","-","-","-","-","-","0.000","0.000","","-","-","-","-","-","-","-","-","-","-","-","-","-","-","-","-","-","-","-","-","-","-","-","-","-","-","-","-","-","-","-","-","-","-","-","-","-","-","-","-","-","-","-","-","-","-","-","-","-","-","-","-","-","-","-","-","-","-","-","-","-","-","-","-","-","-","-","-","-","-","-","-","0.000","0.000","0.000","0.000","0.000","0.000","0.000","0.000"
"Cash From Discontinued Investing Activities","-","-","-","-","-","-","-","-","-","-","-","-","-","-","-","-","-","-","-","0.000","0.000","","-","-","-","-","-","-","-","-","-","-","-","-","-","-","-","-","-","-","-","-","-","-","-","-","-","-","-","-","-","-","-","-","-","-","-","-","-","-","-","-","-","-","-","-","-","-","-","-","-","-","-","-","-","-","-","-","-","-","-","-","-","-","-","-","-","-","-","-","-","-","-","-","0.000","0.000","0.000","0.000","0.000","0.000","0.000","0.000"
"Cash From Other Investing Activities","-","-","-","-","-","-","-","-","-","-","-","-","-","-","-","-","-","-","-","0.000","0.000","","-","-","-","-","-","-","-","-","-","-","-","-","-","-","-","-","-","-","-","-","-","-","-","-","-","-","-","-","-","-","-","-","-","-","-","-","-","-","-","-","-","-","-","-","-","-","-","-","-","-","-","-","-","-","-","-","-","-","-","-","-","-","-","-","-","-","-","-","-","-","-","-","0.000","0.000","0.000","0.000","0.000","0.000","0.000","0.000"
"Cash Flow from Investing","-","-","-","-","-","-","-","-","-","-","-","-","-","-","-","-","-","-","-","-80.719","0.000","","-","-","-","-","-","-","-","-","-","-","-","-","-","-","-","-","-","-","-","-","-","-","-","-","-","-","-","-","-","-","-","-","-","-","-","-","-","-","-","-","-","-","-","-","-","-","-","-","-","-","-","-","-","-","-","-","-","-","-","-","-","-","-","-","-","-","-","-","-","-","-","-","0.000","0.000","0.000","0.000","0.000","0.000","0.000","0.000"
"Issuance of Stock","-","-","-","-","-","-","-","-","-","-","-","-","-","-","-","-","-","-","-","81.994","0.000","","-","-","-","-","-","-","-","-","-","-","-","-","-","-","-","-","-","-","-","-","-","-","-","-","-","-","-","-","-","-","-","-","-","-","-","-","-","-","-","-","-","-","-","-","-","-","-","-","-","-","-","-","-","-","-","-","-","-","-","-","-","-","-","-","-","-","-","-","-","-","-","-","0.000","0.025","81.969","0.000","0.000","0.000","0.000","0.000"
"Repurchase of Stock","-","-","-","-","-","-","-","-","-","-","-","-","-","-","-","-","-","-","-","0.000","0.000","","-","-","-","-","-","-","-","-","-","-","-","-","-","-","-","-","-","-","-","-","-","-","-","-","-","-","-","-","-","-","-","-","-","-","-","-","-","-","-","-","-","-","-","-","-","-","-","-","-","-","-","-","-","-","-","-","-","-","-","-","-","-","-","-","-","-","-","-","-","-","-","-","0.000","0.000","0.000","0.000","0.000","0.000","0.000","0.000"
"Net Issuance of Preferred Stock","-","-","-","-","-","-","-","-","-","-","-","-","-","-","-","-","-","-","-","0.000","0.000","","-","-","-","-","-","-","-","-","-","-","-","-","-","-","-","-","-","-","-","-","-","-","-","-","-","-","-","-","-","-","-","-","-","-","-","-","-","-","-","-","-","-","-","-","-","-","-","-","-","-","-","-","-","-","-","-","-","-","-","-","-","-","-","-","-","-","-","-","-","-","-","-","0.000","0.000","0.000","0.000","0.000","0.000","0.000","0.000"
"Net Issuance of Debt","-","-","-","-","-","-","-","-","-","-","-","-","-","-","-","-","-","-","-","-0.128","0.000","","-","-","-","-","-","-","-","-","-","-","-","-","-","-","-","-","-","-","-","-","-","-","-","-","-","-","-","-","-","-","-","-","-","-","-","-","-","-","-","-","-","-","-","-","-","-","-","-","-","-","-","-","-","-","-","-","-","-","-","-","-","-","-","-","-","-","-","-","-","-","-","-","0.000","0.000","0.000","0.000","0.000","0.000","0.000","0.000"
"Cash Flow for Dividends","-","-","-","-","-","-","-","-","-","-","-","-","-","-","-","-","-","-","-","0.000","0.000","","-","-","-","-","-","-","-","-","-","-","-","-","-","-","-","-","-","-","-","-","-","-","-","-","-","-","-","-","-","-","-","-","-","-","-","-","-","-","-","-","-","-","-","-","-","-","-","-","-","-","-","-","-","-","-","-","-","-","-","-","-","-","-","-","-","-","-","-","-","-","-","-","0.000","0.000","0.000","0.000","0.000","0.000","0.000","0.000"
"Other Financing","-","-","-","-","-","-","-","-","-","-","-","-","-","-","-","-","-","-","-","-0.398","0.000","","-","-","-","-","-","-","-","-","-","-","-","-","-","-","-","-","-","-","-","-","-","-","-","-","-","-","-","-","-","-","-","-","-","-","-","-","-","-","-","-","-","-","-","-","-","-","-","-","-","-","-","-","-","-","-","-","-","-","-","-","-","-","-","-","-","-","-","-","-","-","-","-","0.000","-0.015","-0.452","0.000","0.000","0.000","0.000","0.000"
"Cash Flow from Financing","-","-","-","-","-","-","-","-","-","-","-","-","-","-","-","-","-","-","-","81.468","0.520","","-","-","-","-","-","-","-","-","-","-","-","-","-","-","-","-","-","-","-","-","-","-","-","-","-","-","-","-","-","-","-","-","-","-","-","-","-","-","-","-","-","-","-","-","-","-","-","-","-","-","-","-","-","-","-","-","-","-","-","-","-","-","-","-","-","-","-","-","-","-","-","-","0.000","0.010","81.517","-0.059","0.000","0.000","0.500","0.020"
"Net Change in Cash","-","-","-","-","-","-","-","-","-","-","-","-","-","-","-","-","-","-","-","0.357","-0.378","","-","-","-","-","-","-","-","-","-","-","-","-","-","-","-","-","-","-","-","-","-","-","-","-","-","-","-","-","-","-","-","-","-","-","-","-","-","-","-","-","-","-","-","-","-","-","-","-","-","-","-","-","-","-","-","-","-","-","-","-","-","-","-","-","-","-","-","-","-","-","-","-","0.000","0.010","0.478","-0.107","-0.023","-0.066","-0.213","-0.076"
"Capital Expenditure","-","-","-","-","-","-","-","-","-","-","-","-","-","-","-","-","-","-","-","0.000","0.000","","-","-","-","-","-","-","-","-","-","-","-","-","-","-","-","-","-","-","-","-","-","-","-","-","-","-","-","-","-","-","-","-","-","-","-","-","-","-","-","-","-","-","-","-","-","-","-","-","-","-","-","-","-","-","-","-","-","-","-","-","-","-","-","-","-","-","-","-","-","-","-","-","0.000","0.000","0.000","0.000","0.000","0.000","0.000","0.000"
"Free Cash Flow","","","","","","","","","","","","","","","","","","","","","","","","","","","","","","","","","","","","","","","","","","","","","","","","","","","","","","","","","","","","","","","","","","","","","","","","","","","","","","","","","","","","","","","","","","","","","","","","","","","","","",""
"PE Ratio(TTM)","","","","","","","","","","","","","","","","","","","","","0.000","","-","-","-","-","-","-","-","-","-","-","-","-","-","-","-","-","-","-","-","-","-","-","-","-","-","-","-","-","-","-","-","-","-","-","-","-","-","-","-","-","-","-","-","-","-","-","-","-","-","-","-","-","-","-","-","-","-","-","-","-","-","-","-","-","-","-","-","-","-","-","-","-","0.000","0.000","0.000","0.000","0.000","0.000","0.000","0.000"
"Price to Owner Earnings (TTM)","","","","","","","","","","","","","","","","","","","","","","","","","","","","","","","","","","","","","","","","","","","","","","","","","","","","","","","","","","","","","","","","","","","","","","","","","","","","","","","","","","","","","","","","","","","","","","","","","","","","","",""
"Price to Book","-","-","-","-","-","-","-","-","-","-","-","-","-","-","-","-","-","-","-","21.020","20.000","","-","-","-","-","-","-","-","-","-","-","-","-","-","-","-","-","-","-","-","-","-","-","-","-","-","-","-","-","-","-","-","-","-","-","-","-","-","-","-","-","-","-","-","-","-","-","-","-","-","-","-","-","-","-","-","-","-","-","-","-","-","-","-","-","-","-","-","-","-","-","-","-","0.000","0.000","21.160","21.100","21.020","21.680","21.600","21.830"
"Price to Tangible Book","-","-","-","-","-","-","-","-","-","-","-","-","-","-","-","-","-","-","-","21.020","20.000","","-","-","-","-","-","-","-","-","-","-","-","-","-","-","-","-","-","-","-","-","-","-","-","-","-","-","-","-","-","-","-","-","-","-","-","-","-","-","-","-","-","-","-","-","-","-","-","-","-","-","-","-","-","-","-","-","-","-","-","-","-","-","-","-","-","-","-","-","-","-","-","-","0.000","0.000","21.160","21.100","21.020","21.680","21.600","21.830"
"Price-to-Free-Cash-Flow Ratio","","","","","","","","","","","","","","","","","","","","","0.000","","-","-","-","-","-","-","-","-","-","-","-","-","-","-","-","-","-","-","-","-","-","-","-","-","-","-","-","-","-","-","-","-","-","-","-","-","-","-","-","-","-","-","-","-","-","-","-","-","-","-","-","-","-","-","-","-","-","-","-","-","-","-","-","-","-","-","-","-","-","-","-","-","0.000","0.000","0.000","0.000","0.000","0.000","0.000","0.000"
"Price-to-Operating-Cash-Flow Ratio","","","","","","","","","","","","","","","","","","","","","0.000","","-","-","-","-","-","-","-","-","-","-","-","-","-","-","-","-","-","-","-","-","-","-","-","-","-","-","-","-","-","-","-","-","-","-","-","-","-","-","-","-","-","-","-","-","-","-","-","-","-","-","-","-","-","-","-","-","-","-","-","-","-","-","-","-","-","-","-","-","-","-","-","-","0.000","0.000","0.000","0.000","0.000","0.000","0.000","0.000"
"PS Ratio","","","","","","","","","","","","","","","","","","","","","0.000","","-","-","-","-","-","-","-","-","-","-","-","-","-","-","-","-","-","-","-","-","-","-","-","-","-","-","-","-","-","-","-","-","-","-","-","-","-","-","-","-","-","-","-","-","-","-","-","-","-","-","-","-","-","-","-","-","-","-","-","-","-","-","-","-","-","-","-","-","-","-","-","-","0.000","0.000","0.000","0.000","0.000","0.000","0.000","0.000"
"PEG Ratio","","","","","","","","","","","","","","","","","","","","","","","","","","","","","","","","","","","","","","","","","","","","","","","","","","","","","","","","","","","","","","","","","","","","","","","","","","","","","","","","","","","","","","","","","","","","","","","","","","","","","",""
"EV-to-Revenue","","","","","","","","","","","","","","","","","","","","","0.000","","-","-","-","-","-","-","-","-","-","-","-","-","-","-","-","-","-","-","-","-","-","-","-","-","-","-","-","-","-","-","-","-","-","-","-","-","-","-","-","-","-","-","-","-","-","-","-","-","-","-","-","-","-","-","-","-","-","-","-","-","-","-","-","-","-","-","-","-","-","-","-","-","0.000","0.000","0.000","0.000","0.000","0.000","0.000","0.000"
"EV-to-EBITDA","-","-","-","-","-","-","-","-","-","-","-","-","-","-","-","-","-","-","-","-386.290","-12.140","","-","-","-","-","-","-","-","-","-","-","-","-","-","-","-","-","-","-","-","-","-","-","-","-","-","-","-","-","-","-","-","-","-","-","-","-","-","-","-","-","-","-","-","-","-","-","-","-","-","-","-","-","-","-","-","-","-","-","-","-","-","-","-","-","-","-","-","-","-","-","-","-","0.000","0.000","0.000","0.000","-386.290","-184.750","-61.920","-37.350"
"EV-to-EBIT","-","-","-","-","-","-","-","-","-","-","-","-","-","-","-","-","-","-","-","-386.290","-12.140","","-","-","-","-","-","-","-","-","-","-","-","-","-","-","-","-","-","-","-","-","-","-","-","-","-","-","-","-","-","-","-","-","-","-","-","-","-","-","-","-","-","-","-","-","-","-","-","-","-","-","-","-","-","-","-","-","-","-","-","-","-","-","-","-","-","-","-","-","-","-","-","-","0.000","0.000","0.000","0.000","-386.290","-184.750","-61.920","-37.350"
"Earnings Yield (Joel Greenblatt)","-","-","-","-","-","-","-","-","-","-","-","-","-","-","-","-","-","-","-","-0.260","-8.200","","-","-","-","-","-","-","-","-","-","-","-","-","-","-","-","-","-","-","-","-","-","-","-","-","-","-","-","-","-","-","-","-","-","-","-","-","-","-","-","-","-","-","-","-","-","-","-","-","-","-","-","-","-","-","-","-","-","-","-","-","-","-","-","-","-","-","-","-","-","-","-","-","0.000","0.000","0.000","0.000","-0.260","-0.540","-1.610","-2.680"
"Forward Rate of Return","-","-","-","-","-","-","-","-","-","-","-","-","-","-","-","-","-","-","-","0.000","0.000","","-","-","-","-","-","-","-","-","-","-","-","-","-","-","-","-","-","-","-","-","-","-","-","-","-","-","-","-","-","-","-","-","-","-","-","-","-","-","-","-","-","-","-","-","-","-","-","-","-","-","-","-","-","-","-","-","-","-","-","-","-","-","-","-","-","-","-","-","-","-","-","-","0.000","0.000","0.000","0.000","0.000","0.000","0.000","0.000"
"Shiller PE Ratio","-","-","-","-","-","-","-","-","-","-","-","-","-","-","-","-","-","-","-","0.000","0.000","","-","-","-","-","-","-","-","-","-","-","-","-","-","-","-","-","-","-","-","-","-","-","-","-","-","-","-","-","-","-","-","-","-","-","-","-","-","-","-","-","-","-","-","-","-","-","-","-","-","-","-","-","-","-","-","-","-","-","-","-","-","-","-","-","-","-","-","-","-","-","-","-","0.000","0.000","0.000","0.000","0.000","0.000","0.000","0.000"
"Market Cap","-","-","-","-","-","-","-","-","-","-","-","-","-","-","-","-","-","-","-","105.043","35.470","","-","-","-","-","-","-","-","-","-","-","-","-","-","-","-","-","-","-","-","-","-","-","-","-","-","-","-","-","-","-","-","-","-","-","-","-","-","-","-","-","-","-","-","-","-","-","-","-","-","-","-","-","-","-","-","-","-","-","-","-","-","-","-","-","-","-","-","-","-","-","-","-","0.000","0.000","105.770","105.459","105.043","108.368","107.952","109.095"
"Enterprise Value","-","-","-","-","-","-","-","-","-","-","-","-","-","-","-","-","-","-","-","104.686","35.467","","-","-","-","-","-","-","-","-","-","-","-","-","-","-","-","-","-","-","-","-","-","-","-","-","-","-","-","-","-","-","-","-","-","-","-","-","-","-","-","-","-","-","-","-","-","-","-","-","-","-","-","-","-","-","-","-","-","-","-","-","-","-","-","-","-","-","-","-","-","-","-","-","0.000","0.000","105.282","105.079","104.686","108.077","107.873","109.092"
"Net Cash (per share)","-","-","-","-","-","-","-","-","-","-","-","-","-","-","-","-","-","-","-","-7.310","-7.320","","-","-","-","-","-","-","-","-","-","-","-","-","-","-","-","-","-","-","-","-","-","-","-","-","-","-","-","-","-","-","-","-","-","-","-","-","-","-","-","-","-","-","-","-","-","-","-","-","-","-","-","-","-","-","-","-","-","-","-","-","-","-","-","-","-","-","-","-","-","-","-","-","0.000","-0.010","-7.320","-7.310","-7.310","-7.310","-7.340","-7.320"
"Net Current Asset Value (per share)","-","-","-","-","-","-","-","-","-","-","-","-","-","-","-","-","-","-","-","-7.290","-7.310","","-","-","-","-","-","-","-","-","-","-","-","-","-","-","-","-","-","-","-","-","-","-","-","-","-","-","-","-","-","-","-","-","-","-","-","-","-","-","-","-","-","-","-","-","-","-","-","-","-","-","-","-","-","-","-","-","-","-","-","-","-","-","-","-","-","-","-","-","-","-","-","-","0.000","-0.010","-7.290","-7.290","-7.290","-7.290","-7.300","-7.310"
"Net-Net Working Capital (per share)","-","-","-","-","-","-","-","-","-","-","-","-","-","-","-","-","-","-","-","-7.310","-7.320","","-","-","-","-","-","-","-","-","-","-","-","-","-","-","-","-","-","-","-","-","-","-","-","-","-","-","-","-","-","-","-","-","-","-","-","-","-","-","-","-","-","-","-","-","-","-","-","-","-","-","-","-","-","-","-","-","-","-","-","-","-","-","-","-","-","-","-","-","-","-","-","-","0.000","-0.010","-7.320","-7.310","-7.310","-7.310","-7.340","-7.320"
"Projected FCF (per share)","-","-","-","-","-","-","-","-","-","-","-","-","-","-","-","-","-","-","-","0.000","0.000","","-","-","-","-","-","-","-","-","-","-","-","-","-","-","-","-","-","-","-","-","-","-","-","-","-","-","-","-","-","-","-","-","-","-","-","-","-","-","-","-","-","-","-","-","-","-","-","-","-","-","-","-","-","-","-","-","-","-","-","-","-","-","-","-","-","-","-","-","-","-","-","-","0.000","0.000","0.000","0.000","0.000","0.000","0.000","0.000"
"Median PS (per share)","-","-","-","-","-","-","-","-","-","-","-","-","-","-","-","-","-","-","-","0.000","0.000","","-","-","-","-","-","-","-","-","-","-","-","-","-","-","-","-","-","-","-","-","-","-","-","-","-","-","-","-","-","-","-","-","-","-","-","-","-","-","-","-","-","-","-","-","-","-","-","-","-","-","-","-","-","-","-","-","-","-","-","-","-","-","-","-","-","-","-","-","-","-","-","-","0.000","0.000","0.000","0.000","0.000","0.000","0.000","0.000"
"Peter Lynch Fair Value (per share)","-","-","-","-","-","-","-","-","-","-","-","-","-","-","-","-","-","-","-","0.000","0.000","","-","-","-","-","-","-","-","-","-","-","-","-","-","-","-","-","-","-","-","-","-","-","-","-","-","-","-","-","-","-","-","-","-","-","-","-","-","-","-","-","-","-","-","-","-","-","-","-","-","-","-","-","-","-","-","-","-","-","-","-","-","-","-","-","-","-","-","-","-","-","-","-","0.000","0.000","0.000","0.000","0.000","0.000","0.000","0.000"
"Graham Number (per share)","-","-","-","-","-","-","-","-","-","-","-","-","-","-","-","-","-","-","-","0.000","0.000","","-","-","-","-","-","-","-","-","-","-","-","-","-","-","-","-","-","-","-","-","-","-","-","-","-","-","-","-","-","-","-","-","-","-","-","-","-","-","-","-","-","-","-","-","-","-","-","-","-","-","-","-","-","-","-","-","-","-","-","-","-","-","-","-","-","-","-","-","-","-","-","-","0.000","0.000","0.000","0.000","0.000","0.000","0.000","0.000"
"Earnings Power Value (EPV)","-","-","-","-","-","-","-","-","-","-","-","-","-","-","-","-","-","-","-","0.000","0.000","","-","-","-","-","-","-","-","-","-","-","-","-","-","-","-","-","-","-","-","-","-","-","-","-","-","-","-","-","-","-","-","-","-","-","-","-","-","-","-","-","-","-","-","-","-","-","-","-","-","-","-","-","-","-","-","-","-","-","-","-","-","-","-","-","-","-","-","-","-","-","-","-","0.000","0.000","0.000","0.000","0.000","0.000","0.000","0.000"
"Altman Z-Score","-","-","-","-","-","-","-","-","-","-","-","-","-","-","-","-","-","-","-","0.780","0.040","","-","-","-","-","-","-","-","-","-","-","-","-","-","-","-","-","-","-","-","-","-","-","-","-","-","-","-","-","-","-","-","-","-","-","-","-","-","-","-","-","-","-","-","-","-","-","-","-","-","-","-","-","-","-","-","-","-","-","-","-","-","-","-","-","-","-","-","-","-","-","-","-","0.000","0.000","0.000","0.000","0.780","0.830","0.750","0.620"
"Piotroski F-Score","-","-","-","-","-","-","-","-","-","-","-","-","-","-","-","-","-","-","-","0.000","0.000","","-","-","-","-","-","-","-","-","-","-","-","-","-","-","-","-","-","-","-","-","-","-","-","-","-","-","-","-","-","-","-","-","-","-","-","-","-","-","-","-","-","-","-","-","-","-","-","-","-","-","-","-","-","-","-","-","-","-","-","-","-","-","-","-","-","-","-","-","-","-","-","-","0.000","0.000","0.000","0.000","0.000","0.000","0.000","0.000"
"Beneish M-Score","-","-","-","-","-","-","-","-","-","-","-","-","-","-","-","-","-","-","-","0.000","0.000","","-","-","-","-","-","-","-","-","-","-","-","-","-","-","-","-","-","-","-","-","-","-","-","-","-","-","-","-","-","-","-","-","-","-","-","-","-","-","-","-","-","-","-","-","-","-","-","-","-","-","-","-","-","-","-","-","-","-","-","-","-","-","-","-","-","-","-","-","-","-","-","-","0.000","0.000","0.000","0.000","0.000","0.000","0.000","0.000"
"Scaled Net Operating Assets","-","-","-","-","-","-","-","-","-","-","-","-","-","-","-","-","-","-","-","0.057","0.061","","-","-","-","-","-","-","-","-","-","-","-","-","-","-","-","-","-","-","-","-","-","-","-","-","-","-","-","-","-","-","-","-","-","-","-","-","-","-","-","-","-","-","-","-","-","-","-","-","-","-","-","-","-","-","-","-","-","-","-","-","-","-","-","-","-","-","-","-","-","-","-","-","-0.038","0.154","37.289","0.057","0.057","0.058","0.061","0.061"
"Sloan Ratio (%)","-","-","-","-","-","-","-","-","-","-","-","-","-","-","-","-","-","-","-","99.520","-2.300","","-","-","-","-","-","-","-","-","-","-","-","-","-","-","-","-","-","-","-","-","-","-","-","-","-","-","-","-","-","-","-","-","-","-","-","-","-","-","-","-","-","-","-","-","-","-","-","-","-","-","-","-","-","-","-","-","-","-","-","-","-","-","-","-","-","-","-","-","-","-","-","-","0.000","0.000","0.000","0.000","0.200","-0.070","-0.960","-2.300"
"Current Ratio","-","-","-","-","-","-","-","-","-","-","-","-","-","-","-","-","-","-","-","0.190","0.040","","-","-","-","-","-","-","-","-","-","-","-","-","-","-","-","-","-","-","-","-","-","-","-","-","-","-","-","-","-","-","-","-","-","-","-","-","-","-","-","-","-","-","-","-","-","-","-","-","-","-","-","-","-","-","-","-","-","-","-","-","-","-","-","-","-","-","-","-","-","-","-","-","0.450","0.100","0.280","0.220","0.190","1.560","0.450","0.040"
"Quick Ratio","-","-","-","-","-","-","-","-","-","-","-","-","-","-","-","-","-","-","-","0.190","0.040","","-","-","-","-","-","-","-","-","-","-","-","-","-","-","-","-","-","-","-","-","-","-","-","-","-","-","-","-","-","-","-","-","-","-","-","-","-","-","-","-","-","-","-","-","-","-","-","-","-","-","-","-","-","-","-","-","-","-","-","-","-","-","-","-","-","-","-","-","-","-","-","-","0.450","0.100","0.280","0.220","0.190","1.560","0.450","0.040"
"Highest Stock Price","-","-","-","-","-","-","-","-","-","-","-","-","-","-","-","-","-","-","-","10.370","12.250","","-","-","-","-","-","-","-","-","-","-","-","-","-","-","-","-","-","-","-","-","-","-","-","-","-","-","-","-","-","-","-","-","-","-","-","-","-","-","-","-","-","-","-","-","-","-","-","-","-","-","-","-","-","-","-","-","-","-","-","-","-","-","-","-","-","-","-","-","-","-","-","-","0.000","0.000","10.400","10.230","10.370","10.450","10.450","10.500"
"Lowest Stock Price","-","-","-","-","-","-","-","-","-","-","-","-","-","-","-","-","-","-","-","0.000","7.600","","-","-","-","-","-","-","-","-","-","-","-","-","-","-","-","-","-","-","-","-","-","-","-","-","-","-","-","-","-","-","-","-","-","-","-","-","-","-","-","-","-","-","-","-","-","-","-","-","-","-","-","-","-","-","-","-","-","-","-","-","-","-","-","-","-","-","-","-","-","-","-","-","0.000","0.000","10.060","10.150","10.100","10.070","10.260","10.020"
"Shares Buyback Ratio (%)","","","","","","","","","","","","","","","","","","","","","0.000","","-","-","-","-","-","-","-","-","-","-","-","-","-","-","-","-","-","-","-","-","-","-","-","-","-","-","-","-","-","-","-","-","-","-","-","-","-","-","-","-","-","-","-","-","-","-","-","-","-","-","-","-","-","-","-","-","-","-","-","-","-","-","-","-","-","-","-","-","-","-","-","-","0.000","0.000","-2.470","0.000","0.000","0.000","0.000","0.000"
"YoY Rev. per Sh. Growth (%)","","","","","","","","","","","","","","","","","","","","","","","","","","","","","","","","","","","","","","","","","","","","","","","","","","","","","","","","","","","","","","","","","","","","","","","","","","","","","","","","","","","","","","","","","","","","","","","","","","","","","",""
"YoY EPS Growth (%)","","","","","","","","","","","","","","","","","","","","","-1,925.00","","-","-","-","-","-","-","-","-","-","-","-","-","-","-","-","-","-","-","-","-","-","-","-","-","-","-","-","-","-","-","-","-","-","-","-","-","-","-","-","-","-","-","-","-","-","-","-","-","-","-","-","-","-","-","-","-","-","-","-","-","-","-","-","-","-","-","-","-","-","-","-","-","0.000","0.000","0.000","0.000","0.000","0.000","-1,600.000","-1,650.000"
"YoY EBITDA Growth (%)","","","","","","","","","","","","","","","","","","","","","-1,472.22","","-","-","-","-","-","-","-","-","-","-","-","-","-","-","-","-","-","-","-","-","-","-","-","-","-","-","-","-","-","-","-","-","-","-","-","-","-","-","-","-","-","-","-","-","-","-","-","-","-","-","-","-","-","-","-","-","-","-","-","-","-","-","-","-","-","-","-","-","-","-","-","-","0.000","0.000","0.000","0.000","0.000","0.000","-1,336.000","-1,148.280"
"EBITDA 5-Y Growth (%)","-","-","-","-","-","-","-","-","-","-","-","-","-","-","-","-","-","-","-","0.000","0.000","","-","-","-","-","-","-","-","-","-","-","-","-","-","-","-","-","-","-","-","-","-","-","-","-","-","-","-","-","-","-","-","-","-","-","-","-","-","-","-","-","-","-","-","-","-","-","-","-","-","-","-","-","-","-","-","-","-","-","-","-","-","-","-","-","-","-","-","-","-","-","-","-","0.000","0.000","0.000","0.000","0.000","0.000","0.000","0.000"
"Shares Outstanding (Basic Average)","-","-","-","-","-","-","-","-","-","-","-","-","-","-","-","-","-","-","-","2.902","3.533","","-","-","-","-","-","-","-","-","-","-","-","-","-","-","-","-","-","-","-","-","-","-","-","-","-","-","-","-","-","-","-","-","-","-","-","-","-","-","-","-","-","-","-","-","-","-","-","-","-","-","-","-","-","-","-","-","-","-","-","-","-","-","-","-","-","-","-","-","-","-","-","-","0.000","10.138","2.803","3.363","2.902","3.387","3.417","3.533"
"Shares Outstanding (EOP)","-","-","-","-","-","-","-","-","-","-","-","-","-","-","-","-","-","-","-","10.390","3.690","","-","-","-","-","-","-","-","-","-","-","-","-","-","-","-","-","-","-","-","-","-","-","-","-","-","-","-","-","-","-","-","-","-","-","-","-","-","-","-","-","-","-","-","-","-","-","-","-","-","-","-","-","-","-","-","-","-","-","-","-","-","-","-","-","-","-","-","-","-","-","-","-","10.140","10.140","10.390","10.390","10.390","10.390","10.390","10.390"
"Beta","-","-","-","-","-","-","-","-","-","-","-","-","-","-","-","-","-","-","-","0.000","0.000","","-","-","-","-","-","-","-","-","-","-","-","-","-","-","-","-","-","-","-","-","-","-","-","-","-","-","-","-","-","-","-","-","-","-","-","-","-","-","-","-","-","-","-","-","-","-","-","-","-","-","-","-","-","-","-","-","-","-","-","-","-","-","-","-","-","-","-","-","-","-","-","-","0.000","0.000","0.000","0.000","0.000","0.000","0.000","0.000"
"Filing Date","-","-","-","-","-","-","-","-","-","-","-","-","-","-","-","-","-","-","-","03/23/16","","","-","-","-","-","-","-","-","-","-","-","-","-","-","-","-","-","-","-","-","-","-","-","-","-","-","-","-","-","-","-","-","-","-","-","-","-","-","-","-","-","-","-","-","-","-","-","-","-","-","-","-","-","-","-","-","-","-","-","-","-","-","-","-","-","-","-","-","-","-","-","-","-","","06/12/15","07/31/15","10/28/15","03/23/16","05/13/16","08/03/16","11/14/16"
"Restated Filing Date","-","-","-","-","-","-","-","-","-","-","-","-","-","-","-","-","-","-","-","03/23/16","","","-","-","-","-","-","-","-","-","-","-","-","-","-","-","-","-","-","-","-","-","-","-","-","-","-","-","-","-","-","-","-","-","-","-","-","-","-","-","-","-","-","-","-","-","-","-","-","-","-","-","-","-","-","-","-","-","-","-","-","-","-","-","-","-","-","-","-","-","-","-","-","-","","05/13/16","08/03/16","11/14/16","03/23/16","05/13/16","08/03/16","11/14/16"
